"제발 학생들아 여기와서 쎈척,허세좀 부리지마라진짜 평점낮은 연령대가10대뿐이다 공포영화 보다가 웃었다고하면 누가 멋있어한대니?"
동남아산이라고 가벼운 마음으로 보았다간 큰 화를 당할것이야
진짜ㅋㅋㅋㅋ왠만하면 공포영화 조용히 보는데ㅋㅋㅋㅋㅋㅋㅋ 아오..ㅋㅋㅋㅋ 소리 꽥지르면서 앞 의자 발로 걷어참ㅋㅋㅋㅋㅋㅋㅋㅋㅋㅋㅋㅋㅋㅋㅋ셔터란 나에겐 그런영화....
내가 첨으로 소리 지르고 꺼버린영화 내용 스토리 그딴거 개나줘버리고 젤 무서웠음
이거보고잠이안온다
4년전인가 남자들 3명이서 dvd방에서 봤는데 오줌 지렷다 ㅋㅋㅋㅋ
컨저링 보다 무섭다 컨저링 보고 개실망하다가어릴때 귓구멍 틀어막고 실눈뜨고보던 기억이 나서 간만에다시 봤는데 진짜 무서워
정말 강간범들은 이렇게라도 벌받아야된다
리얼소름ㅋㅋㅋㅋㅋㅋㅋㅋㅋㅋㅋㅋㅋㅋㅋㅋ사다리충격...차타고 튀는데 셔터 터질때 리얼소름개멘붕ㅋㅋㅋㅋㅋㅋㅋㅋㅋㅋㅋㅋㅋㅋㅋㅋㅋㅋㅋㅋㅋ솔찍히 나온지 몇년이된 영환데 아직도 이정도 평이면 엄청난거 아닌가?ㅋㅋ무섭고 안무섭고는...
DSLR들고 사진 많이 찍는 커플에게 이 영화를 추천합니다.
나 근육질에 26살 싸움짱인데 이거 보고 놀라서 근육 파열될뻔 다못봤다
왜 우리나라는 태국만큼 공포영화를 만들지 못하는걸까..우리나라 공포영화도 좀 발전했으면 좋겠다..ㅠ
무서워? 안볼꺼임 ㅋㅋㅋㅋㅋㅋㅋㅋㅋㅋ
피가 난무하는 미국 공포영화보다 이런게 훨씬 더 무섭다!!!ㅎㄷㄷ
"셔터를 재밌게봤습니다. 이해 안가는부분은 처음이 교통사고로 여자를 뺑소니하게되는장면이 나오는데, 이부분은 영화줄거리에서 어떻게 연관이 되는건가요"
맞아 사다리 장면에서 놀라서 비명지름ㅋㅋㅋㅋㅋㅋㅋ와..벌써 본지가 몇년된 영화네
이영화를 보고 너무 무서워서 잊으려고 컨저링과 13고스트를 봤다.
죽은여자는 살아있을때도 귀신같이생겼노ㅡㅡㅋ 머리 가발같어
공포영화보면서 귀신응원하는건 또 첨이다
어느 영화보다 최고의 공포영화
컨저링보다 무섭고 재밌는데 평점이 왤케 낮지?
밤에 혼자보다 기절할뻔 함
왠만한 일본공포영화 다 씹어먹음
진짜 하 너무 무서워 5년만에 다시봐도 ..  진짜 셔터가갑이다
이게 7점대라고? 여태껏 본 공포영화중 원탑인데. 공포영화 수도 없이 많이 봤지만 무서워서 얼른 끝났으면 좋겠다고 생각한건 이 영화가 유일함. 일단 귀신 배우가 너무 기분 나쁘게 생김.. 공포영화의 본분을 생각한다면...
나름 무서운 거 잘 본다고 자부하던 사람인데 셔터에겐 패배했던 기억이. 무섭지 않았다고 말하는 사람들이 대단해 보였던 영화.
나트렐보다 나트렐 엄마가 더 섬뜩하던데 난
솔직히...목이 아니라 어깨가 아파야 되는거 아님?
단순히 무섭기도 하지만  슬퍼기도한 공포영화세상 모두가 억울한일없이 행복하게 살다가 나이들어서 죽었음좋겠다
무서워서 이거보다 내친구 똥쌋다....
이정도면 태국공포영화의 대표라고 할수있다
말이필요 없는 최고공포영화
솔직히 지금까지 이것보다 무서운 영화 보질 못했다..
진짜 무서움.. 그냥 소리로 깜짝 놀래키는  허접한 3류영화랑 차원이 다름..
하도 무섭대서 극장 가서 봤다 여자친구랑... 비명지르면서 의자위로 올라갔다 개쪽 팔렸다. 참고로 주온보면서 비명한번 안질러봤다. 죽을때까지 기억에 남을영화다. 내가 여태 살면서 본 공포영화중에 최고다.
진짜 무섭게 봤다. 마지막까지 장난이 아닌 영화. 태국 여행후에 보길 잘했다는 ㅠㅠ
"90분동안 긴장감을 조성하는게 최고임.시간 가는줄 몰랐다. 다만, 타이밍은 예상가능함"
나도... 스릴러+일본공포+한국공포+헐리웃공포....앤간한 공포영화보고 그렇게 무섭다고 느낀적이 없는데....와 근데...이영화 도대체 뭐냐....아...이영화보고 화장실을 못가겠다....후유증이 한달은 가는거 같다...
"아니...네이버 평점에 무섭다고 한 리뷰가 많고 이거 보고 안무섭다고 한 사람들 허세부리지 말라고 하는데, 진짜 장난안치고 존x안무서움 ㄹㅇ;; 초반에 분위기 좀 잡고 큰 효과음이랑 놀래키는 장면에서는 놀라긴 했는데..."
초딩떄 애들끼리 불끄고 다같이봤는데 그때집에혼자가기무서워서 친구집에서잤다 ㅠㅠ
종나무서워...귀신 분장 진짜 쩔어...ㅠㅜㅜㅠㅠ개무섭
이 영화가 왜 7점대 중반밖에 안 되는지 모르겠다? 쓸데없이 멋부리지 않고 고전적이면서도 진부하지 않고 관객에게 공포를 준다는 공포영화의 본래 역할에 충실한 영화다.
이거 쩔지.... 그때 봤었는데... 공포영화는 역시 동남아쪽이 잘만들어 ㅋㅋ
중딩때 봤는데... 공포 영화중 여운 top5안에듬.. 걍보셈 중학생 고등학생 필수
사다리씬 잊지 못한다...
개인적으로 평가보고 봤는데 그렇게 크게 무섭진않았음 나랑 공포코드가 안맞는건지.. 귀신은 확실히 굉장히 소름돋게생겼지만 스토리짜임과 내용이 무섭다기보단 화가나고 통쾌하고 했던것같음 확실히 볼만한 영화긴함.
몰입도와 공포는 최고다
지금까지 살면서 제일 진짜 제일 진짜 미치도록 무서웠던 영화 1위 ㅠㅠㅠ
공포영화잘보는 편인데 진심 밤에 무서워 죽을뻔.. 솔직히 무섭다기 보다는 여자귀신분이 그냥 너무 무섭게 생기셨음..
무서운 것보다는 가슴이 아프다는 생각이 많이 든다...
이 영화를 5번 보고나니 담력이 생겼습니다
불꺼놓고 혼자보셈ㄷㄷ..
시대를 막론하고 공포영화 원탑이라 생각함 스토리를 제외하고서라도 공포란 글자만으로도 너무나 충분하다15년이 지난 지금도 머리에 박혀있는 셔터 귀신....다시볼 자신이 없다
장례식치르고 영화끝난줄 알았는데 끝날때까지 끝난게 아니네.. 그리고 영화 진짜 잘만들었다고생각. 먼가 한국영화처럼 억지스럽지도않고 좀 자연스럽게 흘러감.. 진짜 성폭행범들이 저렇게 영화처럼 당해야됨 나쁜놈들
아오;;;;욕나게 무서움 남자인 내가 무서워서 처음으로 채널 잠시 딴데로 돌린 영화지금봐도 무서울까는 모름
으헣
몇년전이지만수련회가서 단체로봤는데..와..사운드빵빵해서 진짜무서웠다..
역시 공포영화는 태국이 갑~! 일본 공포는 분위기로 몰고 가고 미국영화는 고어로 몰고 가는데. 태국 영화는 그딴거 없고 그냥 혼비백산 ㅋㅋㅋ
공포영화로선 최고다 현재까지 따라올 수 있는 영화가없다
11년이 지난 지금 아직도 무섭다. 다시볼려고 다운받았는데 못틀고있다.
사실 영화는 별로 안무서움 귀신이 무섭다기보다는 불쌍해보임
이거보고나면 그냥 나머지공포영화는 귀엽지 꼭 소리키고보세요 국제영화제 음향상 받았음  사운드 예술임
내 인생 제일 무서운 영화. 요새 컨저링 등등 많이 나오는데 진짜 이거보단 못됨.
여주들만 불쌍 ㅠ 나쁜새키들하고 역여서 ㅠㅠ이유를 알고나니 무섭기보단 짠했고 귀신을 응원하고 있었음 지금 봐도 재밌음 !!!! 여름은 무서운 영화지~~
내가 아는 공포 영화 중 top3안에 든다.
아무생각없이 봤다가 오금저렸다 ㅋㅋ 근래 영화보다 훨씬 무섭다 이거보고 잠못잠
ㅎㄷㄷ...
컨저링이고나발이고 내 인생공포영화임 귀신존나무섭게나옴ㅜ 스토리가탄탄해서 몰입된 상태서 귀신넘나무서워ㅜ
내 인생 최고의 공포영화 이보다 더 무서운 영화는 본적이 없다
공포영화 진짜 잘보는데 내 기준 1위 공포영화
한때 공포영화 새벽에 보기를 자주 했었고 뭐 대부분의 공포영화들이 그저 그랬다. 그러다가 셔터를 봤는데...중간에 불을 한번 켰다..다 볼까 말까? 고민하고 불을 끄고 영화를 다 보고나서 다시 불을 켰다...이게 공...
내인생 역대최고의 공포영화공포마니아라서 정말 여러영화를 접했지만이만큼 무섭게 연출한 영화는 다시 나오기 힘들듯..
중딩때 봤는데 무서워서 진짜 다시보기 싫을정도 ㅋㅋㅋ
개무섭다 ㅅㅂ 소름돋고 지릴뻔
더운 여름에 공포영화검색하다 동남아라 가볍게 봤다가 똥쌋다 시..벌
26분 35초쯤에 나오는 안경쓴 양반...! 오른쪽 콧구멍의 콧털을 뽑아주고 싶다...ㅠ  은색으로 반짝거리는게 자꾸 생각나요...ㅠㅠㅋ
연출미쳤다... 태국 다시봤다..
내용도 훌룡하고 귀신 연출과 연기도 뛰어나다 한국의 쓰레기 공포영화 만든 감독들은 본 받아야한다
군대에서  단체로  보다가 다들   근무 못나간다고햇던 기억난다 ㅋㅋ개지리고  뒤로자빠지고   이거튼  후임   기억에서  사라질때까지  갈굼당함
이거 보고싶은데 유튜브에도 네이버에도 없네 어디서보냐ㅠㅠ
어깨위에 올라 타고 있을 때ㅜ진짜 소~~~~름
컨저링 애나벨 저리 가라 할 정도
"남자 주인공 인성이 갸쓰레기라 빨리 죽었으면..하던 영화, 주인공이 빨리 죽길 바란 공포영화는 처음인듯 아오 쓰레기 같은 색..흠흠  영화 자체는 굿굿"
셔터 재개봉해주세요ㅠㅠ
애나벨보고 나니 제 인생공포영화인 셔터가 생각나서 검색해봅니다. 진짜 너무너무 무섭고 재밌는영화예요!!
별로라고 생각하면서 봤는데 컨저링 보고 오니 이 영화가 잘만들었네 ㅋㅋ
끈적한 느낌의 공포영화...점부터 끝까지 영화의 분위기가 일관되게 흘러가지만 전혀 지루하지 않았음. 여름에 봐야 제대로 느낄수 있다
음향효과는 구리다는 느낌을 받았다. 하지만 심장은 쫄깃했다 ㅎ
지릴뻔.OO지릴뻔
깜놀이 많음=무서움
제가 본 공포영화 중 최고였음...
평점 주려고 일부러 로긴했다. 무섭기도 한데 더욱 놀라우건 전개가 상당히 매끄럽고 완성도 또한 완벽에 가깝다. 굉장한 수작이라 생각한다.
이 영화때문에 공포영화 끊음...ㄷㄷㄷㄷ
아시아에서 탑으로 뽑는 공포영화라고 칭하고싶을정도로 진짜 무서운거 잘보는 사람도 이거 잘 못본다 ㅋㅋㅋ
와 살면서 이렇게 소름돋는 영화 처음보네요 정말 강추합니다;;
무서운 연출은 없는데  소름끼치는 장면은 여럿있다.  잠은 푹 잠^^
아직까지도 보기 두려운 공포영화중 하나이다
엄청 무섭다고 소문난 영화라 기대하고 봤는데 자극적인 귀신분장 빼고는 솔직히 별로 안 무서웠다. 오늘은 엄마랑 자야겠다.
dvd방에서 보다가 여자친구 거의 기절함
기저귀10개준비하고보삼
진정한 공포. 한마디로 최고.
진짜 이건 인정. 보다 짜증날 정도로 무서웠음. 영화관에서 보면서 개후회함. 아직도 이걸 넘는 공포영화는 못봤음
컨저링 1 2 편 전부 혼자봐도 볼만했는데 이건 도저히 혼자 못봄 ㄷㄷ
무섭다 무서워. 한동안 태국말만 들어도 무서웠었다. 아! 귀신 캐스팅을 참 잘했다. 살아있을때도 귀신같아...
이걸 영화관에서 봤어야했는데..
하 영화 더럽네 주온보다 더 더러운영화는 오랜만이다
스스로 영화 좀 봤다고 생각하는사람인데  이 영화 상다히 수작이다.
상투적인 스토리지만 연출은 기가막힘
"나중에 귀신을 응원하게 되는 영화명대사는 화장실에서 ""끝나고 하자"""
귀신자체만으로도 주온을능가하는 영화지 ㅇㅇ
내가아는최고의공포영화 난 친구들이 공포영화추천해달라하면 무조건이거추천
짱 무서워여염.....
무섭다ㅠㅠ
소리 막 지르면서 봤어요....  심장 떨리네용....
고딩때봤는데 보다 책상발로참 개무섭...
"공포영화 평점 공통적인 특징: 안무서운데?,이게 뭐가 무서움 지겨운데ㅋㅋ 꼭 뭐만하면 뽐내기 좋아하는 찌질이들 살면서 제일잘한게 공포영화보고 안무서운거라서 꼭 모든사람들에게 난 안무섭다고 말해야됨ㅋㅋ"
역대급 공포입니다....와....
"학교에서 보고 죽을뻔,,,,ㅠㅠ"
태어나서 유일하게 무섭게 본 영화...짱..
무서워 짜증나ㅜㅜ 무섭다고 무서위
무서운 영화 좋아하는 사람은 무난하게 즐길 수 있겠다. 개인적으로 컨저링보다 낫다
탄~ 밖에 생각이 안난다.
이 영화가 무서운 이유는 귀신 역을 맡은 배우의 분장이 너무 무서움 진짜 귀신 얼굴 하나로 먹고 들어가는 영화
안무서움 그니깐 안본사람들도 꼭보고 지려라
공포영화 마니아인데 OO만에 다시봐도 상당히 수작임... 귀신이 너무 정의로워서 귀신을 응원하게 되지만 연출이 진짜 미침... 이 영화는 후반10분이 진짜다
공포영화중 손에 꼽음 사다리씬은 7년이 지나도 잊히질않더라
고3때 개봉해서 비디오로 본영화인데 지금와서봐도 태국역사상 가장 최고의 명작 공포영화라고생각한다 스토리완벽 공포완벽 태국최고의 공포영화
평소에 공포영화 즐겨보는데... 이건 소름돋네요.. 뭐 이딴식으로 무섭고 ㅈㄹ이야 십앵 진짜
개인적으로 공포영화 투탑은 주온이랑 셔터 입니다.. 간만에 생각나서 다시 봤는데.. 무서워서 마구마구 넘기면서 봤어요 ㅜ 하..  이시간에 왜 봤을까.. 차 달리던 씬과 목마씬은 알고도 긴장되고 또 무서웠어요 ㅜ
이 영화의 장면들은 아직도 머리속에서 생생히 기억남... 이게 진짜 공포 영화다
셔터..여태까지 본 공포영화중에 제일 무서웠음
조낸무서움 암실 계단 사다리 ㄷㄷ
사람들이 하도 무섭다길래 에이 얼마나 무섭겠어?하고 봤는데 이건 진짜 말이 안나오더라 손발에 식은땀나고 영화 끝나고도 계속 생각나서 밤에 잠을 잘못잠;; 내인생최고로 무서운 영화는 셔터고 스토리 포함한 공포영화 최고...
"더 웹툰;예고살인 보기 전에봤던 영환데 상당히 괜찮았음 본래 8점을 줄려했으나 핸드폰에 8,9가 안눌러져서 그냥 10점"
올 ㅋ 굿
"태국공포영화=셔터,셔터=태국공포영화. 아놔 이거 최강입니다.공포영화 하면 이건 무조건 봐양함.!!!!! 개 쩔어 개 무서움.!!!!!!!!!!!!"
유일하게 공포를 느낀 공포영화
"공포영화만 2000편 본 사람입니다. 제가 볼 만하다면 진짜 볼 만한 겁니다. 이 영화 볼 만합니다. 리뷰 보지 마시고, 밤에 불끄고 그냥 보세요."
개무서워 목 나가는줄알았네 ..
아직까지 이보다 무서운 동양스타일의 공포영화를 본적이 없다
공포영화는 불 켜놓고 친구들하고 오손도손 마주앉아 나불대며 보고 안무섭네 어쩌네 까부는거 아닙니다
현재까지 본 공포영화중 가장 무서운 공포영화.
젤 무섭게 본 영화가 디아이랑 셔터공포는 태국영화지
2005년 처음 보고 벌써 15년이 지났는데아직도 나에게 가장 무서웠던 영화 탑임 ㅜㅜ가끔 자기전에 생각나서 무서움 ㅠㅠ내 기억에서 잊어져줘라 제발
다시봐도 무서워 ㅠㅠ....
내 생애 가장 무서운영화...ㄷㄷ
"ㅅㅂ욕나온다, 존나 무서워서..."
아시아권 공포 영화중 단연 으뜸인듯 제일 무서웠던 작품
애들 장난쯤의 공포인 줄 알았지만 오산이었다.
호러영화중 5손가락 안에들정도로 공포스러움. 이게 평점이 왜 이렇지. 이해불가.
철사다리타고 올라오는 귀신을 아직도 잊을 수 없다.
평점이 7점대라니 말도 안돼.
무섭다길래 궁금해서 봤다가 부엉이가 돼버렸습니다. 후유증이 한달 가는거 같은데 치료법있나요
스토리 무시하고 무서운 영화 찾으면 이게 정답. 엄청 비주얼이 무서워요.  기승전 그냥 무서워요. 완성도와 시나리오도 중요시 하는분이라면 글쎄....
갠적으로 한국공포영화 알포인트와 함께 내생애 공포영화 투탑
지금까지본 공포영화중 탑3안에 포함
아직도 난 이 영화 결말을 모름
제일ㅄ같은부심 1술부심 '취했냐? 취했네 ㅋㅋ 난 괜찮은데' 2매운거부심 '야 이게 뭐가 맵냐 하나도 안 맵구만 ㅋㅋ' 3공포부심 '무섭긴 뭐가 무섭냐 ㅋㅋㅋ 난 웃긴데?'...
8살때 봐서 그런가 아직도 무섭내;;
무서운건 잘 모르겠지만 너무 억지스러운 공포영화가 많아서 이정도면 괜찮은 편인것 같음 그리고 주인공 잡놈은 동정해줄 가치가 없는데 여자친구가 불쌍하다
내가 본 공포영화 중 무서움으로 치자면 딴영화 개쳐바를 영화  기대안하고봐서  더무서웠던 영화
킬링타임용으로 적합. 귀신이 나오는 장면은 뻔하지만 소리와 비주얼 때문에 알고도 놀란다 ㅋㅋ 처녀귀신물에서 셔터만큼 독보적인 영화도 드물다.
마지막 장면과 반전이 제일 기억에 남음
무서움걍 앗
DVD방 알바할때 여자3분이 무서운 공포영화 추천해달라해서 이거 틀어줬다가 30분만에 무섭다고 다 뛰쳐놔와서 결국 멜로영화로 바꿔줬던 기억이 나네요ㄷㄷ
공포영화중 가장 무섭게 봤음
어째 동남아 영화가 더 무섭냐.
사다리 장면과 마지막 장면은 진짜 인상깊었지
중1때 학교에서 도덕쌤이 보여줫는데 여러명이 울엇다
평점 왜 이러징 ㅠㅠ원래 인터넷 댓글도 잘 안쓰는데 이건 10점을 주기 위해 글을 쓴다..!
벌써 이 영화 본지 10년 정도 됀거 같은데... 다시 보기  고민되는 영화.. 내용은 구체적으로 생각 안나도 그 느낌이..으으
와.. 진짜 무서운 영화다 요즘 공포영화랑은 급이 다르네
명성에 비해 부족한 공포
당신은 영원히 날 떠나지못하지.. 내 원한이 풀릴때까지 말이야
역대 최고의 공포영화 TOP3 안에 들어갑니다
아우 영화관에서 봤으면 쌌을듯..
이거 수학여행가서 봤었는데 갑자기 창문커튼에 소리나서  펜션 1층에 내려왔던 기억이..
이영화를 총 두번 봤는데 또 보기가 두려운 영화는 처음이다
갠적으로 주온 오리지널이고 나발이고 셔터가 공포영화 원탑임.. 무엇보다 아직도 귀신얼굴이 안잊혀진다 본지가 10년이 다되가는데.. 진짜 별 공포영화 다봤는데 귀신 젤 무서운게 1위 셔터 / 2위 기담.. ㅋㅋㅋ
태어나서제일무섭게본영화
안무섭다는 사람 쎈척하지말라고 개무서운데 왜 구지여기서 쎈척하냐고했던사람 리뷰보고 기대하고봤는데...깜짝깜짝만 많지 대체 뭐가 무섭다는건지모르겠음 너무 뻔하고뻔하고 결말도 그냥 그렇고그냥 애나벨이나 컨저링 한번 더 ...
정말 무서운 영화입니다 엄청난 연출과 소름돋는 배우들의 연기력... 두 눈 똑바로 뜨고 보기엔 너무 무서워서 영화 보는 내내 실눈 상태를 유지하고 말았네요 ㅠ 날씨가 더워지고 있는 요즈음 영화 '셔터'...
영화 말고도 살면서 겪어본 모든 것들중에 가장 무서움.
관객을 긴장시키는 모든 장면들이 모두 예상 가능하고 뻔해서 ㅎㅎ 머야 안무섭네 하면서 팝콘이나 먹다가 극장에서 집에 어떻게 왔는지 기억이 안나는 영화였습니다...저도 일행도 모두 영화 본날 밤 잠을 못잤다는...
공포영화 중의 명작이네요. 디비디방에서 소리 겁나 지르면서 보고왔습니다 ㅋㅋ
2004년도 공포영화지만 2020년 공포영화를 압도한다. 동남아 영화라는 편견만 없음 공포수작 감상한다. 향후 할리우드에서 리메이크 제작해서 개봉하면 대박터질듯하다.
귀신공포도 무섭지만 인간이 무서운 영화 ....귀신 이 꼭 강강 범들 처벌해주면 좋을듯  마지막 주인공 에게 진정한복수를 하네 죽지도 못하고 평생 마지막처럼 지내야함 ㅋㅋㅋ 주인공 진짜 나쁜넘이네 진짜 나쁜넘 답게 ...
다시보기몇번시도햇으나 못봄 너무무서움ㅡㅡ
무서운영화 못보는데진짜 소리지르면서 본영화 간만인듯심장이벌렁벌렁
아 진짜 너무 무섭다. 밤에 보지말고 낮에 보길 바람 ㅋ낮에 불 전부 켜놓고 봐도 깜짝깜짝 놀라는건 어쩔 수 없다.공포영화은데 스토리 탄탄함.
중학교 수련회때 담력테스트 한답시고 대기하면서 강당인가 거기서 이거보여줫는데 후유증이 강한영화 임팩트가 강햇음 여자귀신..이거보고 갑툭튀를 알게함태국영화라고 얖보다가 클난다
쩝니다.
중2때 밤에 KBS에서 틀어주던 셔터보려다가 잠들어서 못보고오늘에서야 봤는데 태국도 공포영화 잘 만드네 굿굿!
"그 사람을 사랑했던 안했던 성폭행을 방관하는건 아니지않나ㅋㅋ 보는내내 무서우면서도 화가났던 영화... ""입막음용으로 사진좀 찍어줘!""=니가 찍는순간 니도 공범임 ""나 니친구야!""= 그렇게..."
안 봤으나 댓글보고 평점 5개 10점 무서워서 못 벌 거 뻔 함 그냥 무서워 댓글만 봐도
후 스토리는 평범한데도 공포영화 트라우마 생김ㅋㅋㅋㅋ
나  무서워서 아직도 끝까지 못봤다
소재나 전개과정이 볼 만한 공포영화였음.밤에 혼자 보는걸루 추천.
초딩때 이거 보고 며칠동안은 도저히 어두운 곳에 못 갔던 기억이ㅋㅋㅋ 거의 일주일은 엄마랑 잤음 내 기준 최고의 공포영화.. 가리고 봤는데도 진짜 개 무서웠다
이 영화 개봉기준인 04.05년도에 봤다면 개무서워 ㄷㄷ 했을지도 모르는영화...  늦게 봐버리는 바람에 지금기준으론 잘모르겠음... 처음에 엄청긴장하고봤는데 그냥 그냥 봤음... 이제와서 보면 너무 뻔한 타이밍 뭐...
일자목 있는사람들이 무서워할 영화
아직까지 이걸 뛰어넘는 공포영화는 못본것 같다. 잠깐 잠깐 놀라게 하는것도 남발하지 않고 분위기로 몰아가는 감독의 실력이 일품. 마지막 장면을  떠올리면 아직도 어깨부근이 서늘해진다.
깜짝 깜짝 놀라는거말고는 그닥이엇음
진짜 스릴 넘치고 계속 긴장을 놓치지 않고 봤어요. 허리가 아팠는데 아픔이 싹 가실 정도로 오싹했네요. 최근 본 공포영화중에 가장 무섭고 스릴있었어요. 만약 중요한 일이 있는데 이 영화를 보고 싶다면 중요한 일을 포...
무섭다;; 공포영화 진짜 몇개빼곤 불끄고 보는데 이건 생긴것도 그렇고 제대로 못보겠음.... 하... 내가 이렇게 공포영화를 못봤었나....
"Oh my.... 나 고등학교1학년..그러니까 10년전에 나온 영화인데 학교에서 틀어준적이있어서 다 안다고 생각하고 봤는데 레알 교감신경 흥분하여 소름 세번이상 돋음.저에겐 전개와 내용 시각,청각 까지 모두완벽한 최..."
얼마나 무섭겠어..ㅋㅋ 했다가.. 진짜 무서웠다.. 생각외로 꽤 재밌었음
이태껏 본 공포 영화 중에 제일 재밌었다
"아 진짜.,. 짜증날정도로 분장 너무 무섭다 진짜.. 아우씨. 한을 품고 죽으면 저래 되나."
공포 영화중 최고다 진짜...
솔직히 그시대때는 괜찮았다 하지만 지금 보면 정말 아닌듯싶다.
2005년에 봤는데 마지막 장면 아직도 기억남.. 너무 무서워서 짜증났던 영화ㅜㅜ
이렇게 평점 높을줄은 생각도 못했는데..
아마 내가본 영화중에 가장 무서웠던것 같다.
무섭긴하네요....그리고 ..화장실에서 휴지빌릴때 ㅋㅋ웃었음
5.1헤드폰 쓰고 새벽 2시에 봤는데 심장 터지는줄 알았음..ㅈㅈ
20점주고싶다. 공포영화가 이정도는 되야지. 진짜최고!
자신이진짜 공포영화잘본다 or극한의 무서움을 느끼고싶다 는 사람새벽에 불 다꺼놓고 혼자보셈 소리 풀full로하고 나 최근에 시도하다가 한달에가위 2번눌림....
"깐풍기에 맥주 마시면서 봤는데, 처음에만 무섭고 중간 부터는 지루함. 그러다 깐풍기 다 먹고 남은 매운 고추 씹다가 혓바닥 따가워서 공포고 나발이고 물만 주구장창 마셨음. 혓바닥 아프니깐 공포음악 소리도 무섭기 보단..."
48분만 참으면 무서운 영화 48분부터 갈수록무서워지네요 48분동안만 참으면...공포를 볼 수 있습니다 48분내내 사진 혼령사진혼령타령만하다 뒷부분 갑툭튀 놀램을 선사 갑툭튀말곤뭐별거없다 갑자기나오면무조건무섭지~  ...
영화 보는 내내 뭐.. 좀 그래... 하면서 지루 했다. 보고 나서 혼자 샤워하는데 갑자기 문이 쿵 하는 소리에 혼자 혼비백산 ㅋㅋ
내가 본 공포 영화중 최고다
20년 동안 수많은 공포영화를 섭렵했지만 내 기억에 가장 강렬히 기억에 남아있는 게 주온 비디오판이랑 셔터 이거였다.. 이 두 작품은 두 번 보기가 두려운 영화다..  근데 셔터 직전에 주온 비디오판으로 어느 정도 ...
헤드셋 끼고 보다 차 도주씬에서 헤드셋 던져버렷다
지려버렷네여... 여자친구랑봤는데 영화보는내내 눈가리고봤어오...ㅜㅜㅜㅜ
보고 나서 한동안 어깨가 무거웠다.
내생에 가장 무서운 공포영화는 주온이랑 셔터ㅠㅠ 내용은 흐릿하지만 두 귀신은 10년이 지난 지금도 생생하게 기억남 진짜 포스터만봐도 소름 다시 보라해도 못봄..
평소에 공포영화 잘 보는데.. 이건 정말 무섭게 봤다 ㅡㅡ 특히 여자 귀신이.. 그냥 무섭다;;
심장만 놀라고 몸은 그대로여태까지본것중에서 가장무서웠고 집에 가는데 어깨에 뭐가 얹힌건처럼 무거웠어요
태국 영화의 재발견. 무섭고 짜릿하다.
컨저링이 무섭다니 ㅋㅋ 영상미가 무서워야지 먼 스토리 타령은
주인공 남자 올랜도블룸닮았어ㅋㅋㅋ
더 이상 평론할께 없는 공포영화 시각적 심리적 으로 다가오는 공포가ㄷㄷ이거 집에서 혼술하면서 봤는데 너무 무서워서 몇번을 뒤돌아보게 한 영화
"공포영화 즐겨보는분들은 정말 진부하고 지루할거에요...주온,그루지,링 비슷한류 공포영화는..거기서..거기"
무서운 게 아니라 열 받아서 끔찍했던 영화! 폭염에 추워질려고 봤는데 더 열이 올랐다~ 역대 핵폭탄급 찌질이 남자주인공과 악마친구들... 영화 아니었음 귀신이 아니라 내 손에 죽었다!
졸라지루함 ㅡㅡ 긁적긁적
3달 동안 후유증 생긴다고 해서 여자 4명이서 봤는데 1명 빼고 다 잠. 나도 잠. 켁! 넘 노잼!
공포는 이런게 공포지.. 미국공포물은 공포도 아
이게 몇년이 지난 영화인데 그때 당시엔 진짜 충격적으로 무서운 영화였다..0
귀신보면 오줌이 자동으로 나와기저귀 차고보셈
이거 중딩때 봤었는데... 그 마지막... 젤 소름이였죠...
30년 인생 이거보다 무서운 영화 본적이 없음
전... 셔터를 본 후 공포 영화를 아예 보지 않아요제 인생은 셔터 전과 후로 나눌 정도로;;;;지금은 10년이 더 지나서 다시보면 안 무서울수도 있지만 태국 아시아 특유의그 무드 자체만으로 무서워요;;;랑종 예고편...
남주 OOO... 귀신 응원하면서 공포영화보긴 처음이다
진짜 무서웠어요 ㅠ 태국 영화는 처음 보는데 이런 고급진 공포 영화로 접하게 되어서 정말 재미있게 잘 봤어요 친구들이랑 보는데 마지막에는 무서워서 다들 할 말을 잃었어요... 정말 최고의 영화 이런 여름 밤에 보면 ...
링 이후 최고의 공포영화.
우선 스토리는 일반 영화랑 비슷하게 짜여져 있다고 봅니다. 하지만 주관적으로 연출을 뛰어나게 잘했습니다. 우선 귀신이 나오기 전에 공포 분위기 조성 나왔을때 누구도 예상 못하는 곳에서 튀어나오고 귀신이 사다리 타며 ...
저 시절 대학교에서 사진전공하고 있었어요.와 사진관련 공포영화란다~ 보자보자!!  동기들이랑 자취방에서 심야공포영화상영회를 열었고...저 영화 이후로 상영회는 더이상 열리지 않았습니다ㅋㅋ일본이나 해외 공포영화는 뭔가...
이거 다운 좀 되게 해주세요
친숙함에 호불호가 있겠으나 결과적으로는 만족
솔직히 그렇게 무섭진 않은데..  예상한대로 다 나와서 그런가
공포 장르를 차치하고도 보이는 훌륭한 연출력
지금까지 공포영화 최고봉은 일본 공포물인줄 알았는데 이제 바뀜. 태국 공포물이 진성임. 개무서움 ㄷㄷㄷ
여자귀신 너무 무섭게 생김....
스토리 좋고 공포영화의 최고봉 공포 좋아하지만 이건 너무 무섭잖어 완전 소름 강추
진짜 보는내내 손에 땀남;;
.. 그냥 귀신그자체.... 나ㄸㄹ..
이 영화의 주인공과 친구새끼들이 디져야 할 이유를 모르고 본다면 무섭고 이유를 알고 본다면 언제 디질 지 기대하면서 보게 된다. 아쉬운 점은 주변인 물들이 빠른 진행으로 너무 간단하게 죽어나간다는 점.
"스토리는 평범한 편이고 반전도 특별하지는 않지만, 공포감을 불러일으키는 연출이 뛰어나다. 소재가 식상하다고 느낄 수 있지만 15년 전의 공포영화라는 점을 생각하면 수준이 높은 편."
그리 무섭지는 않고 유치하기까지 한 구석이 있지만 마지막 장면 때문에 영화가 살았다.
8점이 적당합니다 재밋음
공포물을 많이 봤다면 뻔한 전개임을 알고 예측이 되긴하겠지만  그럼에도 불구하고 놀라게 만드는 영화.  안본 분들은 불끄고 조용히 감상해보시길
지금보면 클리세 덩어리지만 연출이 좋았다. 그래서 생소한 태국 영화에 공포 장르임에도 유명해진 것 아닐까 싶었다.
이거본뒤로 공포영화 안보게됨. 후덜덜
분명 예상되는 장면에서 예상된 공포를 주는데도 불구하고 이 영화가 정말 무서운 것은 감독의 연출력때문이 아닐까 싶다.
무서워...ㅎㄷㄷㄷ
보다가 중간에 꺼버린영화.. 밤에혼자보샘..
고등학생때 이 영화를 본 뒤로 귀신이라면 치를 떤다 귀신영화는 특히..사진에 찍힌 귀신 고개 돌리는 장면이 안잊혀진다
마지막 장면은 괜찮았지만 달려가는 여정은 진부하다
이거 진짜 너무 무서워ㅠㅠ
여태본 영화들과는 무언가가 확실히 달랐다 ㅋㅋㅋ
오싹하면 된거지. 그게 공포영화지. 영화감독이 신도 아니고 모든 요소를 만족시켜주겠냐? 오싹하고 시각적으로 무서운 영화 보고싶으면 추천
공표영화 추천하라 그러면 주저없이 추천하는 영화입니다.이곳에 많이 언급되는 사다리 뿐 아니라 차량을 쫓아오는 그 씬은 정말이지...ㄷㄷㄷ
살면서 이렇게 무서웠던 영화는 없었던듯 ㅠㅠ 진짜 두번봐도 무섭고 세번봐도 무섭고 알면서 봐도 놀래고 ㅠㅠㅠㅠ
귀신이 나오는 타이밍이 딱 보이는데도 놀람 귀신이 넘 무섭게생겼어
와 ㅋㅋ 툭하면 눈 가려서 영화 보긴 했나 싶을정도 ㅋㅋ
초중반까지 좋게 가다가 막판에 아쉬웠음.
살면서 무서운영화중에 셔터가 가장 심장이 쫄깃하면서 무서웠음ㅋㅋ
웬만한건 다혼자보지만 이건 혼자 못보겠다..진짜 무서웠음
정말 재밋고 무섭긴 햇엇심리적으로도압박해오고 눈가리고싶어도 재밋어서 못가림
2번봐도 무섭더라 내가 봤던 공포영화중 가장 무서웠던영화 마지막장면 아직도 생각남
내가 이때 까지 본 공포영화중 완성도가 젤 높은것 같다. 공포영화에 충실한 공포영화
"공포영화라는 말에 맞게, 공포에 충실했던 영화.
이보다 무서운 영화가 있을까?"
"셔터를 최근에 들어서야 관람했는데,,, 우와-_- 공포영화 어지간히 본 나도 놀랐네요"
내가공포영화 너무 좋아하는데 셔터보고 기절하는줄 알았음ㅋㅋㅋ 주온보다 더 강력함
진짜....공포영화중 단연1위라고 말할수잇다!!! 스토리 사운드 영상 모두 공포엿다
"태어나서 본 공포영화중 최고, 4년전에 봤지만 잊혀지지 않는다."
"대박 무서움, 공포영화 매니아인데..보다가 무서워서 껐던 유일한 영화..."
내가 본 공포영화중 최고!! 4년전에 봤는데도 아직도 기억에 남는다.
무서울까봐 일부러 다른 일 하면서 슬쩍슬쩍 봤는데도 섬뜩하고 무섭다..;;;
공포영화 보고 눈감고 싶었던 적이 언제였던가? 오랜만에 떨리는 감정을 느꼈다..
익숙한 걸로 극한의 공포를 뽑아내는 자체가 비범한것
극장을 탈출하고 싶었다.
놀래서혀깨물뻔; 영화관에서본공포영화중에이렇게무서운거처음;;
귀신 무섭게 생겨서 존나 덜덜 떨었음. 무서움..
집에서 컴퓨터로 소리작게 본놈들은 전부 입다물어라
처음 볼때 끝을 예상한영화 하지만 무서운 영화
태국애들 진짜 공포영화 연출하나는 동양탑급
내가봤던 공포영화중에 젤젤무ㅛㅓ웠씀
공포영화의 정석이었지..
태국 최고로 손꼽히는 공포영화 공포영화는 역시 대만보다 태국
으어무서워. . ㅜ이거진짜너무무서워서계속실눈뜨고봄ㅜ
일단 귀신자체가 분장인가 뭔가 너무 무섭게 잘 표현함.... 그냥 귀신나오면 소름 사실 외국 공포영화들은 괴이한현상->유령 또는 악마가 나오면서 확 노잼되는데
어릴땐 진짜 무서웠는데 커서보니 이건뭐..
공포영화의수작  무서워~~~
동남아꺼라 솔직히 무시하고봤는데 공포영화다운 영화였다 원래 공포영화 볼 때 무서워하지도 않고 놀래지도 않는데 이 영화는 귀신이 쉴새없이 튀어나와서 매번 깜짝놀랬다 근데 효과음 빨도 있음
호러공포.이런거찾으면강추
내용이 뻔하다고 하시고 별로라고하시는 사람들은 대체 어떤영화를 보셨길래 뻔하고 안무섭다고 하시는건지?04년도이전에 호러 영화 뻔하지않고 무섭운영화좀 말씀해주시죠 ?
2004년이랑 2016년이랑 같냐 12년 전에 나온영화인데 요즘 공포영화보다 재밌는데 말 다한거지 무서X 이야X보다 훨 났단다.
제가 본 공포영화 중에선 가장 무서웠습니다. 당시 영화관 맨 앞줄에서 친구들이랑 보았는데 장난 아닙니다.
차앞에 웃는귀신 지렸다
인생 최고의 공포영화. 주변 사람들 보여주려고 5번넘게 봤는데 봐도봐도 무서운 영화.
내가 본 귀신영화 중엔 베스트다.. 아직도 어깨위의 나트레가 생각난다ㄷㄷ
공포영화 매니아로서... 엑소시스트와 이 셔터를 최고로 쳐주고 싶네요. 공포영화 매니아라면 꼭 보시길.
ㅋㅋ친구랑 같이 봤는데 그날 난 죽었어
낮은평점이해가안간다 엑소시스트 주온 링 비교하려하지마라 본영화와 비교대상이아니다  거두절미하고DVD혼자가서 이영화끝까지보고안무섭다고 하는분들은 진정강심장이다
와.. 제가 공포영화메니아라 평소에도 공포영호ㅓ만 주로 봅니다 근데 제가 전에보던것들이랑 상대도않되게 무섭네요 .. 오랫만애 비명도 질러보ㅓㅆ고  정말 공포영호ㅓ좋아하는뷴함테 강추입니다
태국에서 이런 공포영화를 만들다니 놀랍다... 우리나라 공포보다 훨신 무섭다. 다만 남주 목아프다는 장면은 결말이 살짝 보이는 장면이라 아쉬움...
무서운 태국 영화...
초딩때 담임이 처음 보여줬던 기억이 납니다. 정말 무서워서 몇일밤낮을 제대로 못잤던 기억이 나네요.. 이젠 좀 컸으니 괜찮을거라 생각하고 가벼운 마음으로 다시 찾아봤다가 지릴뻔 했습니다.;;
호러의 정석 볼만한 공포영화
공포영화매니아가 본 영화중 제일 무서움셔터 역대급
남자 3명이서 벌벌떨면서 본 추억있는 영화 추천!
이게  7점대라니 말이안됨 이건 귀신영화의 학 획임 ㅋㅋ개무섭
역시 공포영화는 서양보다 동양쪽이 더 무섭다
컨저링 보고 안무서워서 겁나 패기넘치게새벽에 혼자봤다가 제대로 기겁한 영화주온이후로 최고였음
무서운 장면 한번을 안보여줌
사진기 소재만 좋았고 풀롯은 너무 밋밋해서 별다른 감흥이 없었다..
이 영화는 공포영화가 아니라 범죄영화입니다.
내 인생 최고의 공포영화
동남아 최고 공포영화. 그 다음 작품인 샴도 봤지만 셔터가  최고인 듯 합니다
"네이버,구글,유튜브,넷플,다시보기에도 없는데 도데체 어디서 볼 수 있는건가요^^;;???"
난 곡성도 무서웟는데 내인생 젤무서웟던 셔터와 곡성이 만난다니 랑종 겁나 무섭지만 또 궁금해서 보고싶눼...
21년도에도 이 비슷하게 무서웠던 영화는 없음. 하... 내가 늙은거겠지? 왜 이만큼의 공포가 느껴진 영화가 없으까
어렸을때 봤는데 개무서웠던 기억이 있네요 아직도
음 무섭다고 그러길래 기대하고 봤는데 제 기준으로는 하나도 안무섭네요
"무섭습니다,,기절할 뻔 했어요 ㅎㅎ"
언제 봤는지 기억도 안나는데 장면 장면만 떠올려봐도 지금도 팬티가 축축해진다.. 정말 무서워 너무 무서워
오늘은 꼭 엄마랑 자야지....
남주 진짜 나쁜 놈이었네요
초등학생때 토요일마다 비디오 빌려오면 선생님이 틀어주셨는데 어떤놈이 이걸 빌려와서 이거보고 반얘들 다 충격에빠져서 화장실도 못가고 한동안 사진도 안찍으려했던 기억이나네요

"고등학교 때 극장에서 봤습니다. 공포영화 좋아해서 포스터만 보고 대충 스토리 짐작하고 갔는데,,, 스토리고 나발이고 장면 하나 하나가 넘나 무서워요... 후반부로 갈 수록 휘몰아 치는데, 내 심장도 요동치게 됨......"
공포영화 많이 봤지만 이건 진짜 무서움 분장없이도 무서움 기분나쁘게 생겼다는게 진짜임 그 큰 스크린 가득 얼굴이 채우는데 소름 돋아서 얼른 다음 장면으로 넘어갔으면 좋겠다고 생각했을정도 그리고 십몇년이 지났는데도 잔...
컨저링 보다가 생각나서 봤음. 학생때 보고 몇일동안 잠 설치고 악몽꾸고 ㅠㅠ. 컨저링은 유치하기만하고 진짜 전혀 안무서운데 셔터는 오랜만에 다시 봤어도 계속 소름돋고 무서웠음 .. 물론 어릴때 만큼은 아니지만. 이런...
애인이랑 보기 딱좋네요 앙큼하게 애인품에 안기고 넘 좋네요 ㅋ 귀신? 밥중에밥 잦밥 ~ㅎㅎ
여자귀신보다 귀신 엄마가 더 무서웠습니다. 전.. 기대가 커서 그런진 몰라도 그냥 무난하다고 느낍니다.
공포영화중 수작. 왠만한 한국 호러보다 훨남ㅋㅋㅋ
여자둘이서 dvd방 사장님 추천으로 봤는데옛날거긴 했지만 그 당시엔 꽤나 흥행했겠다 싶음내용도 나름 왜 귀신이 한이 가득한지 이해되고뒤로갈수록 무섭다기 보단 내용에 집중하게됨ㅋㅋ혼자서 밤에 보면 약간 무서울 것 같으...
밤에 혼자보면 무서웠을것같음 ..ㅋ 2번정도 놀래서 으앜! 하고 발작함 ㅋㅋㅋ 스토리는 조금 뻔한듯
이거 요즘 어디서봄?ㅜㅜ 불법다운로드 말구요..
와우...잔인하기도하고..꿈에 나올것 같은데..ㅠ이 영화보다가 갑자기 몸이 떨려서ㅜㅜ정말 최고에 영화!! 추천해야지!!~^_^
"단지 뻔한 공포영화려니하고 봤는데 기대이상으로 재밌었습니다. 2005년 개봉작 치고는 작품 자체도 촌스럽지 않았고요. 사고로 죽은 귀신이 가해자들을 괴롭히는 진부한 다른 공포영화들과는 다른 색다른 전개가 좋았고, 러..."
엑소시스트 다음으로 무서운 영화 추천이라면 이영화임 개 무서움요 연기자들이 연기 잘함요
너무 무서워서 속이 다 시원하네
뮤사워...역시 태국공포
"인생 공포영화 셔터,주온(비디오판)"
어릴때보고 지렸는데 지금봐도 지림귀신도 개무서운데   사람이 더 무서워서 놀라는 영화
왠만한 공포영화는 무섭지도 않은데 이건 진짜스토리  공포 다 잘살림강추더이상 말이 필요없음 아직 안봤으면 꼭 보세요
중간 중간 섬뜩한 장면들이 오싹하고 인상적임. 감각적이고 자극적인 촬영과 편집기술이 눈에 띄임.
전체상영작중 공포영화 비율이 높다는 태국. 그래서인지 이런 가작이 나온다능.
분명히 요즘 영화들에 비교하여 세련되고 정리가 잘되어있는 영화는 아니지만 이 영화가 동남아산 2005년작임을 고려하면 정말 상당한 수작이 아닐 수 없다고 생각합니다. 공포 영화를 좋아하여 여러 작품을 본 사람들은 느...
공포영화를 볼때는 사람들과 함께보는 영화관보다는 반드시 집에서 혼자 밤11시이후~새벽에 불 다 꺼놓고 스피커볼륨도 적당히 높혀주고 그러고 보는것이 제맛이지...공포가 극에 달함...영화를 보고난 직후 우리집 주방까지...
마지막에 현재 여자친구가 전 여자친구의 친구라서 복수를 계획했던 것으로 이야기가 이어질 줄 알았는데 너무 앞서갔네.
옛날 홍콩 공포영화 느낌도 살짝 나는거 같아 좋았다
폭풍처럼 휘몰아치는 공포씬 갑툭튀가없어 딱 내 수준에 무섭게 즐길수있는 공포영화
10점 만점까지는 아니고 그래도 갑툭튀물 중에서는 인정
"..,,..,,..,,"
화장실 아줌마가 그나마 무서웠다.
상당히 무섭게 봤던 기억이..
무섭다기보단   내용이좋네요  마지막 소오름 ~~
웰메이드 호러영화. 다만 별로 무섭지는..
"ㅋㅋㅋ고등학생때 핸드폰에 셔터 다운받아놓고 볼륨최대로해서 귀신나오는장면을 친구에게 ""재밌는거보여줌~""라고해서 보여줬다가 친구발작일으키면서 의자뒤로 자빠졌음 ㄷㄷ"
"여귀신하고, 여주만 불쌍~ 죽어야될놈 끝까지 안죽고,.."
"충분히 예상할만한 놀람이지만,, 와우~ 할 정도로 잘 표현했다"
보다가 깜놀 움찔 많이함. 맨앞자리에서 봤는데 매우 무서움.
종니소름끼침  아열자.
원한이 무서운 거구나.... 온몸이 오싹함..
이거 본지 벌써 몇년된거같은데.. 진짜 무서움 분위기랑 심리적으로도.. 진짜 보다가 지릴뻔했던 영화
20살때 친구랑 영화관에서 같이보다가 둘이서 쪽팔려 죽는줄 알았다.. 남자 망신 ㅋㅋㅋ
"중간엔 그냥 그러려니, 마지막 압권~~"
새벽4시부터 혼자봤음
정말 잘만든 공포영화^^
학교에서 견학간곳 강당에서 애들이 집중안하고 떠드는와중에도 무서운영화 진짜 역대급으로 무서워...
참 충격적으로  본영화에요 정말  잘만들었어요 아직도 어깨가 무겁고하면  이영화  장면이 떠올라요
공포영화치고 스토리도있고 무섭기까지함공포영화중 잘만든영화중하나임.
별생각없이 보다가 깜놀했네여 ㄷㄷㄷ
깜짝 놀라는게 무서운건지 무서워서 깜짝놀라는지 모르겠는 영화긴 하지만 아무튼 결말은 개인적으로 마음에 든다
보기전에 먼저 평점남깁니다ㅋㅋ;;평점들이 장난아니네요..ㅋㅋ얼마나무섭길래그러는거죠...? 아 기대댄다..빨리보고!!다시평점남기꼐요!!
밤에 보다가 낮에 보고 말았다
볼만하다
깜짝 놀라는 부분이 많았다
칭구들이랑 소리지르면서 봤더니 재밌네여 공포영화 잘 못보는데 재밌게잘봄ㅋㅋㅋ
공포영화좋아하는데귀신영화중에는추천하고싶은작품
고1때 친구집에서 다같이 모여서 덜덜덜 떨면서 본 기억이있다. 당시에는 정말 무서웠는데..
나름대로 볼만했어요 역시 공포영화는 다같이 소리지르면서 봐야 제맛
최고 ...
OO재밋음 다들보세여   진짜 후회들안하십니다.
태국도 공포영화를 잘 만듬.
재밋어요이거 진짜 개 무섭ㅋㅋ
나름 볼만함
내가 제일 무섭게 본 영화 ㅎㅎㅎ
뻔한내용인줄알았는데 끝에반전이...주인공남자정말OOO이었음 -_-
ㅋㅋㅋ 볼만했음
이거 안 무섭다고??? 엄마야 난 죽는줄 알앗슴
효과음 귀신 갑툭튀 진짜 지림
공포영화치고이렇게구성좋고스토리좋은영화없었다 후하게주고싶다
"오오, 반전의 묘미ㅋ"
이정도면 공포영화로 괜찮지않나싶다.
동양 공포이야기 종합선물세트랄까 .. 넘 무서워... 그 화장실 게이만 빼고 ㅋ
"전형적인 동양의 공포영화. 요즘은 이렇게, 뻔해도 전통을 계승한 귀신영화가 그리움"
나쁘지않다.
쩐다진짜 보는내내긴장감이 역시한국영화는 발전없는 쓰레기임
저 진짜 이거 보고 죽는줄 알았뜸.... 친구들이랑 친구집에서 봤는데 진짜장난아님
태국공포영화 완전 개 쩜 말이 필요없음.
마지막이쩌러
이거보고 죽는줄알았다;;;;
끝부분에 너무 다 보여줘서 좀 시시했지만 그래도 비쥬얼은 인정. 못생겨서 더 무섭다
괜찮은 영화긴 했지만 귀신 나오는 장면 알아차리기 쉽고 깜놀만 좀 한듯
적절...
와 무섭네 ㅋㅋㅋ; 긴장감도있고 .. ㅠㅠ
"이거 보고 잔 사람은 처음 본다. 후회하지 않을 공포영화, 무서웠음"
실습때문에 어두운 고시원에서 혼자 봤는데 오줌 지릴뻔했다..
다시봐도무서움..
무섭긴무섭네....
"와 ㅋㅋ 진짜 무섭게 봤음, 이런게 공포영화라 생각이듬"
"예상 가능한 공포, 배우들의 어색한 연기로는 날 긴장못시켜 초수들을 위한영화"
태국영화도 재미있구나 하는 것을 느꼈음.
내는 무서웟는디
화장실에서 휴지줄떄 피식했다가 차위에 쭈그리고 앉앗을떄 제일식겁.나름괜찮은듯
스토리가 단순해서 지루한면도 있고 그렇게 무섭지도않음
그냥 무난한 공포영화로 가다가 어깨 매달려있을때 무서워뜸 ㄷㄷ
많이 무섭진 않더라도 2점은 좀 아니라고 보는데요? 허세 좀 적당히 부리세요.
무섭다고해서 기대했는데 많이 지루하고 남자가 차안에서 뒷목잡을 때 부터 귀신붙었다고 예상함
안무섭다는 사람들 제발 싸대지좀마라ㅋㅋㅋ괜히 존심상해서 안무섭데ㅋㅋㅋ
불다꺼놓고 봤는데 그리 무섭진않았다...그저그랬음...
"2004년도 작품, 우리나라 웬만한 호러물보다 낫다"
좀 지루한면이 있었으나 마지막 장면이 충격적이고 소름돋았다 ㄷㄷ
"공포영화로 아주 훌륭. 감독과 배우, 스텝 모두 수고가 많았음."
무섭지도 않고 재밌지도 않지만 공포영화에 제일 충실한 작품
섬뜩하고 놀랍다 그러나 아쉬움이 남는건 어쩔수 없나보다...
공포영화의 전형적인 스토리를 보였지만 공포감주기는 충분했다.
스토리는 단순하였지만 공포감 하나는 최고로잘만들었다.
진심 이거 안무섭다고 하는 사람은 집중제대로안하고본사람.
재밌게봤던영화 마지막결론땜에존나무섭카메라찍는데휴유증존나있음
진짜 무섭기는 하다 ㅋㅋ 근데 그걸로 끝이야ㅋㅋ
심령사진 나올때 귀신보다 사람얼굴이 더 무서움ㅋㅋㅋㅋ
불다꺼놓고 혼자보면...진짜..무서움..
7점이면 적절한거 같애요...놀래키는 장면 몇개 있지만 크게 신선하진 않았던 영화
그냥 그런 공포영화.. 나쁜놈들이 죄의 대가를 치뤄서 안 무서웠음
무서워ㅠㅠ
마지막 장면은 정말 감독의 아이디어가 돋보인다
굿
수많은 공포 영화를 봤지만 장르에 가장 충실한 작품이다. 보면서 얼마나 무서웠는지
깜짝놀라긴했는데 그닥 재미는 ..... ㅜㅜ
정말 괜찮은 공포영화 한편
난존니무섭게봤ㅇ음 ㄷㄷㄷㄷㄷㄷㄷㄷ무셔
와 우
나를 소름돋게 한 기특한 녀석...
가끔씩 깜놀하게함. ㅋㅋㅋ
줄거리/무 내용/무 그러나 졸라리 무서움 ㅠㅠ 그저 무서움ㅜ 귀신나올때마다ㅠ
"나름재밋게봣음,객관적으로,최고봉은아니라도,,욕하는인간들,,얼척없음,,ㅋ,,"
이거 졸래무서움 공포영화중에 가장 무섭게봤던영화
진심 내용의 요지도없고 지루하고 무섭지도않은 영화..
"조금 지루한 감이 있었지만, 마지막에 턴 등에 타있는 귀신이 조금 무서웠음;"
공포영화에 대한 이미지가 너무 많아서 좋았습니다.  재미있게 봤습니다.
그냥 그렇게 볼만한 영화. 좀 뻔하다..
그냥 그저그랬어요
발연기만 아니라면 후한 점수를 받을 만한 영화
공포영화들이 보면 유독 비난글이 많네요. 솔직하게 무서우면무섭다고 합시다 ㅋㅋ
여태까지 본 공포영화중 가장 무서움
몇년전에 봤지만 아직도 기억에 남는 영화.. 생각보다 볼만했음..
태국영화중 가장 볼만함
나트레 이쁜데...
무섭기도한데 일단 역겹군 ㅡㅡ
여자 귀신이 사람일때 잘보면 이준기 닮음
이건 좀 별로.....
인간의 심리와 공포영화에 대한 철저한 분석과 공식으로 만들어낸 공포영화의 수작.
뭐 그냥 볼만 한 영화
ㅅㅂ 셔터 재미없으면 셔터 2 보고 봐라 신급이다
내 생에 최고의 무서운 영화
ㅋㅋㅋ그렇게 많이 무서운건아니지만 꽤 봐줄만했음ㅋㅋ
처음엔 괜찮은데 마지막이 더러워서 좋은 기억으로는 남지 못할 것 같다
재미없다는새끼들 진짜 자기가 저래 바야 무섭다고 느끼지
무섭다
여자 자체가 귀신이고만.. 분장 안해도 될듯
끝에는 조금 뻔한 스토리 전반적으로 괜찮음 혼자 밤에 불끄고 헤드셋쓰고 보세요
어떻게이런생각을..ㅋㅋㅋ
사랑이 싹트는 사다리타기를 보고 많이 느꼈음. 나같으면 사랑한다고해주겠다.
여자 생긴게 무서움.귀신일떄나 사람일때나.안무섭다는분들은 자얼이 무서울것임.ㅋㅋ
처음부터 끝까지 무서웠어요.......
한국인이 좋아할만한 공포
공포영화중에 마음에 드는 장면나온 몇안되는 영화..그냥지루하지않게봄
ㅋㅋㅋㅋㅋㅋㅋㅋㅋㅋㅋ.............개놀램...
한국 정서에 가장 잘 어울리는 공포영화!
소리로놀래켜요...다른건....좀징그럽다는거밖에업는듯...무섭긴하네요..나트레불쌍함
불끄고 혼자 보는데 섬뜻섬뜻 정말 공포영화 매니아 분들 꼭 보세요 ㄷㄷㄷㄷ
영화는 꽤 재밌음.근데 나트레 존~나 못생겼어--..나라도 싫겠다..
"4번을 봤는데도 질리지 않고, 무서워..ㄷㄷㄷ"
한국인이 좋아할만한류의 공포
지금까지 본 공포영화 중 최고...!! 등뒤의 섬뜩함...
아우 여자 불쌍해 ㅜㅜ 그냥 좋아한 죄 밖에 없는데..ㅠㅠ 남자 목숨 질기다
오늘 처음봤는데 처음에는 공포분위기에서 스토리를 아니깐 좀 않됬고 슬프네요..;;ㅠ
밤에보다 무서워서 낮에 봤는데.. 그래도 무서워
"무서워,,재밌어"
정말 뻔하지만 그 뻔한 내용 을 알면서도 진짜 무서웠던;;
내가 생각하는 가장 무서운 공포영화 극장에서 봤었는데.... 다시 한번 보려고 함.
마지막 존나무서워 오줌싸
재밌
애인이 자동으로 품안으로 들어 와줄 영화
진짜 재밌게 본영화 ㅋㅋㅋ
공포에 충실한 영화
그때 치고는 짱 소름끼쳤지...지금은 뽀뽀뽀 수준이지만..ㅋ마지막에 소름돋아...ㅋ
아우 생각만해도 소름끼쳐ㅋㅋ
망해라
생긴자체가 귀신.....오랜만에 무서운거 봤네요.
마지막으로 갈수록 압권인 공포!
공포영화란..이런것..하지만스토리는 쩝
온갖 공포영화를 짬뽕해 놓은 듯한.. 공식엔 충실하지만 재미나 신선미는없음
놀래기는 놀랬지만 내용을 뻔했습니다 전 시간이 좀 아깝더군요
나도 한번 사진 찍어볼까
아... 이래서 이랬구나.......!!!!!!!!!! 오오 재밌다 +_+
인정하는 공포영화 스토리도 그만하면 됐고 집에서 봤는데도 깜짝깜짝 놀랬어요
"오우 이어폰 꽂고 봤는데 이거 무섭네,"
"공포영화매니아인데 밤에 혼자보니 정말 무섭더군요 좀비,고어영화보단 훨씬 무섭네요"
정말 쵝오였음
중간중간 깜짝 놀라게 하는 장면이 강하게 다가오는 영화..
나의의지완상관없이죽을려고했던적이2번이나있다2번모두다주위에사람이있어서위기모면
반전은예상가능!귀신은너무 이기적 하지만 너무무섭게생김
본 공포영화중에는 참 괜찮은 편.....
몇번 놀라는거말고는 OOO기영화 모든게예상되는결말
어느 영화가 그러하듯 원한을 품고 복수를 하는 뻔하지만 ~놀래키는데에는 재주가있음
영상만 있는 영화....
집중해야 무서운 안타까운 영화;
내가 본 공포 영화중 5위안에 든다. 정말 ㅎㄷㄷ
나오라는 귀신은 5분도 안나오고 사랑영화냐..
밤에 혼자보니깐 더소름이끼치군ㅋ
학교에서 다같이 봤다가 오늘 다시봤다. 아진짜 17살 남자가 눈가리고 본 영화.
"링,주온,착신아리 같은 영화 좋아하는 분이라면 이영화 강추!!!"
추천 무서움
나름 무섭게 봤음 ^^
반전치고는 약간 실망한영화
"내 목이 휘어진건 당연한데 좀 섬뜩하더라, 목운동 헛둘~"
그럭저럭 공포감은 좋은 영화..
태국영화중 이건 괜찮았다..
"공포영화하면 ""셔터"""
너무 가슴아프고 무서웠던 영화..혼자는 못보겠더라..ㅠㅠ
처음 보고 나서 잠 못잤음 ㄷㄷ
별2개주는것도영광인줄알아이것들아
공포영화중에 제일 무섭게 봤던 영화.. 마지막 장면 아직도 기억난다-_-
제대로 무서운 몇 장면들
깜짝 놀래키는게 다네... 그리고 턴목에 귀신..ㄱ- 목아프다할때부터 알겠던데..;;
집에 혼자있었을뿐이고.. 새벽 이었을뿐이고.. 비명만 질렀을뿐이고.. ㄷㄷ
그냥 놀래키기만 하지 이건 뭐....
놀라는장면이 ...대단하다 .사진을 넘기는 장면.. 책장속으로 ..가는귀신...무서웠다.
다시말하지만.. 이만한 공포영화 못봤다.. 밤에 혼자 불끄고 보라.
절대 혼자 보지맙시다. 심장멈출수 있어요. 거의 일본 주온 수준.
쓰레기
스토리는 구림 사운드 최고
결과적으로 오싹할만큼 무섭더라.익숙한 소재와 이야기로 채워졌지만 공포는 공포더라
사색공포
#NAME?
뭐 아주 재미없는건아니고 그냥 익숙한스타일의 공포영화.기본은한다
사람마다 다르지만 난 진짜 무섭게본 공포영화
오우...재미있네 신선하다
"세번 진짜 놀랬고, 딱 죽어도싼 넘들만 당하는게 마음에듬 이정도면 준수한 공포영화"
이정도면 공포영화치고..괜찮은편...
결말이 예상 되서인지 생각보단 별루.. 예상못하면 후덜덜
잼없슴
재밌어요 이거 !!
이게 차랑 달리기경주를 하며 썩소를 날리던 그 영화인가? 조낸 무서움 ㄷㄷㄷ
난~ 이영화 dvd방에서 혼자봤을뿐이고~ 진짜 태어나서 젤 무서웠고~
역대 공포영화중 톱10급 영화다.. 진짜 무서웠다. 소름끼쳐
으흐흐.. 놀래는게 너무 많다 ㅜㅜ
아~~ 최고의 공포영화... 공포영화 매니아라면 꼭봐야할...
분장이 필요없는 무표정의 여배우..어두운 밤 운전하다가 룸미러 보는게 두려웠음
"스토리 뻔하고 음성도 맘에들지않고  별로 무섭지도않고,ㅡㅡ"
그냥무섭
아 깔끔하다!
귀신여자 이준기인줄 알앗네 놀래라 ㅋㅋ
↓ 정말 무섭다.. 하지만 울지는 않았다!!!!ㅋ내여친은 나보고웃느라 정신없었다..ㅋ
조낸무섭다귀신역캐스팅이영화성공요인공포영화는이정도는되야지내남친은보다울었음
태국 공포물 중 최고라고 생각한다. 이걸 안무섭다고 하는 사람들은 감각이 없는듯
잼썻음
솔직히 재밌었다 . 이거 지루하다고 하는 생키들은 뭐하는 찌질이들이냐 . 꺼져라
아무리 머라그래도 한국사람 에겐 무서운공식을 잘 섞어넣엇어..ㅋㅋ
"시작은 별로였지만, 결말에 다다르자 한건 터뜨렸다. but, 마무리가 찝찝함.."
"다른건필요없고, 결말이 굿.."
맨마지막엔...  어느정도 감은 잡았지만... 귀신이 그러구 있다는게...섬특하다
그냥그랬다...
그리 무섭다고 하길레 해서 봤는데..그냥 슬픈 사랑이야기 같았..
잠도안오고해서 새벽에 봤는데 지루해죽는줄알앗다
우리나라에선절대이런영화만들지를못한다..
권선징악??ㅋㅋ 그냥 깜짝깜짝 놀람 ㅋㅋ
무서움....와....무서움ㅋㅋㅋㅋ
보다가 딴짓만 하다가 맞았네요ㅠㅠ
근데 그남자 휴지로 똥은 딱았나요?난 그게 더 궁금한데
많이 무서운 장연이 없었어요
은근 무섭네~
무섭단 말에 오늘 피엠피에 넣어봤는데 진짜 실망...공포영화라고 말할수가없는영화임
"안티고어이신 분들은 아주 만족할만한 영화!(착신아리, 령, 폰, 기담 좋으면 보세요)"
평점이극과극이여서낚이는셈치고봤습니다.제가확실하게판단내리겠습니다.쓰레기입니다
순간순간긴장감과 깜짝놀람이있었다.하지만 시나리오가~~ㅎ
흔해빠진 줄거리 그냥 놀라는정도 안무서움
세상에서 제일무서운 공포..이거보고 울었음 ;;;
아나 낚였어 친구 때릴뻔
정말 최고다. 긴장감 지존임...평점이 너무 낮네...
귀신은 무섭게 잘 나왔다...
손과발에땀나게했던영화 ㄷㄷ
잔상이 남는 공포영화
비명을 지르다 목이 다쉬었다... 아쉬운건 너무 질질 끈다는 점..
귀신 무한 퍼레이드식 일본공포 영화보단 낫다. 공포감 조성을 너무 길게했지만
내용면에서는 부실하지만 정말 무서웠다는...불끄고 헤드셋끼고 봤는데 비명을 질렀음
마지막까지.. 긴장감이 있었던 ㅎ
익숙하지 않은 태국어.. 긴장감이 개쩌는 사운드.. 일본영화와는 다르다..
집중하고 밤에 혼자보면 왜 이런 평점을 줬는지 이해가 될거에요.
영화관가서 봣는데 거기있던 사람들이랑 다같이 웃으면서봤다 저렇게 허접한귀신처음
볼만한거같다 ㅋㅋ결말예상은햇지만
오싹오싹한 공포!
한마디로 존나 무서움... -_- 마지막 장면이 압권임
얼마나 집중을 하고 보느냐고 중요하지...  허접한 영화 아님. 긴장하고 보삼
진짜 이거 무섭나봐...몇몇 초딩들은 무서운데 안무섭다하고...
간만에 짜릿함....후~
뻥안보테고..하나두 안무서웠어 이렇게 귀신나오는거 이제 식상하지않나? 내용은탄탄!
이거 안 무섭다는 사람들이 난 왜 더 무섭지?? 완전 무섬.
남주는 유호석 여주는 이소은 귀신은 하정우+유재석 => 진실게임출연한 트렌스젠터삘
"최고, 다시 이런공포영화 하나 만들어주지ㅠㅠ이번에 바디는 대실망.ㅠ"
태국영화를 좋아하게한 계기! 공포영화가 무서우니 쵝오아닌가? ㅋ
넘 무서워서 사운드 끄고 화면만 봤는데도 미치는줄 알았음...밤에 보는거 비추!
15년전 전설의 고향을 보는 느낌... 역시 무섭기는 하다
오랜만에 정말 무서운 영화였어요
8점이 적절
짱무서움...진짜 최고였음;;특히...car;;에서...미치는줄 알았음;
이때까지본 공포영화중에 제일 무섭던데 난;;
무서운 장면은 몇개있으나 이야기의 앞뒤가 뒤죽박죽이고 허술하기 그지없는 영화
기숙사에서 혼자보면 기절합니다.
낚였다.....
스토리도 괜찮고 공포영화가 먼지 보여주는영화
소문값 하는 '제대로 된' 공포영화
세벽 1시에 헤드셋쓰고 기숙사에서 혼자 봤다 기절할번.. 스토리도 괜찮고..
밤 11시30분 헤드셋쓰고 보면 기절합니다.
솔직히 정말 재미없었는데 재밌다는 사람이 은근히 좀있지;나로선 이해불가..
귀신나오는 이딴영화는 다 어릴때나 보는거지 ㅡㅡ
이런영화들의 하나같은 공통점--- 지루하고 재미없다.
간만에 본 수작.......... +_+)
마지막을 보고 이런점수를? 마지막 해철님 닮은 귀신ㅋ
친구가 무섭다고 해서 밤에 봤는데 재미없어서 꺼버렸다는;;
무섭다(?)라기 보다는 사람 놀래키는 영화-_-;;
이게 공포영화야? 이 영화 볼 바에 차라리 짱구를 볼겠다(짱구가 더 재밌다)
이거 여태껏 본영화중 젤 무서어여!
누구나 한번쯤 들어봤음직한 귀신이야기. 동건이형 닮은 간지남 하는짓은 찌질이 변태
기대만큼의 웰메이드호러는 아니었지만 마지막 사진이 대박
진짜 너무무서워슴 ㅠㅠ
이영화봤을때너무무서워서6개월동안후유증이.....공포영화중에내게가장무서웠음
정말재밋던데요?제가본영화중에서제일무서움.
너무 싫어.. 사진에서 목돌아갈 때 기절할뻔
긴장감 공포 모든면에서 무서웠다 ...자주 깜짝 놀랏다.
귀신얼굴만 징그러움
흠 ... 실망 스러움 ..
좀 무서움....;;
온갖 공포이야기를 섞어놓은 거 같지만 그런시도가 없었기에..
솔직히재미없다고하시는분 링을 보고그런말을하세요
난 그닥..;
볼만합니다.여자분은충분히무서울꺼라 자부합니다. 근데그게좀짧아서 아쉬움
음소거를 해놓고 봅시다
스토리도좋고 무섭고 ㄷㄷ 여자귀신 박명수가 가발쓰고나온거같어 ㄷㄷ
미친
무섭진 않았는데...그냥 마지막장면에서 살짝 소름 돋았다....
링에 버금가는 공포스럼움을 기대해도 좋다.
그저그런스토리에우리에게익숙하면서도섬뜩한심령사진을소재로무서운스토리로탄생!
공포영화중에서 그래도 기억에 남는작품이네요
마지막 반전 좋아요~
딱 공포영화. 다른건 무의미하다
여자 친구가 있으면 매우 아주 정말 잘 해줍시다. 감상평
뻔한 장면이고 다 예상이 가는데도... 무섭다 2/3는 눈감고 봤음
스토리는 예상했던 뻔한 영화..
완죤 무섭다 ㄷㄷㄷ
뭐야이거
글쎙....공포영화로서의 가치로선 약간 떨어진다 연출력은 좋음.
그냥 어렸을때 봤던 무서운 책에 나오는 이야기들뿐
태국에 대해 아는바가 없었지만 공포영화로 관심이 생겼다.
"""셔터속의 귀신""을 잘 표현했고, 보고 내내 잠을 못잤던 영화이다."
공포감을 기대하고 봤다면 실망할 영화 섬뜩한 장면이 하나도 없습니다.
후반에계속귀신나와...ㅠㅠ
연출력이 괜찮은 영화..난 별로 무섭지 않았는데 주위에선 무서워하더라..
놀라운 공포영화...링과 버금간다...태국 영화수준 무척 높다!!
작년이맘때 새벽에 혼자보다 놀래 자빠지는줄 알았다...
스토리 식상하지만 무섭게 연출을 잘 한 것 같습니다~~ 오~~
우연히 찾아서 본 영화 생각보다 재밌넹 ...
밤에바서무서워따
스토리도 좋고 끝까지 긴장하게 만든다
진짜 장난아니게무섭네 덜덜덜
공포의 소재가 신선했다. 서서히 조여오는공포. 초반은 정말 지루하다
완전무서움..귀신너무무섭고 음향효과도..ㅜ 밤에잠못잠 ..
"이게 샴보다는낫다,"
여자귀신 이준기 얼굴 스친다...
난 여자가 신혜철 닮았던데 ..
"귀신보단, 소리가 더 무섭다.."
몇몇장면 빼곤 별로 재미있지 않았음...
어설픈 분장과 어설픈 연기력..심리적으로도 시각적으로도 내내 평온하다..
"무섭다 계단내려갈때 계속4층 나오는거 섬뜩.,근데 문고리장면이 뭐임??"
끝가지 긴장감을 놓쳐선 안된다
태국 공포 영화도 볼 만 하구나......
사진이랑 문고리랑 마지막장면도 진짜!무서웠어요 ~!
끝까진 본 내자신을 존경한다
스토리도 괜찮고 여자귀신 후덜덜
뻔한내용이지만 왜 이리 오싹한지.
여자가 유제석 닮음
학교에서 봤는데 별로 잼없음 그냥 모~
지루하고 뻔한 스토리.. 그냥 볼만한 영화~
귀신 1번 밖에 구경못한 영화 ㄱ-
"밤에 혼자보다 쫄아서,,다음날 동생델쿠 봤다..ㅡㅡ;"
OO..음악이 더 무섭다...디비디방서 보다가 압박에 뛰쳐나올뻔-_-
기분나쁨
지루하고 공포감도 떨어진다 사람 놀래키는건 성공
무섭고 안무섭고를 떠나 기분나쁜영화..
내가 봤던 공포중에 제일 기억에 남는...
내가여태까지봤던공포영화중최고였다 귀신너무무서워
무섭냐??공포영화 처음보냐??상당히 지루하고 무서운부분 아주조금나옴
평점 살펴보고 영화 봤는데 정말 등골 오싹하다. 꼭 보세요
진짜.... 돌라 무섭다ㄷㄷㄷㄷㄷㄷㄷㄷ
...낚였다-_-분장한 귀신보다 죽기전 모습이 더 무서우시다..-_-;;
"앞부분은 완전 무서웠는데, 너무 피곤했던터라 보다가 잤다는...ㄷㄷㄷ"
약간 지루하고 유치하기도 하지만 마지막 사진에 찍힌 모습은 괜찮았는데?
보는내내 지루해 죽는줄알았다..
잔뜩기대했더니...무섭지만공포는아니다.엽기와징그러움에가까운.
태국 공포물도 볼만 한데?
"소재와 스토리가 훌륭했지만, 귀신이 어색했다."
억지로 영화관 끌려가서 봤는데.. 어이가. 완전 코믹물; 웃고 나왔다.
진부한내용 뻔한스토리지만 소름 끼치네 ㅋㅋ
분장하다 시간없어 그냥 나온 귀신ㅋㅋㅋㅋ 조낸웃겼다.
귀신 웃곀ㅋㅋㅋㅋㅋㅋㅋㅋㅋㅋㅋㅋ 들이댈때 웃음나와서 앞사람이뒤돌아봄
ㅋㅋㅋㅋㅋㅋㅋㅋ최고귀신완전멋져
사다리씬ㅋㅋㅋㅋㅋ~
귀신얼굴분장 완전최고!!!! 진짜무서웠음
얼굴분장 '만'굿이에여 굿굿굿
시시하다...... 셔터 유명하길래 기대했구만
귀신얼굴만 무섭덪데
무서워~~~~귀신 귀신.목마탄 귀신.ㅠㅠ
재미없어 샴보다 무섭다길래 봤는데... 귀신얼굴 졸리 역겨워
좀 뻔했다.명성만 못한듯...목아프다고할때 다 알아차림.
금방 cgv에서 하길래 봤는데 목 엑스레이찍을때부터 귀신있는거 알았다
귀신이 무섭게 생겼다
귀신 진짜 쩔어 ㅋㅋㅋㅋ
완전 잼있꼬 무섭워-.-0
나 밤 12시에 봤는데 재미없어서 꺼버렸다 OO
난잼있었는데 내친구는보다가잠들어버렸다..
초반 주인공들 연기는 꽤 어색. 스토리는 깔끔.
내가 봤던 공포영화중에 최고 무서웠음! 주온은 제외하구..ㅋㅋㅋ
공포영화가 무섭지 않으면 코미디 영화가 웃기지 않는것과 같다
공포특급 실사판
재미와 긴장감~ 태국공포영화에 두려움을 갖게한 영화Good
공포매니아면 꼭한번 봐야할 영화~소재좋고~공포 백배 ㄷㄷ
난스토리도괜찬고 무섭기도무서웠었는데! 정말 재밌엇음...ㅠㅠ
쩔어ㅋㅋㅋㅋ귀신완전웃겨ㅋㅋㅋㅋㅋㅋ
무서워.ㅋㅋ
스토리고 자시고 공포영화가 무서우면 된거 아냐? 난 정말 무서웠다구!
셔터의귀신은정말무셔벘으라
귀신은 무서웠다
굿~!!
귀엽다정말
최고야!!! 귀신 두 장면 잊을수 없어..귀신영화 광이신분들만
"왠만한 공포영화는 껌으로 보지만, 이건 무섭다."
전반적인 분위기는 괜찮은데 판에 박은 공포유발 장치들은 식상함
태국어로 쏼라쏼라하니 몰입이 안된다... 구성도 맘에 안들고...
귀신면상빼고는 전혀안무서움
내용은 별거 없지만 날 떨게 만들었어~~ㄷㄷㄷ
그냥 떠다니는 공포얘기들 다짬뽕시켜논거드만-_;
우리나라 공포영화에 비하면 잘 만든거 같지만 알포인트 보다 몇수 아래다
정말 무서운 것 보고 싶은 사람은 추천!!
여자귀신~~계속 이준기의 포스가 ㅡㅡ:;
그냥 깜짝만놀랬다..
공포영화로서 갖출건 갖춘셈
"공포영화중 최고 귀신이 정말 생긴게 무서움 ㅡ.,ㅡ"
공포영화중 단연최고!
"태국영화라 기대안했는데,날 이렇게놀래킬줄이야;"
소리 존나 짜증나게 하는영화... 무서우면 짜증난다 ㅋㅋ
태국...기대 안하고 봤더니....절라 무섭음
.. 쩔었던영화 스토리굿 완전 무서움..
한국영화랑 뭔가 색다르다.재밌다.반전도 죽이고
극장에서 공포보다가 첨으로 소리질렀다 ㅠ
오...귀신얼굴이 꽤 강하다 무섭네
"남자친구가,,귀신나올때혼자소리질러서챙피해디짐,,,,,,"
마지막장면이 압권이었다. 어깨위에올라탄 그녀의 모습은..ㅠㅠ무서워
마지막까지 완벽하게 무섭다!!
소재선정이 탁월했죠. 전체적으로 깔끔한 스토리와  결말이 맘에 듬
"무섭긴무섭다, 귀신분장 완전대박"
귀신 분장한 배우에 포스는 좀있군 ㅋ마릴린 맨슨이랑 비슷하게 생겼넹
아랫분 평에 동감...게다가 혼령사진은 진부한 소재다
주인공이 죽어도 싸다는 생각이 든 영화는 첨이군;;
같이봐서그런가-_ -애들은 소리지르는데 하나도 안무서웠다..
이거 명동 cgv에서 봤을때 관객들 다 웃었다-_-;
제대로 된 공포영화
이 영화 보면서 눈감은적 없다. 그닥 재미있지 않다.
이때까지 공포영화 지~인짜 많이봤지만 이거 보고 처음으로 소리질렀다!
친구들이랑 보다가 OO줄 알았음 ㅋㅋㅋ
목이아프면귀신이 덜덜;; ㅠㅠ
공포가 이렇게 지루하고 어설플 수 있다니...
잘알고있는 귀신얘기 종합세트 집에서 혼자봤는데..무셔죽는줄 알뜸..
최고의 공포영화.여자귀신생각만하면ㅠ진짜 소름돋음
이거 공포영화 맞니???
그 여자 가발쓴거 같던데 영화보는 내내 신경쓰였다-_-
내가 너무독해져서그러나?무튼너무재미없었고 귀신보고 같은여자로써눈물밖에
여자친구랑봤는데 비명만 계속질름..짱임 졸라무서움
귀신너무 살벌하게 쫓아다녀..
아 존나 후덜덜;;;; 공포영화 웃으면서 보는데 이건 비밀질렀다...
안무섭단 분께 질문-혹시 무섭게본 영화없죠?
잼썼어요 :)
공포 영화의 수작...셔터보기전링이 젤 무서운 줄 알았다.
안무섭다고?비디오방가서 봐봐..호러매이아인내가 비명지르면서봐써
솔직히 남자가 차몰고갈때 앞유리에 나온거빼고 무서운건없엇다.스토리는겐차늠
무섭다기 보다는 슬픈 영화. 공포적인 면에선 많이 부족함.
스토리면에서는 별로..너무옛날틱함..엔딩이미지보고 후덜덜함..
지금까지본 아시아 공포영화중 제일좋았음 여자귀신배역 짱드셈~
스토리가 너무 예상가능해서 무섭지는 않았어...주인공 화장실에서 응가 못닦았나?
안무섭다고? 밤에불끄고 환자봐봐라..나도 공포매니아지만 공포영화중에 최고다
ㅋㅋ 공중화장실 완전 낚였어. 트랜스젠더--
공포영화의 교과서가 될만한 영화!!
하나도 않무섭고 산만하다
good
작년 여름 룸메와 같이 정말 무섭고 재밌게 봤던 영화 10점이 아깝지않다
밤에 모여서 하던 괴담을 영화로 보는 재미.
아..식상해..
깜짝놀래서 무서웠을 뿐... 귀신 이준기ㅋㅋㅋㅋ
↓제대로보긴본건가 ; 귀신이 준게 아니라 트랜스잰더같은인간이 준거다
노홍철과 이준기......그래도 밤이라 좀 무섭네ㅋ
TV에서 하길래 밤에 혼자 봤는데..나름 잼난다^^~!목마 탄 귀신은 정말..덜덜덜^-^;
졸렸다면서 잠은 다 깼냐?ㅋㅋㅋㅋ
뭐야이거 집에서 혼자불끄고봤는데 무섭긴커녕 졸렸다화장실 게이가다무섭다
남자 주인공 태국의 노홍철인가 ㅋㅋㅋ
밤에 영화관에서 정말 무섭게봤다. 개인적으로 재미있게봤음 !
아.. 정말 하나도않무섭고 연기도어이없고.. 분장도 허졉하고.. 정말..
스토리는 괜찮은데... 너무 싱겁다.. 하여튼 별로
괜찮은 스토리 이해가가고 무서웠다. 강간은 나쁜짓..
개인적으로 진짜 잘만들어졌다는 영화....ㅋㅋㅋ
진짜 귀신 무섭게 생겼땅...
내가 본 공포영화중에선 재미없게 본거에 손꼽히는데....
이 영화 진짜 돈주고 보기는 아까운 영화인데?? 왤케 평점이 높지?
셔터 무섭던데... 공포영화 매니아임.볼만함.
ㅋㅋㅋㅋ이거제대로 재밋엇음ㅋㅋㅋㅋㅋ
와우...이거 진짜 깜짝깜짝 놀라게 하던데...
뭐이리 높아.; 셔터보다 좋은영화 많습니다.셔텨볼시간에 할일은 많습니다.
정말 잘만든 공포 영화중에 하나 !!
이거만큼 무서운영화 본적 없음. 캐스팅 굿.
무섭다기 보다 깜짝 놀라게 하는 장면이 많은 듯..
최고도의 공포영화
소리로사람들놀래키는영화
잠이 와요..zzZZZ
이건 내용은 괜찮은데 앞 뒤 말이 안맞는거 같아
"괜찮은 공포영화를 찾아다니던 중 발견한, '매우 괜찮은' 공포영화다"
마지막 장면만 기억에 남음.
"끝날때까지 불편한영화,,, 괜찮네요 정말"
"극도의 공포감,,,"
태국 영화..  약간 유치... 조금 볼만함.. ㅡㅡ
요즘꺼 중에 디센트 담으로....
여태본 공포영화중 기억에 남는...
화장실씬보고 웃겨 죽는줄 ㅋㅋ 귀신은 정말 무서웠음 ㅠ
잔인한 장면은 별로 없지만 공포감은 진짜~굿
주온 보다 100배 났다~ 최고~
무서워서안보구그냥눈감구잇었음ㅋㅋㅋ
"쏘우보다 훨신 무섭다 .. 최고 .., 알고보면 무지무지 슬픈영화 .."
식스센스.. 알포인트.. 이후 공포영화중 최고 무서웠다
워 쵝오~~ 소름쫙
재미있다... 잘 만들었다.. 화장실 장면은 빼고...
피튀기고 토막내는 공포영화가 줄수없는 섬뜩함 ..
공포영화 보는걸 좋아하는 나도 긴장을 늦추지못했던 영화
소리 꽥꽥지르면서 본영화=_=;아 무서운걸 원래 잘 못보는데;;ㅋ
무섭습니다..무섭게 졸음이 몰려옵니다. 제취향이 아닌거 같네요. 쩝
친구랑 봤는데 내 친구 무섭다고 도망감 공포영화치고 최고임 ㅋㅋ
슬프면서도 무서운 영화 ㄷㄷㄷ
정말 잘만든 공포영화 !!!
집에 홈시어터 새로 들여와서 낮에 커텐치고 혼자봣는데 완전별로
귀신 열라 착하게 생겼다-_-ㅋ
"8점대의 시나리오 9점대의 공포감, 깜짝놀람"
놀래서 기절하는줄 알았음 ㅠㅜ
비오는저녁에 혼자 불꺼놓고 보다가 심장떨어지는줄알았삼
깜짝깜짝;;근데 말투가 너무웃겨ㅋㅋ
정말최고..........여운이남는;
전형적인 공포영화.. 치고는 좋다.
이 정도면 적당하지.. 뭘 더 봐래ㅋ
사람 깜짝깜짝 잘 놀래켜준 영화.
OO 영화가 끝나기만을 기달렸다 촌나 무섭네 ㅠ 새벽에..
턴<남주인공> 어깨 위에  귀신올라타있을 때 소름이 쫙
영화보다 영화끝나고 마지막에 뜬 자막이 더 무서움
가야꼬.. 너 왜 거기있니ㄱ-
깜짝깜짝 놀랜다~ but 그다지 무섭지 않았다;
여자에게 잘해줘야겠단 생각이.. 반성하게끔 만드넹  영화볼만함
소리지르면서본공포영화는처음!
"내가 본 공포영화중 제일 무섭다..특수분장 하지마,,"
주인공이 병원에 갇히는 알흠다운 결말 ㄱ-
이제까지본공포영화중 가장볼만했던..무서워
후덜덜....정말 무섭다.
아악 깜짝깜짝 무서워
주온보다 훨씬났음...
여자 주인공 하나만으로도...공포영화를 위해 태어난 여자다.
나름 공포가... 마지막의 반전??
그저그런 공포...여자가 한을 품으면 오뉴월에도 서리가 내림
너무 식상한 주제지만 그런대로 볼만함
예상가능하지만 무서운...
태국 공포의 힘!! 하지만 말소리가 긴장감을 깨게한다 2점감점
"타이공포영화..일본공포영화,헐리웃공포영화와는 다른매력이있다"
스토리는 뻔했다 그런데 귀신 분장 참 사람같으면서도 무서웠다
귀신분장이굿.ㅋㅋ귀신생긴게대박.ㅋㅋ
무섭던데 //
존내 놀라기는 했으나 화질도 구리고 뭔가 어색하다.
워메 솔찍히 이정도면 무서운 영화지!
깜짝놀래킨다.
내용도 짜임새있고 무엇보다 귀신이 제일 무섭다..
새벽에 보다가 한참 웃었음..귀신이 너무 귀여움
아직도 섬뜩하다.
새벽에 보다가 소리 질렸음..귀신이 엄청 무서움
귀신 참 귀여웟다 그저그러다가 마지막반전 소름이 덜덜
태국스럽지않다. 잘 만들었다. 혼자봤는데 무서워죽을뻔..
놀래라!! 불끄고 혼자보면 정말 무서워요. 공포는 혼자봐야대...
"거의 완벽, 약간은 단조로운 사운드에 아쉬움이 남는 영화."
마지막 장면은 정말 등꼴이 오싹
공포영화 만들줄 아는군..
정말 멍청하고 바보같고 무식한 영화
공포영화치고 볼만은 해요 시간낭비는 아님!!
아 막 튀어나와 약하신 분들 절대 보지마..
안무섭다고 한분 혼자서 봐 보세요.(본 후 엄마 찾지 말기)
기대이상의 공포영화... 엔딩 보면서 식은 땀이...
동양적퓨전공포? 어디선가 들었을법한 이야기를 잘 버무린.
놀랍다 이런나라에서 이런 영화를 만들어내다니
나쁘지않다
괜챃네...
내가 봤던 공포 중 단연 최고
마지막 사다리와 차따라오는거 압권 ㅋ
"반에서 애들이랑 다 같이 봤는데, 나 몰매 맞을뻔했어요."
포스터에 있는 귀신 무서워서 봤더니.. 안무섭더라
앞이 훤히보이는 스토리 .. 지루했고 무섭지도않음
너무 지루해서 졸려 죽는 줄 알었네
어이쿠 깜짝이야~! 그런데 반전이 쓰레기구만....OO
여기 나오는 여자 귀신인가? 이준기 닮은느낌이-ㅂ-(나만그런가)
돈이 아깝지는 않았음 볼만한 영화
무서워
무서워..ㅋㅋ
진정한 공포를 느끼려면 혼자봐야 안다 필수 헤드셋..
이거평점이왜이렇게좋은걸까. 여자인 나도 별로 안무섭더라-_-
다른공포영화들을보고이영화가무서운영화에속한다는것을 알았다
나이들고 무섭게 본 유일한 영화.
진짜 유치하더라 웃기지도 않는 어깨에 귀신 ㅡㅡ 후..
이거 평점왜이리좋노
"강추. 식상한 내용이지만, 그 긴장감이 압도된다."
아 이거보고 잠못자겟다 샹
우선 나를 조금이라도 놀래킨것에 점수를 주고싶다(막강담력)
친구들이랑 같이봤는데 전개도 지루하고 무섭지도 않았다.
"이거 졸래시시해 분장티 다나고 -,.- 깜작놀래는건좋앗어"
식상했다. 그래도 본 중 주온 다음으로 가장 무서웠다.
졸라 무섭다....반전 어쩔............
너무 흔하고 뻔한 내용 는내내 졸았다. 한번밖에 안무섭더라
어디선가 들어본듯한 내용이라서
소재는 나쁘지 않았지만 지루한 전개가 별로였다
정말심장마비걸릴뻔했다
깜짝깜짝 놀래는것과 마지막 반전은 좋았지만 귀신이 영..
공포영화중 최고!!
귀신 이준기 닮았다
정말 무섭게 봤음..
미안 한번빼고 안무서웠어
심령사진이 주 이야기인 영화!
평점높아서봤더니-_-스릴없고 배경만어두우면 무섭나?
귀신만 나오면 공포야?
친척애들도 보면서 졸았다.. 공포물중 최악
무서웠다. 반전도 괜찮.
발상은 좋았다
대실망...
이거 안무섭단 애들은 머냐?  보긴 보고 말하는거야?
"이영화를 도대체 몇번이나봤더라 ㅡ,.ㅡ 재밌던디"
공포영화가 안무서우니.. 어떡하죠...
여자귀신정말 무섭다ㅜㅜ결말을 예상했지만....
존내 깜짝깜짝 놀라게해주는영화
안무서
보면볼수록생각할수록무서운영화! 무섭지않으면나에게돌을던져라
ㅋ마저 스토리가 좀 약함 그래도 중간중간 깜짝~!
무섭긴 한데.. 스토리가 좀 약하다고 해야하나?
결말이 보이네; 그러나 처음에 카메라로 귀신 조금씩 보이는거
분홍신보다는 무섭다
짜임새 구성에 신경 쓰느라 공포 효과가 덜했나..
영화자체는 무난했지만 태국어(?) 때문인지 감정이입이 어려움.
주온보다는 안무서운데 어쨌든 좀 무서운영화..ㅋㅋ
짱재미없었음.계속졸았을정도
정말 무서웠다 ㅋㅋ
태국영화는 첨보는데...그다지 무섭진 않았다...
저질적.. 마지막은 한순간에 이거일거라 생각.
내친구같이보다 울었다..근데 난 별로
이때까지 본 공포영화중 가장 무서웠다 덜덜..
어이없는 장면도 있었지만..나름.무서웠음.소리..기절
다행.. 이거 극장서 안봐서.. 모자이크된 알포인트가 훨무섭다.
나름대로 무서웠음
은근히 무서움...
기대이하로 재미없음
기대이상으로 너무 무서웠음...게다가주연배우들이름대박ㅋㅋㅋ
이거야 이거 ...
무섭긴 무섭드라 시각적으로
군대서봤는데 무서워서 근무못섰어요 T T
친구뵈주느라 3번봤는데 매번기겁함 어디서모나올지 알아도놀람
귀신주인공이 대박이지.. 분장안해도 무섭게 생겼다~~
아나 뭐가무섭나 진짜 깜짝 놀래키는것빼고 하나도없네
극장에서 보면 꽤 무섭다 스토리도 소름끼친다
무섭다그러길래 봤더니 .. 대체 뭐가 무섭다는건지 ..
미청년과 살벌한 귀신면상으로 먹고 들어간ㅋ 욜라이 뽕따이~
어오 깜짝깜짝 놀라는건 지대. 그러나 스토리가 넘빈약
현재개봉중인 우리 나라 공포영화보다 낫다
관전포인트:혼자잘생긴주인공
아직까지 잊혀지지 않음..진짜 무서움
깜짝 놀래키는건 싫지만... 그래도 이정도면 괜찮은 공포영화
진짜 무섭다.. 난 겁쟁이..
놀라기만 했을뿐 연출과 스토리 뭔가 부족했다
정말 볼만한 공포영화였다 ^^ 추천!
새벽에 혼자서 불끄고 밧다..마지막반전도 괸찮고 볼만햇다
친구랑 봤던 영화. 내용은 유치하지만 재밌었음 ..정통공포영화?
잼있던데..명장면들이 꽤나 많았음..스토리는 그게그거였지만..
태국이라는 나라에 관심을 갖게해준 영화....
일본삘나는 주온영화쯤?? 잼더라 ㅋㅋ 무섭던걸
영화를 너무 많이 봤나.. 그냥그런..
안무서웠는데 생각보다 점수가 높네. 의외..
태국말...만 빼면 다 좋다
엄청 무서운건 알겠는데 스토리가 너무 뻔했다.
혼자보면대략낭패다..죠낸무서운영화다~특OO에보지않는거다;;
공포영화중 최고다 솔직히 컴터로는보지말아라 망친다
깜짝 놀라게 해서 간떨어지게 하는 영화~
익숙한스토리지만 감독의 참신한 구성이 돋보이는군요!!
존내 무서운거다;;;
뻔한스토리지만음향효과진짜짱이닷.착신아리보다더재밌음
"무서웠던건, 나의통증부위와병원진단받은결과가 같았다는거..."
으허허허 졸라 무서워 ㅠ.ㅠ 깜짝깜짝 놀래키는거 으허허 ㅠ.ㅠ
내용은 별로지만..귀신이 너무무섭게 생겼다 무서버
마지막은 남자 어께아플때 예상
무섭다기 보단 깜짝 놀래키는 수준...
다른 태국영화보고 실망한 기분을 일거에 만회해주는 영화!!
악!!조낸 무섭게 봤삼.ㅠㅠ우엥!!진짜 너무 무서워요.ㅠㅠ
"결말이조금은그렇지만생각할수록섬뜩한영화,"
여자친구랑 보면 좋을꺼다
무서웠지만 지루했다
생각보다 훨씬 잘 만들었던데???
"씁쓸한 결말, 공포보다 분노가 치올랐던 영화."
나름대로 진짜 무서움;;;
그러고보니 이준기 닮았네
이준기도 나와요
"은근반전짱이엇여욤,졸라무서워서죽는줄알앗삼ㅠㅁㅠ"
조낸 무서웟어요 ㅠ
친구들이랑 모여서 봐서 그런지 안 무섭더라;;
시종일관 깜짝깜짝 놀래는 것이 너무 짜증났던 영화...
뻔한결말.. 짐작했던 대로다.. 나만그런가..?
조용한 새벽에 불끄고 혼자 보면 정말 무서운 영화
정말 대단한 영화입니다..
개최고!! 친구랑 불끄고 둘이서 보다가 OO뻔 했다!!
정말 무서움 주온 블레어위치와 함께 엄청난공포를 자극하네요..
심장마비를...조심할것....
"벌건 대낮에 옆에는 조카가 자고있고, 나는 숨죽여 보았다..."
비디오로 봐서 그런지 별로였다
이거 공포영화맞아?ㅋ
귀신이 남자야 여자야?
겁없는내가 이영활 보면서 기겁을 했다ㅠ 정말 무섭다 ㅠ
동양 공포는 뒷끝이...덜덜덜
여자귀신 역할 맡은 여배우 귀신분장 안했을때가 더 무서워 -_-;
이거 볼때는 하나도 안무서운데 나중에는 혼자 못있겠다. ㅋㅋ
"저도 봤어요~ㅋㅋ 볼만하던데요,,그런대로,"
내용이 짐작이 됨 -_-
재밋던데 ㅋㅋ
B급호러물..
착신아리(1편)와 더불어 지금껏 본 호러중 최고라 평하고 싶다.
낮에 보아도 살떨림 ㅡ.ㅡ
"뭐, 그럭저럭"
"잘 만들었네요. 흔하게 봐온 소재지만, 왠지 괜찮은..."
편견을 버리자. 쉴새없이 조여오는 호러.
내용 좀 다듬으면 더 괜찮았을텐데... 볼만한 영화
귀신영화는 귀신이많이나와야 맛이지...
재밌게(?) 무서웠지만 슬픕니다..여자친구에게 잘하세요..^^
깜짝 놀래는 걸로써의 공포 조성력은 23년 내 일생에 최고였다.
2번..알면서 놀라는 섬뜩함 시작전에 깔리는 음악의 공포 ㅠ
깜짝 놀래게하는 동양퓔공포물
진짜 무서운데.ㅅㅅ..^^ 그래두.ㅅㅅ.^^
무섭긴하던데...
그냥..
사랑은 장난이 아니야~
최고!! 이보다 무서울 수 없다
한을품은 귀신이라는것은 동양적으로 다 비슷하군...공포의참맛
안무서웠는데... 마지막 귀신이 남자목에 매달려사는 장면은 굿~
뻔했지만 태국영화라는 편견치곤 좋았다.
여태껏 바왔던 동양공포영화중 최고
공포영화 귀신 분장 중에 최고..ㅎ
걍 무섭고 무서운영화
아놔~ 무섭네~ 반전 좋았음~
"영화관에서 볼껄, 대낮에 컴터로 봐서 아쉬움.."
"많이 무서웠다.ㅠㅜ 많이 놀라고, 긴장하면서 봤다는..ㅠㅠ"
좆대가리를 함부로놀리면 저렇게된다는걸깨달음.. 잘해야지
마지막에 무서웠다........
우리나라 공포영화랑 수준차이가....
한 여름 영화관에서 관객과 함께 소리를 지르며 함께가 된 영화
여태까지 본 공포영화중에 왠지모르게 제일 무서웠던영화
남자들 그러면 천벌받는다..
내가 본 공포영화중 쵝오
스토리는 뻔하지만 장면은 정말 무서웠던...
스토리는신기할정도로뻔하지만 귀신다운귀신때문에무섭다.
영화보다 꺼버린건 오랜만이네 지루하다
상당히 무서웠습니다 저예산영화지만 8점드립니다
공포영화 중에서 괜찮은 편이다.
귀신역굿캐스팅에완전동감~!내용은둘째치고귀신자체가무서웠음
공포영화 귀신역중 제일캐스팅 잘한영화! 무서웠다..
여태까지 본 공포영화 귀신들중 셔터에 나오는 귀신역이 최고
글쎄..다른공포영화와 달리 귀신얼굴 진짜 무섭다.ㅋ
...........다른 거 다 빼도 귀신이 진짜 귀신같음.
"전형적인 공포영화, 가끔 놀라는 장면밖에는 없다"
너무 뻔 한 스토리
빈 영화관에서 혼자 봐보세요. 살떨립니다. 괜찮은 영화.
본것중에 가장 무서웠다.
MBC 서프라이즈에 가끔 나오는 스토리.
무서운거 싫어하는 내가 보고 잤다.
잘 만들었네~
"짱무서웠다..그런데무서울때마다다꿈이였음,,,"
이거너무 무서워 ㅠㅠ
평점 왜이렇게 높아-_-; 친구여섯이서 다 졸다 나온 영환데-_-
몇번 가슴철렁했습.나트레 얼굴이 정말 무섭습니다.
나트래 맡은배우 평소모습이 더무서움(앗 미안해요 제발 꿈에는)
"얼굴 들이대기, 사다리 거꾸로 기어내려오기 <압권"
영화 짱재미씀.
간만에 무선 영화~
대화소리는 작은데 음향은 엄청크네--;조낸 놀라는거다
마지막에 올라 타고 있을꺼란 반전..예상은 했지만..뭐..
태국귀신은 봐주질 않네. 소름이 싸악 돋는다.
주변에서 하도 무섭다고 해서 기대를 크게 한탓일까.. 그다지..
셔터... 공포영화치곤... 볼만하네..
귀신을 찍으려고 방안을 이리저리 찍는 주인공.. 하지만 반전..
무서운영화.간만에짜릿.ㅋ
드세게보이지않고충살하면서마지막강펀치를날리는저력.
기대이상..턴~`귀엽다..ㅋ 뻔하지만 그이상..
태국 공포는 힌트가 너무 많다.
셔터
별로 ;;;;;;;;;;
무섭다
나트레엄마가 콧물흘리는 장면이 인상적이었다
타이와  우리나라 공포의 정서는 비슷한듯. 즐거운 공포영화
제목하고는잘 어울리지않는영화..예전의디아이1을보는듯한기분..
영화관에서 공포영화 따위에 쫄지 않을거라고 다짐했건만 제길.
일본 공포물들을 짜집기한 영화. 재미는 있음.
귀신으로 나온 배우는 죽기전에도 꼭 귀신같다 -_ ㅋㅋ
적어도공포영화5편이상 본사람에게는 완젼 비추. 시종일관뻔함
내생에 가장 무섭게 본영화. 의미를 알고보면 정말 무서움..
충실한 공포영화의 원칙을 따름. 주인공 잘생김
가끔 목이 결리십니까?? 난 무릎이 결리는데 누군가 매달려있나
평점이괜찮게나와있길래봤는데너무평범
평범한 공포영화
"뻔한 스토리지만 신선한 소재, 헐리웃식 공포의 탈피..굿!!!"
새벽1시에 불 끄고 보기엔 너무 무서웠다(대만족)덜덜덜~
때와장소좀보고나오지차에는왜치고창에는왜나타나고?앙?깼음거서
럭셔리한 느낌은 없지만..공포만은 대단하다..
링과 주온등의 장점만을 골라냈다!! 아시아 공포물 결정판!
요즘 본 공포영화중 최고였음!!
스토리는 고전스러워 별로지만 중간중간 놀래키는건 최고.
마지막의 공포감이 재미있었음~
올여름 공포영화중 제일 나은듯
신선함은 없지만 클래식(?)해서 더 좋은
"태국말은 어감이 재밌어서, 하나도 안무서워."
일본식 호러가 아닌 영화를 찾아서..잼있었음ㅋ
올여름 공포영화중에 제일 무서웠다.~
재밌게 봤음
중간중간 놀라는 정도
정말 리마리오닮은주인공 : 잘생겨꼬..... 꽤나 잼남.
신명나게 놀래키는 귀신의 집과 다를게 머가 있나..
후반부에서 너무 무서웠다
이제껏 본 영화중 깜짝 놀라는 씬이 가장 많음;
태국영화수준이 이렇게나 괜찮다니~! 헌데 뭔가 아쉽다
결정적 한방이 약하다!
뻔하긴 한데~ 재밌었읍당
쫌뻔한스토리이긴햇지만 ㅋㅋ이번여름에본영화중에선최고
스토리가 흔하다;
놀랄 때도 있고 웃길 때도 있고 괜찮았음..
조금 놀라긴했따.
깜짝깜짝 놀라는것 빼고는 별로 안무서웠던 영화
최근 본 영화 중에 괜찮았음..
너무 뻔한 스토리에 깜짝 놀래키는 공포밖엔 없다..
진짜무섭다 ㅠㅠㅠㅠㅠㅠㅠㅠㅠ
리마리오나오네 ㅋㅋ
난 존나 깜짝깜짝 놀랬는데ㅡㅡ;
재미없다 돈아깝다
술먹구봐서 기억이 안나 ...ㅋㅋㅋㅋㅋㅋㅋ
이 영화가 무섭지 않다면 도대체 어떤 영화가 무섭단말인가?
스토리는 별로지만 올해 가장 무서웠던 영화
어설픈귀신분장.그러나순간효과는 오스슥 태국영화의 가능성
진짜 재미없었음..
공포영화가 거기서 거기지 뭐.이정도면 꽤 훌륭한거 아냐?
올들어 본 공포물중 가장 무서운 영화!!!!
"소재나 스토리, 연출 등 모든 점에서 신선함은 없는 듯 하다."
대략 잼없던 영화 주인공 대략 리마리오 닮았지 않턴가요?
절대 무섭지않은 허무한 영화. 평점보고 봤다간 시간낭비함 ㅡㅡ
이것저것 다 끌어다 쓴 영화;
낯익은 장면도 보이지만 끝까지 소름 쫙~!!
식상한 스토리 라인. 무섭지도 않은데 공연히 겁주는 척..
여고괴담.주온.링. 무서운 이야기들의 짜집기.
마지막 장면만 좀 괜찮았다.
어렸을적 괴담을 영화화화 한듯.귀신같은 캐릭터Good
음 -- 부기맨보고 보니까 썩 무섭진않지만 소름돋는다.
식상한 두려움
그다지~~ 솔직히 잘 모르겠다
"ㅋㅋ조금 색다른 공포영화,,,"
운전하다 튀어나오는 귀신떄문에 7점
"공포라는 주제에 충실한 영화, 정말 무섭드라"
언제나 놀래키기만하는 공포물과는 다른 새로운 공포물
결말도 괘안코..괜찮은영화이던데..ㅎ
공포영화치곤 괜찮았던 영화...
싱숭생숭해.공포영화의묘미는특수효과라서그런가?좀아닌것같아
학창시절부터들려오던귀신이야기총집합.뻔한스토리!!
최악의 영화 역시 태국 뒤떨어져 중간에 코믹을 넣어주는 센스
흔히 아는 무서운얘기들의 총집합 허나 올해 공포물중엔 상위권
올해 공포영화중 무섭게 봤던영화 결말 진짜 무서워요.
영상이랑 스토리랑 깔끔하게 무서운 괜찮은 태국 호러
옛날 전설의고향을 지금보는 것 같은 뒤떨어진 영화
그냥 깜짝깜짝 놀래는것 빼곤 별것없다
그냥 깜짝깜짝 놀래킬 뿐...스토리 짜임새는 최악..
"역시... 내용면에선 밋밋~ 하지만 , 공포는 보통그이상!"
그냥 그럭저럭... 보통...
이 영화를 별로라고 하신분들은 컴퓨터로 보신거라 생각됩니다.
비교적 볼만한 영화. 그러나 별로 그닥 무섭진...
으윽..잠잘때자꾸생각나고무섭다
내가 봤던 공포영화중에 최고
스토리 운운해서 덜무서웠다.
뻔한 스토리면서도 무서운 영화
제3세계 영화 생소하고 새로운 맛이 느껴짐
정말무섭고어떨땐코믹하고그래요
무섭다.....
4점정도. 여기 알바에게 속한게 억울해 1점
무섭던뎅.........사운드가 반은 먹고 들어가네여~~
영화 보는내네 웃음만;; 무섭지는 안타. 중국식 공포
세련미없는 단조로운촬영
스토리는 거기서 거기ㅡㅡ;; 딱 한번 놀랬다 전율감도 떨어짐
역대여자귀신중 가장 어울리는 듯. 후반부가 무섭다.
오랜만에봤던 정말무서운 공포영화....
"스토리는 식상했지만, 영상적으론 충분히 독창적이였다."
완젼 무서움 ㅠ 보지마셈 ㅋㅋ ㅠ
솔찍히 몇번놀라서 공포영화라고 말할정도 였다.. 별3개정도??
후반부의 자동차와 사다리씬이 최고...
공포영화 중 제일 깔끔하고 쌈박하게 끝남.재미따
여자 울리면 이렇게 된다ㅋㅋ
이제까지 본 공포영화중에 젤무섭고 잼있다!! 자꾸생각남..ㅋㅋ
"솔직히,,ㅋㅋ공포영화많이봣는데,,정말 무섭습니다 ,^^"
혼자봤으면 울뻔했다 -_ㅠ;
주인공남자리마리오랑똑같다귀신생긴것도남자머리에여자가발씌었
헐 무섭다~!!
이정도면훌룡한거같은^^ 강추에요!
후반부가 좀 식상하지만 그래두 공포영화로는좋네요^^
무섭진 않았지만 재밌었다...그러나 엉성한 스토리..
무서워서죽는줄알았음.남자들도.으악~하고 소리지르고 날리던데
후반부는 그냥 볼만..어디선 본듯한 내용들 짜증나기도
이정도면 공포영화로 손색없지
"알바에 속지마세요, 제가 쓴 리뷰 보십시요, 저도 속았습니다"
조용한 .. 그리고 심장이 멈출듯한 공포
귀신이 나올 듯한 느낌을 주었다.
"정말재밌었어요ㅋㅋ특히 차밖에 귀신나올때심장마비,,"
깜짝깜짝 놀라는게 이게 공포영화다 ! 느꼈어요 ㅋ
웬만해선무서운영화그냥보는데이영화는무서워서기절할뻔했음ㅜㅜ
귀신너무 자주등장하는거 아냐?근데 깜짝깜짝놀래키는 재주는ㅋ
동양 문화권이라서 절실히 다가오는 공포. 태국호러의 힘.
웬만해선 공포영화보고 안쪼는데.. 대략 무서웠삼 -_ -
어둠의 경로로 보아서 그런가? 그다지..남우주연이 멋지긴 하다
처음엔 졸라 재미없을줄알앗는데 재밋더라구요 ~
뻔한 스토리 둘째치고 반대로 사다리를 타는 귀신의 완력...
재미있었어 ㅋㅋㅋ
관객보다 앞서가지 못한 뒷북치는 뻔한 스토리.
"지극히 동양적인 스토리라인, 뒷심부족"
재밌었음 ㅋㅋ 무서움조성하는 귀신얼굴
요즘 나오는 영화중에서 제일 무서운것 같음..
태국 영화...;; 정말 안 무섭다는
이거 보고 잠들기 힘들었다..
요즘 호러물중엔 그나마 제일 낫다.
귀신 진짜못생김; 프란체스카에 대교주랑 똑같이생김ㅋㅋㅋ
나올때에는 안나오고 이상한때에서만 나오는 귀신
장르에 충실한 영화-
화장실사건 재미있었음.. 알고보니 게이..
쫌다르나했더니 그냥 알만한내용들..공포라할만한?
볼만한 공포영화...밤에 잠들기 힘들었따..ㅠ.ㅠ..
이것도 공포영화?친구와 가끔 중간에 몇장면 놀랄뿐  졸뻔했다.
태어나서 이렇게 놀라보긴 처음이3
그래두 공포영화 중에선 볼만하다..
꾀볼만했던영화!!ㅋㅋㅋ근데쪼오끔아쉬운면도...^^
솔직히 일본이나 우리나라성우였다면 더 무서울듯.
눈물나와 무섭다고 한 네이버평점은 모냐구 다신알바한테 안속아
졸라 무서웠는데.. 착하게 살아야겠다는 교훈을 남긴 영화.
요즘 들어 공포 영화들 많이 나오는데 그중에서 제일 짱^^
굿여~^^
곳곳에 흐르는 공포영화의 전형적 이야기.
공포영화가 무서워야 영화죠; 안무서우면 그게 영화입니까
난 별로 안무섭던데. 뻔히 알면서 보는 영화
"초반에 좀 뻔한듯 했지만, 마지막까지 내용이 꽉찬 영화 굿!"
공포영화의 정석을 보여주는 영화
스크린을 똑바로 쳐다볼 수 없는 공포의 엄습
귀신..분장안한게더무서움..영화는정말괜찮음
영화보면서 뛰쳐나가고 싶기는 처음..ㅠ.ㅠ
깜짝깜짝 놀랐음..ㅋㅋ재밌음.밤에 혼자보삼
자동차씬에서 딱 한번 놀랬음..내용은 3류
진짜 무서워서 뛰쳐나가고싶을정도
제대로 무섭다.
마지막 장면이 압권 ! 그 장면때문에 진정 무서운 공포영화 !!
원래 공포영화를 잘 못본다. 확실한건 귀신이 이쁘다는거?ㅋㅋ
일본영화와 유사한 작품.예상되지만 무서움.
기본에 충실한 공포영화...
이정도면 재밌음
진짜 재미없었음..
"흠 링2, 셔터, 디아이 10, 그루지 다보았지만 셔터가 젤 났음!"
정말 재밌었어요~~!!!너무 무서웠음!!
강력추천 순간순간 정말 정말 놀랬다 ........
평점이 높네요..생각보다..별루던데;;
태국에서 만들었다는 것이 믿기지 않았을 정도로 잘 만든 영화!!
무섭진 않지만 순간순간 놀람
귀신의 뻔한 등장...허나 뻔한 등장에도 놀랄만한 연출...
예상 가능한 장면이 많아 별루 무섭진 않지만 약간 웃김
나날이 발전하는 귀신;; 귀신 등장할땐 너무 무서움;
태국 영화... 장난 아니다...
태국에서 만들었다고 믿기지 않을만큼... 잘만든 영화
화장실씬과 귀신엄마 콧물신 최고 웃김..=..=^ ㅋㅋㅋ
별로 무섭지 않음.. 근데 결말은  궁금하긴 하던데..!!
"무서워서미치는줄알았음,,,,,,,,"
중간중간 놀래키는 맛이..섬나라 영화 못지 않음..
근래에 재밌게 본 공포영화! 재밌음!
셔터 욕하지 말아라... 솔직히 분홍신이 영화냐?
원래 공포영화 웃으면서 보는데 긴장감과 공포감을 느끼게..
여자주인공이 이소은 닮은듯...영화는 재미있음
존나  재미없다...  ㅜㅜ
인터넷으로 보니재미없지.잘라조지는 혐오물보다 더 볼만함.
피어닷컴 담으로 재밌는 공포영화.괜찮았음.
이 이상 공포영화가 무서워지면 안된다.--
짱 무서워 ㅇ +_ㅜ ㅋㅋㅋㅋㅋㅋ
다 좋은데 귀신이 너무 못생겼다는...
오~결말최고입니다.공포영화의 패턴에 충실한영화
귀신 튀어나올때 조낸 섬뜩하는거다
재미진짜없다ㅡㅡ왜이게이렇게평점높은지이해안됨
이런3류에 돈주고 밨다는게 참 안타깝다. 내돈 내놔라
꽤..볼만했음..;;;ㅋ
역시 귀신들은 각기춤을 춰야혀! 난 웃겼음.
뻔하지만 무서웠다
좀 전개가 산만하고 졸리던데......
확실히... 무섭다. 진부하지만 확실한 공포영화.
"잼있는영화,,추천해요~"
난 재미없었어요 무쟈게 ㅡ.ㅡ 많이 봤던 내용
태국거라고무시하지마시고포스터는아무것도아닙니다
너무 재밌고 일본영화처럼 너무 징그럽지도 않으니 꼭 보세요
"몇번 놀래긴 했지만, 귀신의 모양새가 너무 웃겼음(-_-)"
영화도 무섭지만 소리지르는 관중들때문에 더 놀래요
완전최고 무서움... ㅠㅠ
처음엔 배우들의 말이거슬렷지만 점점보면 빠져든다
전형적인 공포영화지만 뭔다 색다른 느낌?
돌아누어낮잠잔다는 여자의 압박.........
제대로 무서웠다
깜짝깜짝 잘 놀래킴!
일상의 공포 근데 좀 엉성 그리고 많이 놀랬다...ㅡ.ㅡ;;
많이엉성하고뻔하지만볼만함.사진여러장넘겨서움직이는장면은굳!
제발들좀 컴퓨터로보지말고 영화관에서보세여~무섭꾸만ㅠㅠ
별점 8점이상준사람들은 도대체몰까;모든게다뻔함.안무섭고
좀놀라는부분은잇지만..그다지추천해주고싶지는..
웃긴부분+무서운부분+반전
good
엉성하다...
진짜 귀신짱~!손에 땀쥐게 하는영화~^;;
보지마라 코믹영화다
코믹영화보다 더 웃긴 영화. 화장실 씬 강추.!
많은 공포영화를 봤지만 셔터는 스토리가 명확한 괜찮은 영화
라스트가 계속 생각나는 영화다
무서운부분은 눈을 가려서 보지못했지만 나트레가 불쌍하다.
초딩들이 꺅꺅 시끄럽기만 했다 솔직히 무서운거 없다 돈아까워
동양적 공포. 마지막 반전 적극 따블 완츄
와 무숴워요 슬프기도하고 ㅠ
스토리는 별로지만 귀신이 너무 무서워서 내내 눈가리고봤음
스토리고 뭐고 일단 대박 무서움
진짜무서움..ㅠㅠ예상하고 있는데도 심장이 내려앉는..- -;;;;
공포영화를 즐겨보는 사람으로써 점수를 주자면 10점.강추!!
귀신얼굴이 자꾸 떠오르는영화;; 자다가 자꾸 생각남 -_ ㅜ
"알면서도 무서운 영화, 이런 영화가 잘 만든 영화죠. ㅎㅎ"
간만에 무서웠음.
그루지가 더 무섭다ㅡㅡ 이런류의 이야기전개는 질려서;;
무서웠음 ㅠㅠ
"겁많은 사람이 보면 무서울듯, 끝에가면 절정이네요^^"
스토리 완전 꽝. 무서웠던건 딱 한장면뿐. 진짜 실망이다.
진짜 실제로보면 와방 무섭고 보고나서도 진짜 미치겠음
"예고편은 별로였는데 재미있네요^,^+"
애인한테 빰때기 맞고 친구랑 절교하고 싶으면 이영화 추천
너무 무서워서 떨어요.ㅠㅠ
줄거리는 뻔했으나 예고편보다 무서운적은없었다.ㅡㅡ;;
생각보다 별로였음...욜라뽕따이...
내가만들어도 이것보단 재밌겠다
이것도 공포물인가? 너무 웃겼엉....
무섭당~~~~~~~~~
재미없었음 .소재는 참신했으나 전체적 줄거리가 너무 뻔했음.
남자들도 소리지름...10번이상..소름돋고 놀램..ㅋㅋㅋㅋ
정말 무섭3~
일단보고판단해
"징짜 무섭구,,,볼만한 공포영화^^"
오늘구로구CGV7월7일(목)요일 오후9시꺼봤어요
아시아 영화라고 무시하지 마라. 정통 공포는 바로 이런 것이다.
결말 부분.. 어느정도 예상은 됐지만 볼만했어요.. 뒷부분만..
영화보면서 극장에서 처음으로 소리질러봤어요;;
무서울만 하면 안무섭다-_- 진짜 재미없다 완전 지루함
내가 본 공포영화중에 최고였음...
쉴틈을 안주고 놀래킨다는...1/3은 못본것 같다..ㅜ
나도 비명 안지르는 편인데 여자친구랑동시에 비병 질럿쌈
뻔한 내용인데 진짜 무섭긴 무서워요..오늘 잠 어떻게 자지...
로그인하게 만드는 군...솔직히 진짜 별로다...뻔한내용..
안 무서운척 하려고'별룬데'그러면서 보다가 지릴뻔한..
무서워서 그날밤 한숨도 못잤어요ㅠㅠ
정말로 별로였는데..
정말 무서워서 눈뜨고 못봤당ㅜ0ㅠ~분홍신은 각성하라!!
셔터 잼없다고 설레바리 치는 놈들 모냐 알바냐? 졸라 무섭네
정말 재미없어요.놀래는 장면 한 4개정도?? 암튼 재미없어요-_-
놀래는장면은 진짜 많은데..왜 무섭지는 않은지..ㅋㅋㅋ
누구나알고있는귀신이야기.하지만...소름~쫙 다리에힘풀렸어여
연출에 비해...썩 재미있는것같진 않은듯..6~7점정도..
귀신 나올때마다 놀라는 영화! 온몸에 소름이 쫙쫙 끼친다.
"사진속귀신이 돌아보는장면 딱한번 놀램,ㅡ_-;;"
-_-보고 이틀동안 잠못잤어요 ㅠㅠ무섭게봤음다 흑.;;;;;
겁많은 분들은 밤중에 보면 안되요;
네이버리뷰처럼질질쌀정돈아니지만괜찮았어요중반이너무지루함
귀신이 나올 장면이 예상 된다. 그런데 무섭다.ㅎㅎ
굉장히 무섭게봤다~~ 추천추천 ㅋ
영화보는내내두려웠다. 그리고 지금도 내뒤에...
"여자귀신은 최고!그러나 너무 흔한 설정, 늘어지는 초반전개.."
귀신얼굴이 압권...사랑하는 이에게 상처를 주지말자..!!
이거 무섭다. 택사스는 재밌는거구 이건 무서운거다
존네무섭다..
반전적인 공포가 소름을 돋게 하는군요...^~^ ;; ]a
알면서도 놀래는... 그렇지만 뭔가 조금 아쉬운..
끝이 지저분하지 않은 올 해 최고의 공포영화!!!
"절대비추 스토리허접 구성엉성 진짜 보기시간만아까운영화,,"
"귀신이 유재석 닮았는데도 너무 무서움,.. -_-"
한방기다렸는데 썩 괜찮은 한방을 먹였다 굿!!!
잊을수없는 공포영화乃
내용 허접.
개무섭다..정말로..공포매니아인내가 놀라다니..
8점정도?
"솔직히 내용은 별론데, 귀신은 정말 많이나옴 -_  -"
너무 무서웠어요. 어흑..
완전 재밌었어요 극장에서 또보고싶음
다운받아서 여러명이서는 보지마세요 ^^ (극장제외)
관객을 지치게하는 '호러'. 태국 영화라는 신비감만.
좋다. 볼만하다. 공포영화 좋아하는 사람이면 봐라.
기대이상입니다~ 강추!!
무서워서 죽는줄 알았따! ㅠ_ㅠ;;
혼자 보고 기절하는줄 알았네.태국영화라고 얕보지들 말게나..
내용은좀전형적인공포물but긴장감지대!!놀라는재미가쏠쏠하다ㅋ
내용보다중간중간사람놀래켜서무서웠다 쫌쌩뚱맞은화장실씬
잔인하고 지저분한 공포가 아니라 좋았다 볼만함
굿굿굿 제대로 무서운 영화 ㅋ 앞에앉으면더재밋음ㅋ
많이 익숙한 괴담으로 꾸며진 괜찮은 공포물
말이 필요 없네 내돈 내놔~~~~
처음과 마무리가 약간 그랬지만; 중간중간 심하게놀람
아~~~~~정말 보는 내내 너무너무무섭고 재밌었던영화!!!!!
우습게봤다가보는내내소리질러댔던영화완전무서움
갑자기 악!! 소리지르고. 마지막은 예상한..-- 괜찮음
뻔한 스토리에 웃으며 들어갔지만 다리떨며 나온 영화...
너무 무서워잉
이것도 생각할수록 돈아까운영화. 그래서 다시 별하나
구려..
존나잼없어 돈아까워 아존나짜증나 점수주는것도아깝네 ㅡㅡ
정말 기대이상이었음..뻔한 스토리지만 뻔해서 더 무서웠음ㅠㅠ
..이영화마지막부분 보기싫을정도;;
뻔한스토리~뻔한구성이지만 놀라운 공포감조성~!!강츄~!!
창문옆계단을내려오던그나트레의얼굴이자꾸생각나미치겠음
진부한 스토리지만 끝까지 긴장하게 만드는 무서운 영화
"ㅜㅜ 뻔한 스토리지만 음향,스토리가 괜찮았음"
공포물은 역시 한국영화가 짱.!.
나트레 얼굴만으로도 최고의 공포. 꽤 무섭다
돈 낸게 아까워서 마지막까지 본영화 ㅠ_ㅠ
정말..흔한 공포이야기지만 너무 무섭게 잘만들어놨다~!! 강추
놀람과개그의조화귀신역인상무서웠다그리고남자배우가잘생겼어
6점짜리...그러나 귀신캐스팅이 죽였기때문에 +2했다
"다시 보기 싫어..너무 무서워, 스토리와 연출력엔 높은 점수!!!"
스토리 보단 귀신분장 짱 무서웠음.ㅠ 사다리 씬 쵝오
뻔한 스토리 임에도 불구하고 지금까지 본 영화 중 최고 무서움
유치함. 흉내만 낸 공포영화
소름 쫙쫙!!
어릴적 친구들에게 들었던 괴담이 태국까지 퍼진거야? ㅋㅋ..
"적절한 연출, 괜찮았던 공포영화"
"졸았다는사람들은 다 구라,, 대박공포 소름 쫙쫙!!"
셔터에서공포심은뻔히알면서도무서운귀신과음향효과에 있다.
뻔한내용이지만 돈아깝단생각은들지안내욤 볼만해요^^
진짜 무섭던데....=.=;; 작은 반전(?)두요...ㅠ.ㅜ
"지루함.스르르 자다가,한번 놀래켜 주면 확깼다,다시 잤다가."
나트레 정말 최강
"영화 자체 분위기가 으스스, 그러나 너무뻔한 스토리,"
3명이서 봤는데. 여자둘은 자고나는 돈아까워서 보긴 봤다..
이거보고 안 무섭다는 사람...심장이 티타늄으로 만들어졌나?
"주온보는 느낌이어따, 무섭구 섬뜩하구 카메라가무서워졌다,"
강추강추후회안함살짝깔아주는복선은아주센스만점
딱 한번 놀랐고 전혀 무섭지 않은...뇌구조가 이상한가.
76096300 님 불과가 아니고 불가입니다
스토리는 평범하나 잘 구성된 공포영화입니다.
지루하고 중간에 깜짝놀래기만 하고 밤에 봤는데 보다 잤음
달리는 자동차 따라오는 장면이 최고~!
후반갈수록 ~긴장과 공포감이 좋았음 분홍신과 비교불과
살짝만 깜짝놀라는 영화...반전=흔히 알고있는 이야기
귀신분장 안한 맨얼굴이 더 공포다!
소재는뻔한영화허나다른공포영화들과달리공포감을극대화!!
전반에는2%로가 부족하긴 했지만 후반에는 꽤 볼만 하네요 ㅋ
공포영화가 아니다... 드라마영화임
진짜 너무 무서웠음
존내 무섭다. - _- 하지만 스토리는 엉성하다. 반전은 예측가능.
보고 기절하는줄 알았어용 이때까지 본 공포영화 중 최고 !
짧고 굵다.
공포영화최고 링 주온 쩁이 안됨...오줌쌀뻔 -ㅅ-
태국공포물도 그런데로 잼있네요..
뻔하지만귀신이너무무서웠다남자친구도소리지름-_-
목아플때부터알아봤다놀래기만했따내용재미없다
많은공포영화를봤지만정말재미 없습니다.
돈 아까운 영화
"공포영화를섞어논듯한,결말이뻔히보이는영화,끝에30분은,제대로,"
공포영화중최고야
최근엔 볼만한 호러영화가 없네..
심야영화보고빗길을달릴때등골오싹을제대로느끼게해준영화!!
마치 일요일에 하는 서프라이즈를 보는 느낌???
악플다는사람들은겁이 없는거구만.정말이지 최고의 공포영화...
시원한 영화. 스토리 구성력이 약해도 나름대로 현실성(?)있음ㅋ
밑에분...전 여친이 놀랠때 마다 구타 당했습니다 ㅋㅋㅋ
여자친구 울었음.나도 놀랐음. 엄청 무서움.
전체적으로 봤을때 마지막 부분이 제일 재밌었음...
다들 왜저래? 이거 개무서워~진짜...결말이 깔끔해 그리고
최악이다...차라리 슈퍼맨이 더 무섭다..
귀신이 진짜 무섭게 생겼음 (흑흑)
모든 걸 제쳐두고 무서운 것만큼은 최고다.
지루하다. 졸다가 마지막쯤에 조금 움찔. 시시하지 이 정도는.
뻔해도 무섭다.
깜짝깜짝 놀랬잖아~~~~
초반다소지루.뻔하나꽤무섭다.심야보다넘놀래서스트레스이빠이ㅠ
"공포의강도,모든면,링,주온생각하고 보시길..주인공남자 사진빨"
정말 약하다... 일본 공포에 비해... 재미없다
극장에 가서 신비한TV 서프라이즈를 보고 왔다........
맨 마지막 장면이 아직도 잊혀지지 않음..
징그럽고 장인한 공포에 질리신분들에게 추천
"사운드, 귀신 분장이 쵝오! 아쉬운 스토리. 그래도강추"
여친이랑 같이 보세요..강추
알면서도 무서운 영화..눈을 감아야하지만 못감는영화.
남친이랑 꼭 같이보세요! 아님 짝사랑하는 남자랑ㅋ
으아~진짜 무서워요!
진짜 무서워요!!!!!!!!!!!
이글을보구있는당신도 목이 아프지않나요 난~목이 아퍼요
무서워죽는줄알았다..영화보다 소리지른건 첨인듯..-_-;
동양적 호러에 너무 충실한 영화...
예상안되는 공포영화도 있나? 더이상 뭘 그렇게 바라시나?
이런영화 정말 싫다-
알바와의  점수차이좀 봐 ㅋㅋㅋ
뻔한 스토리이지만 사운드도 좋고 잘 만든 영화입니다.
청각으로만 느끼는 삼류영화
예상되는 스토리지만 마지막씬 귀신은 잔상이 오래갑니다
뻔한 스토리지만 확실하게 보는동안은 무섭다
아휴 소리에 더 놀라구 귀신땜에 더 놀라구 여하튼 무섭습당
보고 있으면 다음장면이 먼지 다 예상되는데 그래도 자꾸 놀란다
우히히.. 이것도 영화라고..-_-
무서웠다. 후회 없었다.
존니 무서버 보지마
관객을깜짝깜짝놀래켜죽이려나보다!스토리는지루함
전 절대 알바 아님... 간만에 보는 동안 무서웠음...
일본식의공포영화단순한내용과심리적인공포의규합
존나무섭네 ㅅㅂ
재밌기만하구만....  ㅡㅡ;;
공포영화의고전적인 수법만 존재. 놀래키는거 외엔 별거없어요
은근히 무섭넹....ㅋㅋㅋ
루즈한 드라마라고밖에 할말없당
주온+우리나라 귀신이야기~ 깜짝깜짝 놀랐다~ㅋㅋ
조용히 말하다 왁~~ 하고 놀래키는 류의 영화 ㅡ.ㅡ;;짜증만땅~~
무더운 여름~ 살짝 추위를 줄 수 있는 영화!
이만한 공포는 전설의 고향이 더 나음 돈주고 보지마세요..
욜라 재미없네~~ 대실망
"시각적,청각적으로  무섭긴한데, 보구나서 짜증이 나는지.."
동양 공포영화 특유의 무서움..진짜 무섭따
이것도 공포영화라고 만든거냐?어이없다
이번 여름 공포영화중에 진짜 볼만한 영화임 강추 ㅎ
울나라영화 '령'이 훨났다..ㅜㅜ;
장난하냐?
약간 지루한 면도 있고 너무 뻔한 스토리지만 잼있다
진짜 재미없음 -0- 소리로 놀래키고 식상한 공포영화스타일-0-
이쯤은 해야 공포지
사진기라는 소재가 다소 독특했지만 그 이외에는 별로
괜찮네...나름대로 느낄 수 있는 공포는 모두 느끼게하려한듯
스토리나 영상도 이정도면 양호. 태국(방콕?)식 공포.
혼자 보니 무섭네;;
결말이 깔끔한 영화... 재밌게 봤네요..
귀신 역할 한 사람 정말 무섭당...
진짜 무습다 ㅡㅡㅋ
결말이 오싹한 정말 잘만든 공포영화!10회이상의 비명!!
내가 왠만해서 공포영화 웃으면서 보는데 이거대박 무서웠다!
우와 진짜 재미없다
절대 보지마시오!!!!!절대!!!!!절대!시간이 아깝소!!!!절대!!!
별로 재미없네... 쩝//
뻔한 내용이지만 공포에 무딘 나를 놀래킨 영화 진짜 강추~~
"마지막에귀신이잇는곳이거기라니,무서웟음"
서늘하다.. chefwoo님 싸구려라니..요! 확실히 제대로 봤나요?
태국영화...다시봤음..혼자서보면 90프러 절명함..-_-
아.. 진짜 무습네.... 뒷골 땡기고 머리아퍼..ㅠㅠ
싸구려 저질 태국영화좀 고만 수입해라
그다지.
공포의 스토리는 뻔하고 짜집기가 분명하지만 영상은 오싹함..
귀신은주온비스꾸리하고~스토리는울나라90년대무서운얘기수준
주온+디아이+링+다큐멘터리... 그러나.. 이해는 너무나 쉬운...
어디서 많이 본 장면의 짬뽕
에어컨짱! 공포짱! 게다가 아이스크림까지... 얼어죽어!!
오랜만에 많이 놀랬다...소리에 깜짝깜짝~~재미있었어요~~
"넘 재미있었어요, 공포물 본것중 제일이었어요.^^"
정말무서움...
진짜 무섭다..기대안하고 봤는데 꽤 무섭네요
진짜 무서움!! 쵝오
어디서 튀어나올찌 빤히 아는데도 튀어나오면 놀랄수밖에 없는
공포영화 태어나서 첨보는사람만 보세요
별기대없이 보러가서 무지 무서워하면서 봤습니다..
재미없음...그래도 꼭 보고 싶으시면 비디오 나오면 보세요...
이것도 영화냐 ..?
다른 공포영화보단 좀 떨어진 느낌. 수준은 디아이정도
나트레는 귀신이 되기전도 굉장히 무섭다..-_-;
귀신이 생각했던 것보다 안 이뻐서 안 무서웠다~ㅋ
무서웠음.. 무서우면 그걸로 된듯..
무섭긴 하더군요 ㅠ_ㅠ
그나마 놀랠킬때를 알지만 뻔히 예상되는것과 다소 지루함..
지금까지본 공포영화중 제일 멋진공포영화ㅋ진짜꼭봐요_재밌어ㅋ
이정도면뻔할헐리웃보다낫다.역시우리는괴물보단귀신이더무섭지
"오랜만에 무서웠는데,-_-;;  긴장감하며,;"
진짜 놀라게 하고 조여오는 긴장감이 굿
무섭긴 하지만 스토리는 뻔함...
정말 무서움..
볼만함.ㅋ 사람놀래키는데 짱이네..간떨어지는줄았았음
진짜 재밌음. 하나도 안 무서움.
ㅡㅡ; 무서움 귀신...ㅠㅠ
중간중간 몇번 깜짝놀래킴...스토리는 뻔한수준.
뻔한 내용과 귀신답지않은 우스운 장면으로 긴장감저하
이거 집에서 혼자밤에봐야 진짜 오싹.. 영화관에서보면 X
긴장감없는 공포영화라니; 스토리도 뻔하고 지루하다
최근에 본 공포영화 중 가장 무섭다..
벌써 봤음...근데 별루 안잼있음 별다른 내용없음
긴장감 전혀없는 호러답지않은 영화...
죽은넘들 다 죽을짓해서 죽네.순간 순간오싹해서 볼만함.
작년여름에개봉했던한국공포영화보다는 훨  괜찮았던영화...
그다지기억에않남든영화 마지막남자주인공목에있을때만 무서움
영상만으로 충분한 영화. 동양적인 공포.
이제 됬나?/ 싶다가도 다시 조여오는 긴장감
비명2번질렀다 참고로난남자 차위에여자지대 ㅡㅡ 내용도좋고
정말 기대에 못미치는 공포.
남자주인공 눈밑에 사마귀가옥의티
태어나서 제일무섭게 본 공포영화;;(귀신너무무서워)
진짜 60년대 한국 귀신영화..켁~
귀신분 섭외 굉장히 잘한거 같다는 생각이......
보자마자 바로 남깁니다. 로긴을 하게만드네요.진짜 원츄!!!!!
대단한 음향효과의 두근거림. 허나 내용전개는 실망을했다
극도의공포에서헤어나려는당신의거짓된모습을 보게 될 것이다
굿~! 공포영화 매니아님들한테 적극추천합니다~
야이씨...누가 이렇게 무섭게 만들래....
공포분위긴 좋았으나 귀막고보면 50% 덜무서움.ㅋ
정말 무서움--;
더울땐 공포스런 영화가 좋긴하다
오랜만에 정통 공포!꼭 혼자보세요!전 소리지르다가 목쉼!ㅋㅋ
별로다...
이제껏 본 공포영화중 공포지수 최고!! 대박예감
올여름최고의공포영화가될껏같군요
최근본 공포영화중에서 단연 최고라고 생각합니다.꼭 보세요
정말 무섭더군요..공포영화 좋아하시는 분들 강추입니다~!
무서웠다~~~~ 귀신 얼굴-.ㅜ 음향도 한몫한다..
공포매니아로서..요즘 나온 공포영화중에 제일 괜찮았다
우리나라 정서와 비슷한..공포..그런대로..
공포영화의 원조를 보여준다..
인과응보라해야되나?암튼..재미있으면서 무서운 영화 였어요..
딱한번 놀랬다 그리고 무료하다
잼있었습니다. 긴장됐구요.깜짝깜짝 놀란
시사회보고 바로 올리네요~ 오늘밤 불 못끄고 자겠습니다...
스릴도 긴장감도 없을뿐더러 왠 코믹까지 곁들이는지..
반전은 어느 정도 예상되지만 영화 보는 내내 무섭다.
한국공포영화+일본공포영화(주온)
뻔한스토리//중간중간 잠깐 깜짝놀라는거 밖에 없음//
으....진짜 춥다... 그리고 목 아프다.....ㅋㅋㅋ
진짜 볼만한 공표영화!! 강추!! 돈 내고 봐도 후회 안함
정말 볼만함 ㅡㅡ 불끄고 소리는 헤드셋으로 들으세용죽임돠
혼자 자취하는 사람은 보지말것...  존니 무서워.. ㅡㅡ;
겁나게 아주 많이 잼있다-_-!!!
공포매니아인데이거보고밤길못가요정말최고
스토리가 엉성하지만 나름대로 괜찮은 영화
연출력이 돋보이는 공포영화
흔해빠진귀신이야기
"소리로 놀래키고, 연기로 웃긴다."
여주인공의 형편없는 연기때문에 -2점
남자들의 죄의식이 목을 조르게 될 것이다.
작년이나 요즘 나온 공포영화중 가장 볼만한 영화..~~!!
괜찮을꺼같음..ㅋ
공포감은 그런대로 괜찮다. 하지만 반전이 너무 뻔하다..
마지막의 반전? 이랄까.. 섬찟 한 그느낌 ㅜㅜ 무셔영
존니존니 무섭다 디 진 다.
이런영화왜개봉되는거지?...이건마이너스로올인이다...꺄악~퉤!!
그루지나 링2보다 훨 낫다
혼자 보면 무섭다.ㅡㅡ;
혼자봐도 코믹물!!!!ㅋㅋㅋㅋㅋㅋㅋㅋ
뻔한 스토리지만 그래도 무섭다....
무서웠다... 자세한건 제가 쓴 리뷰 참고 ^^.v
"혼자보면 공포물, 둘이보면 코믹물."
정말 공포영화를 수도 없이 보아왔지만..셔터..최고다..
그냥 깜짝깜짝 놀래키는 수준의 영화.
서양공포물과는 다른 센스~!!
오랜만에 절라 긴장하며 봐따
기대이상.......
두번봐도 똑같은 장면에서 놀랐다...젠장...-0-
혼자보면 소름 쫙~~
화면보다 소리의 압박-_-+
태국에서 여친과 보다 기절할뻔 함. 옆으로 슬쩍 볼 정도..
공포영화중 뒤끝없고 깜짝깜짝 많이 놀라고 강추한당
내용이 좀 빈약하지만무서운건 무서워잉 ㅠ  ㅠ
절라 무섭다....
공포물 안무섭다고 자부한 제가 이렇게 쫄긴 첨이네여.최고!
간만에 놀래봤다..ㅋㅋ
무섭네여..ㅋㅋ
짜증나는 영화!
무섭다기보다 사람을 엄청 놀래킴
"이런게공포영화다 볼만함 링,주온보다 훨나은것같은데"
태국에 극장에서 봤음. 링보다 두배 무섭고 재밌었습니다.
갑자기 튀어나오는 귀신과 소음...놀래키는 것도 공포영화라면..
도입부가 쓰잘데기 없이 김....대신 결말이 조금 커버하네
공포에 충실한 영화.
정말 공포가 무엇인지 깨닫게 해준 영화!!!! 최고다!!!
보고 있을때보다 보고나서 더무서운 영화 `ㅡ`
기대는 않하고 봤는데 볼만하다 나두 요즘 목아픈데ㅡㅡ;
꼭 혼자서 봐야한다. 둘이보면 재미없음
오랜만에...대만영화 대박이다...무섭다..이말밖에는...
태국영화의 진수!!
태국이 달리 보인다!!! 극한의 공포!!!
"오랜만에본괜찮은영화.스토리,사운드,시각효과.Good!!"
지극히 평범한 공포..소리만 요란한..
절대 혼자서 불끄고 보지마시오..혼자보다 심장 멎는줄 알았네..
공포에 대한 정서가 요상하게 비슷하긴 하다.그래도..쯥.
뻔한 스토리다. 하지만 이번엔 각오 좀 해야 될거다.
태국 영화라 해서 기대 안하고 봤는데 정말 잘만들었네요
한국의 토요미스테리 극장! 태국에서 영화화!
aaaaaaa
스토리는 그저그렇지만 괜찮은 공포
8~9점주고 싶은데 1점짜리 악플러들 때문에 10점준다.
역시..태국영화..;;;
보다졸려서잣거덩~와~~~평점 진짜 심하다~ 머리에총맞았냐?
내 등이 자꾸 굽는데.. 이유가 있었어..귀신이엎혔어ㅠㅠ
"졸라 무섭다...아직도 덜덜덜덜덜...ㅜ,.ㅡ"
-_-6월30일 개봉인디?;;;;;;; 어디서 본겨
셔터....미치도록 무섭습니다...
말이 필요없는 영화입니다.극장에서 꼭 여자랑 봐야지~~
제가 본것중에선 최고의 공포물입니다!!!!!
태국의 공포영화에 한번 기대를 해본다...
스릴넘치고엄청난반전이잇는영화보면 후회 안합니다.. 꼭보세여
초슈퍼울트라하이퍼그레이트메가톤급강추   혼자보지마셈
오~~태국영화에서 이런 공포가~~대단티~^^
허미 무선그..졸라놀래서 아직까지 멍하네.
오랜만에 제대로 무섭게 본 영화
재밋는 공포영화. 정말 '재미'가 있었다.
별로
사람 피 말린다...대단한 공포...
"어설픈 스토리, 허접한 귀신. 주인공. 모두 꽝."
정말끝내주는 영화입니다. 역대 최고 공포영화인것 같습니다.
유치한 한편의 전설의 고향.
한국과 일본의 제작자들은 좀 보고 배워라...진정한 공포
셔터한글자막만든사람입니다.태국정서가우리나라와비슷해서썸뜩
어디서 많이 본듯한 귀신등장 장면들..... ^^;
졸리 무섭다. 공포영화 수작.
남자혼자  밤늑게 방에안자 방에불끄고 보면 아주~(~..~) 닳살이
영화 보는 동안 놀란적 여러번.. 마지막 장면 좀 섬뜩!!
걍 볼만했다 태국에서 만들었다는데에 8점
태국영화라 함봤는데 사다리씬 아직도 섬뜩하네요..ㅠㅠ
귀신 생긴거 진짜 무섭다.
6점줬는데시간이갈수록..머리에남네- -산발해서기어나오는건식상
쓰레기
사람들 소개시켜주고 쵝오 소리들은건데 평가가 왜이래
"그루지,링,셔터 그중에 그루지최고내 이기 영환지..쳇"
이정도면 돈내고 봐도 아깝진 않을듯~ 연인과 같이~^^*
질질싼다 ...요즘껏중 쵝오다
다녀오고 무서웠음 귀신은 좀 징글징글
지루한 시나리오에 예측되는결말..링을흉내낸듯한귀신
..정말 깜짝깜짝 놀랬다.. 다만 줄거리가 아쉽다.
공포영화의 정석
리마리오 주연이네. 내용은 별로인데 무서운 장면은 많이 나옴
최근 공포영화중 단연 최고가 아닐까?초반은 지루하다.
꽤 좋았음. 허나 의미없는 장면이 많았고 약간 지루한 내용.
이 태국공포영화 재미있고..간만에 소름이  쫙.....
무서운 것만 따지면 아시아 공포영화중 가장 무섭습니다.
초반에 진짜 지겹지만.. 후반부로 가면 볼만함..
솔찮히 무서움...
깜짝깜작 놀라는거 올만에 본거같아요
오....쪼인다 쪼여..
평못쓰겠다.피OO에서 다운받아봤는대 도전히 볼수없었다..
몇몇장면은 주온을 떠올리게한다
마지막 장면 보고 무서워서 눈물이 다 나더라..ㅠ.ㅠ
그루지가따 버려라 이건 안놀라면 심장 없는거다
진짜 무섭다 공포영화중에 수준급이구만.와 기절하는줄 알았음
전 공포매니안데 정말 눈가리면서 본영화는 이게 첨 느무무셔
올여름을 충분이 얼릴수 있겠습니다.아이~~추워.-
동양의 귀신은 이런것이다. 잘 들보세요...
아...간만에 정말 깜짝깜짝놀래는 영화봤다...만족도 90!!
"심장마비 걸리는줄 알았씀,,,,"
공포만화에 나오던 소재들 짬뽕
어둠의루트로 보지말고 영화관에서 봐라.
기대안하고(공포물인지 모르고) 봤다가 대박작품~ 밤에 잠못잔다
이거보고 심장 떨어져서 죽는줄 알았음...;; ==
짱무서움.진짜밤에혼자보지마셈나도그렇게보다심장마비걸릴뻔.
너무깜짝깜짝 놀라서 짜증났음.강심장도 안놀랄수없을꺼에요.
화들짝 놀라는 장면의 전형적인 공식.. 예상했지만 끔찍한 상황
진짜 공포영화입니다
올만에 제대로 놀라네요.혼자 보면 대박임. 마지막 장면도..
-_ㅡ;; 끝났다
진짜 무섭다..내 어깨도 무거운데 이런..
2번봤는데 진짜소름끼치고 무섭네요
=ㅂ= 혼자보다 눈가렸네 쩝;; 강추다
23분 보고잤다는넘....끝까지좀 보고쓰던지...무서워서 잤냐?
초강추... 이런게 공포영화지... 무조건 보세요~ 시원한 여름~~
졸라 무서움 죽는줄 알았다..처음으로 소리 줄이고 봤다.ㅡㅡ;
형은이거 혼자봤다
보지마라. 시간 아깝다.
섬뜩..잔상의 효과..깊이 생각하지 마세요
일본의 공포영화를 리믹스 한듯한 따이빼이 영화
깜짝깜짝 긴장감 쵝오!!
"뻔한 스토리,, 주온과 귀신이 너무 흡사함. 웃겼음"
분명b급호러지만왠만한한국호러보다백배낫다
혼자 새벽에 보다가 무서워서 혼났다....
잼난당께~~ 무섭구~~
기대이하..
요즘 나오는 어설픈 공포영화들보다 훨 낫네요
오래간만에 공포영화다운 영화본거같아 후련~~~
전이거진짜무서웠음 ㅠ-ㅠ별루무서움안타는데;;
뻔한 이야기인데... 정말 섬뜩하다! 머리속에 오래남네!
진짜 잘 만들었다 기억에 남을 공포물 정말 강추
보는 내내 긴장하면서 봤네요. 감히 최고의 공포영화라고 생각함
그여자는 죽기전에도 얼굴 싸~하던데.. 귀신되고는 작살나네
요즘 공포영화는 시시해.그러나~~
"무섭고, 구성도괜찮고, 결말도 괜찮고,"
존내 무섭네...ㅅㅂ
마구섞어버린 맛없는 짬뽕...머 그래도 아쉽다면 할수없고...
섬뜩한 장면이 몇장면 나옵니다. 어설픈 영화보단 무서워요
"보다껐슈,,,"
네번 놀랐으니 4점..평점 높은 이유를 모르겠음
악평점이 많네요.공포영화를 즐길 줄 모르신 분들 이십니까...
제길 재미있는줄 알았는데..
#NAME?
크.. 무서버라 중간에 놀래키는거 예술 ㅋ
정말이지 오랜만에 공포영화다운 공포영화 하나 발견!!!
주온도 충격적이었는데 더하네요 정말 기절하는줄 알았음 -_-;;;
심장 약하신분!! 절대로 혼자보지 마세요. 죽을지도 몰라요.
최악의 영화 5위권
무서버......정말정말.....
NO1
다른공포와 비교할수없는 그런 공포!!
아나 놀래서 기절하는줄 알았다 이거.. 엄청 무서움
원래 주고 싶은 점수는 10x 100점 주고 싶다
근래에 보기드문 수작 태국영화 솔직히 엄청나다 휴우
겁없기로 소문난 남매를 나자빠지게 했던 그 영화!!!
엄청난 마지막..
재밌네요..역시 호러물은 깜짝깜짝 놀라는 맛에 보네요 ^^
나도 목이 아픈게...ㅡㅡ; 밤에 혼자보면 재미 두배 !
약간 다른거 섞은 감은 있는데 스토리가 짜임새가 있음 good
- _-
상당한명작.
무섭다..노약자임산부보지마세요..혼자보면OO요
동남아도 영화 잘 만든다
공포물 별로 안무서워 하는편인데 많이 무서웠다.
볼만합니다..여주인공도 이쁘구요..
한국 찌질한 공포물보다 정리도 잘되고 사람을 놀래킬줄 안다.
태국 영화 예사롭지 않다.
"내용은 뻔해도, 공포적 장치들을 잘 배열해서 무섭다..추천.."
"뻔한 애기,뻔한 구성,뻔한 연출 그래도 직접보니 무섭다"
"지금 봐선 유치할수 있겠지만,그떄 당시에는 굉장히 무서웠던 기억이 납니다 연출도 괜찮았고.무엇보다 귀신분장이 살벌했던 기억이~~~그때 당시 기준으론 무서웠던 공포영화 입니다 ."
옛날 영화 이지만 난 무섭게 잘봤음ㅋㅋㅋ스트레스 쌓일땐 역시 공포영화 ㅋㅋ
인생 최고의 공포영화 젤 무서웠음
스마트폰으로 보다 화면에 비친 내얼굴이 더 무서움
하도 재밌다기에 봤는데 음.. 갠적으론 실망스러웠음. 좀 풀리지 않은 의문점이 있고.. 내가 잘 놀라지 않아서 그럴수도 있겠지만 막 식겁하고 잠 못자고 그럴 정도는 아닌듯함. 그냥 그랬음.
어려서부터 공포 영화를 즐겨보던 나였다. 물론 한국 공포영화는 깜놀 전문이라 안본다. 근데 이영화는 원초적인 여성의 면상 만으로도 개 무서웠다.. 머랄까.. 악마를 본것같다고 할까.. 지루하다는 사람은 그냥 영화볼줄...
공포영화는 태국이 짱이네..
태국공포영화가 젤 무서운거같음사람 놀라게 잘만듬
"전형적인 귀신 공포 영화, 스토리도 뭐 짤막한 괴담 수준 단순 하면서 무서운, 가볍게 볼 수 있음 갑툭튀물 중에선 최고로 침 개인적으로 해외 동양 공포 영화중에 주온1이랑 이걸 최고 친다"
첨부터 끝까지 긴장을 풀수가없네... 도대체 이게 별로라는사람 이해가안됨
낮에 봤어 그런가 생각보다 무섭진 않음 새벽에 다시한번 봤야겠음
내 인생 공포영화 중 최고임!! 공포영화 즐겨보는데 셔터는 보는내내 장난아니었음 ㅠㅠ 특히 귀신이 너무 섬뜩하게 생겨서 후유증 오래감 ㅋㅋㅋㅋ 역시 공포영화는 태국이 갑임!!!
하도 예전에 봐서 장면은 기억이 잘 안나는데...하여튼 귀신 나오는 씬에 서 귀신 개무서워 ㅠ ... 제대로 못봤던 기억이남.. 그리고 마지막 소름 돋
무서운거 참으려다가 나도 모르게 으흥~ 하는 변태신음소리를 내버렸다ㅋㅋㅋ ㅅㅂ 쪽팔려
난 보는 것보다 듣는 게 더  소름 돋아야 놀라는 편인데 옛날이라 음향이약간 아주 약간 아쉬웠고 솔직히 허세 부리지 말아 십대들아 이러는 데 후반부 침대에서 여자가 나오는 부분부터만 소름.약 20분 농축.남주랑 친구...
기대가 컸나... 그나저나 남주 쓰레기자식 ㅡㅡ
BEST 공포 심령 영화였다
매일밤 도전한다 결국 포기하고 다른 공포영화 찾게 된다너무 무섭다 전설의 고향만큼 갑인영화
차원이다름 ㅠㅠ장난아님
음향효과가 뛰어나고 무서운 부분은 확실하게 보여주는 영화인거같다 그런데 그 부분이 너무 확실하게 드러나서 뻔하다라는 느낌이 쉽게 가시지않았고 패턴또한 눈에보였다 예상치 못한공포보다는 확실한 공포감을 주는 영화인듯
다덜 사다리 자동차 추격씬하는데 난 침대이불내리는씬이 후유증은 더컸다
솔직히 마지막 문에 비치는 장면이 젤루 무섭지 ㅋㅋ착하게 삽시다 닭근혜씨
너무 기대하고봤는지 오래된 영화여서인지...난 잘 모르겠다...
내인생에 소중한2시간을 버린것같다
공포영화마니아인 내가 그닥 무서웠던 공포영화는없었는데..셔터는 일부 무서웠던 장면이 제법ㅋㅋ
귀신모습 완전두러내기 전에는 좀 무서웠는데 나오니까 좀 웃기게생김..ㅋㅋㅌㅋ
"아 ㅅㅂ  귀신이 너무 무섭게 생김,,   ㅅㅂ  계속 생각난다,,, ㅅㅂㄳㅂ"
깜짝쇼호러물중에선 베스트
무서워서 불키고봐서 그나마 나음ㅎㅎ아님 지릴듯
어우;; 지릴 것 같아...
공포영화중에 귀신분장은 셔터가 제일 잘한듯... 근데 공포영화보고 무섭다고 느껴본적이없음... 공포영화보면 무서운것보다 귀신분장어떻게했는가가 먼저 눈에들어온다능 ㅠㅠ... 쨋든 셔터 귀신분장최고
파라노말 액티비티 마크드 원스 보다 더 무서움을 강조시키고 이블데드 리매이크 귀신보다 더 무섭고 툭 튀어나올줄아는 귀신ㄷㄷㄷ 고로 남자인대도 속에서 진짜 무서웟다 난 진짜 이영화가 2005년에 개봉한줄은 진짜몰랏다 ...
별로...무섭지도않고 그냥 몇번 놀란게 전부
영화관에서 나를 공중부양시킨 영화
와 예전에 정말 무섭게 본기억이있어서 그때 생각나서 다시 불끄고 혼자서 다시봤는데 오래된 영화임에도 변함없이 오싹하고 무섭다
마지막 장면 의 전율....
진정한 공포를 보여주는 공포영화
정석적인 공포영화. 공포의 롤러코스터를 탄 느낌이다.
호러 공포 스릴러에 익숙해져있던나에게 신선한 충격이었다.
난 이거 절대 다신 못보겟다 ㅠㅠㅠ
"31살 남자인데, DVD방에서 이거 보다가 진짜 울뻔했다."
대부분 사다리부분이 무섭다고 하시는데 저는 목마타고잇엇을때가 지렷습니다...
이 영화 보고나서 내가 본격적으로 태국 공포영화 마니아가 됐지 ㅋㅋㅋ
"태국 공포영화중 최고라는 영화가 이정도면,,, 솔직히 앞으로 태국공포영화는 안봐도 될듯하다..."
귀신이 그래도 놀래켜주려고 노력하는모습이 가상해서
정리해드림. 이게 안무섭거나 별로인 사람은  진심 존경스러울정도로 강심장인 거임.  왠만한사람은다들 오줌  제대로 지림.
"무서운건 느끼는 사람마다 다르니까 ,, 근데 ,, 초반부에 교통사고 나는건 뭐임 스토리랑 뭔 상관임 ,, 여자 귀신이 이제 복수할거다 라고 예고 라도 한거임?"
좀 유치한것만 빼면 그럭저럭... 그나저나 남자 OOO...
"무난무난한 공포물. 같은 공포물이라서가 아니라 소재의 비슷함, 공포전개방식에서 적절히 떠트려주는 부분에서 보는동안 하지원주연의 폰이 자꾸 떠올랐다. 착신아리같은 저급한 귀신물은 아니니 재밌게들 보시길."
이런 초 개그는첨본다 ...무섭기는 규섭년들아
근데 진심 무섭지는 읺다... 머가무섭다는거지... 과장이 심한사람이 많네  쩝..
안무서움
그래내가끝까지한번봐줬다아오
귀신영화중 가장 재미없게 본 영화 ..
내 생전 공포영화 보다가 잔 건 처음이다.
"이게 뭐가 무섭다는건지,,ㅡㅡ  알바들의 낚시인듯"
뭐? 왠만한공포영화는껌이지만 이건아냐? 이거 아주 웃긴데?
오줌 지리게 무섭대서 몇년 전에  DVD방에서 친구랑 둘이 봤는데 보다 잠들었어요 전... 다시 제대로 봐야겠네요 얼마나 무서울지
와 지금 봐도 한국영화랑 비교도 안되게 무섭습니다 ㄷㄷ
인생 공포영화. 이 영화 이후로 공포영화들이 무섭게 느껴지질 않아...
이런 공포영화는 다시 못볼듯 제일무섭다
이건 수년이지나도 갑이다. 이거보고 셀카도 찍기싫었다.
역대급으로 무서운영화임
글쎄 지금 보니 단순함과 허술함
리뷰에많은사람들이무섭다고해서봤는데...아니진짜무서운거좋아하는사람들은실망할영화인듯해요. 걍지루하고뻔하고별로에요. 스토리전개도별로에요
컨져링에이어 또 낚였네
도대체가 뭐가무섭냐 호구들아
갠적으로 공포영화 무서워서 잘못보는데 진짜 이건 아니죠...;;
어릴때 후반부만 봤던 기억이 있고 공포영화 무섭다는 게시글이나 베댓고 그렇고 자주 있길래 봤는데 진짜 하나도 안무서운데용...시각적 공포밖에 없어서 그런가
무섭긴한데 평점만큼 재미는 업음노잼
이게 무섭냐? 보다가 잤다
모르겠다.... 내가 무서운걸 잘보는편이라 그런지 모르겠는데일단 서두가 너무 길다....몇군데빼고 보다 졸았음
오랫만에 다시 보고싶은데.. 유독 셔터만 너무 무서웠어서 엄두가 안난다.
평점을 몇 점을 주든 개인의 자유입니다.
50년대급 섹스신과 관객 예감 적중 99%
엄청 무섭대서 쫄아서 봤는데 똑같은 귀신에 스토리 너무 뻔해서 재미없다.. 괜히 기대했네
오늘 새벽에 해당 영화를 보았습니다. 불쌍한 여인 한명과 나쁜 놈들에 대한 이야기입니다. 천벌을 받은듯 합니다 그놈들 말입니다. 귀신이 무섭지는 안았습니다. 슬픈 이야기였습니다. 고인의 명복을 빕니다.
평점들 진짜 본거맞음? 킬러조같은 평점주기임?
[EJ] 나홍진 감독과 신작 공포영화를 함께 연출한다는 감독의 영화라서 일부러 찾아서 봤다. 결론적으로 말하자만 나름 재미있는 태국판 '전설의 고향' 정도! 개인적인 공포 지수는 많이 낮은 편이다. 한...
상당히 전형적인 전개에 뻔하기는 하지만...
1차원적인 공포를 열심히 퍼붓는다. 강도는 제법 쎄다. 청각과 시각에 예민한 사람들은 치명타를 입을 정도~ 하지만 스토리라인과 귀신등장장면등이 익숙한 편이여서 무서움이 덜하다.
공포영화의 레젼드~~
평점이 생각보다 낮네요
무서운거 재밌게보는데 이건 진짜 간쫄리며 본 기억이 ㄷㄷ...
답답한 주인공은 영화보는 사람을 짜증나게 만든다.
재밌네요 ㅎㅎ 귀신도 무섭고 스토리도 재밌고 공포영화 좋아하는데 간만에 쫄깃하게 봤어요!
공포영화중에 최고인듯
베스트 평점멘트에 동감하며 10대 유치한 나이에 유치한 짓하며 유치한 영화라고 하네 우습다 그냥
예전에 피OO에서 봤는데 사람이 많았음에도 불구하고 엄청 무섭게 본 영화 내인생 최고의 공포영화
밤에 불끄고 혼자 봐자. 난 보다 지릴뻔했다
내가 유일하게 인정하는 공포영화
울면서뛰쳐나간영화는처음ㅜㅜㅜ
무서버  내용도 굿ㄱㅅㄱ
스토리는 진짜 별거없는데 재미는 있네
"본지 거의 10년가까이 되가는 느낌인데, 그 당시에 정말 무섭고 공포스럽게 봤음.. 지금 봐도 아마 재밌게 볼 듯"
"다시봐도 무서운영화 ;,,,"
극장에서보다가 소리에 심장마비걸릴뻔
서양사람들관분명다를것이야 ㅎㅎ 허나 귀신이라는영혼을 무서워하는 동양사람들에겐 이영화는안성맞춤이다 여러엄청난장면이있지만 뭐니해도 top은 후반부자동차추격신 진짜지림 ㅠㅠ 트렁크위에앉아있는 섬뜩한장면은 한동안후유증이올수...
한국공포 영화도 이정도만 되봐라.물론 갑은 엑소시스트1
중딩 때 처음 봤을 때 진심 무서워서 이거보고며칠 간 잠 못 잤다 그런데 고딩 돼서 다시 보니까 이게뭐야?싶을 정도로 별로 안 무서웠다아마도 커가면서 두려움이 많이 없어진 듯함 하지만 확실한 건 컨저링보다는 무섭다는...
엄청재밌고 무서운줄알았는데...어디가무섭다는건지...전설의고향수준인거같은데...
와.. 진짜 마지막까지 무섭네..CG를 좀더 실감나게 했다면 더 좋았을 것 같다는 아쉬움이 남아요. 하지만 그건 문제가 되지 않아요.. 한국 공포영화보다 몇 배는 더 무서우니까ㅋㅋㅋ *간강범이 살면서 꼭 봐야할 영화...
아니 뭘 이런걸 만들었데? 기분이 이상해진다. 진짜 보지마
와 나 진짜 공포영화 잘보는데 이거 소리 졸라지르면서 봄 진짜 무섭다 진짜 귀신영화.b 제인 목소리가 듣기싫어서 9점줌.
이야기는 단조롭지만 공포감은 ㅎㄷㄷ
짧은 러닝타임. 그러나 충분히 오싹하게.
여주인공이  넘 매력적이어서 무서운줄 모르고 봤넹 ㅋ ㅋ
"막판 아이디어는 좋았는데, 놀래킬려는 얕은 수작에  짜증남..."
그냥 귀신나오는 장면들의 연속일 뿐 그 이음새가 매끄럽지 못함. 좀만 다듬으면 명작이 될텐데
추천 해줘서 봤는데 멜로 정도네요.
음향이 반
마지막
내용이나 귀신이 진부.. 깜짝쇼치고 너무 지루하다..
일본의 영향을 많이 받은 태국식 공포! 생각보다 볼만함~
마지막 유리창장면 좋다ㅎ.ㅎ
학교에서 봤던 기억이 난다. 크게 무섭지는 않지만 중간중간 사람 놀래키는 장면은 섬뜩하다
솔직히 처음에는..남자가 불쌍하게 여겨졌는데 왜 귀신이 남자한테만 그러는즐 알고 과거내용도 알고보니..남자가 개 씨1발 쓰레기처럼보였고 마지막에 뒈지는 장면에서 속이다 시원했음. 뒈지는장면에서 너무 속이 시원한 나머...
사다리에서 완전 지렸다
무섭다고해서 봤는데... ㅡㅡ 일단 태국말이라 영화 자체가 몰입이안됨; 영상미 또한 촌스럽기 그지없음;; 기대한 내가 ㅄ이지...
갑툭튀 장면 제대로.. 재밌고 무섭고.. 남주 참 잘생겼드라-_- 전체적으로 참 만족스러웠던 영화!
무섭다고 해서 혼자는 못보고 남자칭구한테 보자고 1주일 졸라서 봤는데..이런 -_-; 완전 재미없음 하나도 안무서움 세상에 처음 댓글 달아본다 나 분노했음 !!!
그때는 모르겠지만 지금은 너무 흔해빠져서어이가없다. 그리고 반전도 충분히 예상가능한...
무섭다는 말 듣고 너무 큰 기대를 가지고 봤던 듯.... 생각했던 것보다 오히려 별로 무섭지는 않았다. 스토리상 마지막 반전에서 점수를 좀 주고 싶을 뿐. 새벽에 혼자 불 꺼놓고 보기엔 나쁘진 않은듯.
헐리우드리메이크되면 진짜 좋은데
굉장히 무서울줄 알고 봤는데 별로안무서워서 약간 실망했지만 적어도 지루하지는 않았다
아나 내 90분이 하늘로 증발했다
이때까지 참다 참다가 결말이 궁금해서 끝까지 봤다.  결말은 약간 놀랐지만 그 전 내용은 완전 빠가사리지 ㅡㅡ 이게 끝인거냐 정말? ㅡ
무섭되서봣더니?전혀 내가 보는눈이 이상한가..0점줄려다 ㅡ
별주기도아깝다개재미없어이걸무섭다고쓴사람은고사보고지린건가
3류영화
2004년때는 무서웠나보죠...나 왠만하면 이렇게 평점 낮게 안주는데..22살로썬비추
그냥 난 그랬다 몸잘리는거만 보다가 이런공포영화는 무서움을 모르겠어
솔직히 처음엔 떨면서 봤는데 뒤로 갈수록..ㅡㅡ 3분의 2는 졸았음
중간이하
"줫나쓰레기같다.진부한 스토리에 엉성한 연출,깜놀사운드의 남발까지..똥을 줬어!!"
귀신이 남자라 집중이 안됨 ㅠㅠ
태국도 이런 영화 만드는데 우리나라 호러는 왜 이렇게 저질이냐
그냥재미없어
지루.... 하나도 안무섭고.. 몰입감 제로.. 진짜 무서워? ㅜㅠㅜㅠ
보다 그냥 졸음
연기 너무못해ㅠㅠ
아나재미전나게없다ㅋㅋㅋㅋㅋㅋㅋㅋㅋ
음향 때문에 짜증났던 영화
이게 무섭냐.
무슨 이런 OOO영화가잇냐 무섭기는 전설의고향이더 무섭겟다
내가 그러면 그게 영화니? 내가 주인공이지?이딴 게 7점이나 받아먹다니
한숨 푹~ 자게 만든 수면제 같은 영화
쌍팔년도 공포영화 ㅋㅋㅋㅋㅋㅋㅋㅋㅋㅋㅋㅋㅋ 태국인의 발상 답다 ㅋㅋㅋㅋ
존나재미엄써 ㅡㅡ
개재미없네
무서운가~~십더니.. 별로였음..
대체 뭐가 무서워....
셔터 아일랜드
어느부분에서 공포라 할수있는가
어릴때본전설의고향이훨씬무섭다 이건 그냥 소리로 놀래키는 전형적인 쓰레기공포영화
교훈을준다 못생긴여자 조롱하지말자 그리고/ 살면서 뺑소니 짓 하지말자
"스토리, 귀신, 긴장감 최고! 태국공포영화에 관심가게 해준 영화"
식상하닷!..코미딘가.ㅡㅡ;
뻔하다.튀어나올것같을때 어김없이 튀어나와줌
"훗.. 맨 마지막 병실문에 비친 엔딩, 웃겼다."
이게 공포영화야 코믹영화야? ㅋ
생각했던것보다재미없었어요.근데그귀신..너무불쌍하네요ㅠㅠ
한가지만 말하죠.. 공포영화 보면서 웃은적은 처음.
뻔하다
정말 별한개도 주기싫은 싸구려 유지찬란한 10류영화 짜증나라
소리땜에 한두번 놀라는것 말고는 뭐가 무서운지 모르겠네...
예고편으로 인한 기대 만빵.. 그러나 남는건 허무..
오래전 공포이야기를 따라한 반전 즉 전혀라는...
"배우가 너무 이질감이 느껴지고, 이게 뭐가 무셥냐.."
알바가 아니라고 믿고 봤는데 1시간 보다가 말았슴
진짜 시시하고 재미없다 시간만 버렸어 보지마셈 - -
내가살아오면서 가장뻔하고재미없는영화5손가락 안에 든다
공포영화 좋아하는 18살입니다. 다른걸 본다면 대부분은 오 그냥 깜짝 놀라는 장면만 몇개 나오지만 이건 그냥 스토리가 존나 무섭네요. 그래서 그런지 후유증이 좀 있어요. 집에 혼자 있으면 오만 생각이 다 드네요.
"2019년이 되서야 이거 아까 봤음. 컨저링, 애나벨, 겟 아웃 등등 이런 공포영화에 비하면 그렇게 많이 무섭진 않지만 나름 무서웠기도 했음. 여러명이서 보면 모르겠지만 혼자 보면 무서울만한 영화. 혼자 보는걸 추천..."
동남아 영화전체에서 아는게 이것 뿐이다.
음향과 좋은 연출로 중반까지의 공포감 조성은 정말 뛰어났지만 후반으로 가면서 긴장감이 떨어진다.
태국 영화도 은근 무섭게 잘 만든다.
천장에서 귀신이 걸어오는 장면 딱 그거 하나만 무섭고 안무서움
착한 귀신이 나쁜 인간 벌주는 코믹 공포 스릴러 ㅋㅋ
내인생최고의공포영화
이거보고 않무섭다고하는사람은 가오인건가 아니면 않보고허세부리는사람인가 아니면 내가쫄보인건가
진짜 태어나서 본 공포물중억 이건 갑이다 ㅠㅠ
역대 공포영화중 최강이다... 컨저링 극장에서 보고 이건 컴퓨터 모니터로 봤지만 컨저링 보다 더 무섭다 ... 이걸 극장에서 본 사람들이 대단하다ㅋㅋ
"어린노무 시키들아~ 공포영화는 혼자서 보고와야하는 법이다. 형아는 이거 개봉했을때 극장서 앞쪽 한 사람 포함, 두 명만 있는 상황에서 보고 왔다. 그러질 않았으면 말을 마라~ 그리고 평점좀 깎지마~ 충분히 명작이다!..."
저같이 왠만한 공포고어물에 적응된사람은 사실그다지.. 하지만 그렇지않은사람은 신선한충격을 줄수도있는 영화 ㅎ
대체 뭐가 무섭다는건지 ㅡㅡ 재미 하나도없고 지루하고 귀신이 사다리 거꾸로 내려올때 존나 웃겼다 거미인줄ㅋㅋㅋㅋㅋ 걍 어이없는 쓰레기 ㅡㅡ
"장르:드라마,다큐멘터리"
"보다가 너무 무서워서 ,,,,,,,,,,,,,,,,잠"
이거 중딩때 개무섭게 봤음
평점 너무낮음 짱낮음 진짜낮음
"공포영화 좋아하는 26살 입장에서 하품하면서 봤습니다. 집에서 불 끄고 밤에 보다가 3번 끊어서야 이제서야 다 봤네요. 3번 끊은이유는 지루해서요. 재미가 없어요. 무섭지도 않고요. 베댓 보니 멋있어서 라고 하는데,..."
진심 쓰레기다... 이거보다 미확인동영상이 더 재밌다샴을 잇는 망작 시간이 아깝다 이게 공포냐? 코미디지 배꼽빠지는줄ㅋㅋㅋ
원한이 있을 수 밖에 없는 귀신의 한 방 사이다 복수 혈극! 언제나 정의는 승리하는것을 보여준다! 절대 무섭지 않은 휴먼 드라마! 통쾌한 복수가 보고싶다면 여러분께 추천드립니다!
15분만 보면 전체 내용이 파악되는 영화. 친절하게 나 복선이오!!!하고 알려주는 영화. 영화 귀신이 우리나라 90년대 토요미스테리 극장 귀신보다 안무서움.
무섭다길래 봣는데 무섭지도 않음그냥 깜짝깜짝 놀랄정도로 큰소리의 효과음이 나는거랑귀신 모습이 다임
이거 대국민 몰카인가요?
공포는 여러 종류로 나눌 수 있죠. 이 영화는 그냥 깜짝깜짝 놀래켜주는 공포가 전부입니다.
와.. 이거 죽이네.. 캬.ㅋㅋ
가히 무서운영화 중에선 최고 중에 하나입니다 소름이 팍팍 돋고 잠못자고 싶다면 강추!!!
진짜 소리 지르면서 긴장하고 봤어여ㅋㅋ무서운거 좋아하는 사람들 강추에여ㅋ
컨저링보고 봤는데 컨저링이 훨재밌고 셔터지루...걍 너무 뻔한 연출이었다
평점너무높자낳
영화제차는좀 유치하고 무섭기보단 놀래키는 장면이 많은데 무서움만이타는 사람이 보기에는 괜찮은 공포영화 진짜 무서운거 원하는 분들은 귀신영화말고 사람영화 봐라..허세뷰리지ㅁ말규
공포가 아니라 로맨스영화다. 중간에 암컷사마귀가 수컷사마귀 대가리를 먹는 내용이 왜 나오노. 무슨 동물의 왕국찍나.. 암튼 영화보는것보다 뎃글96분보는게 낫겟다. 포인트 70p가 아깝네..
이게영화가 노빠가가이거보단잘만든다참고로노빠가내친구임ㅋ
사다리장면빼고 영화자체가 ㅈㄴ 개지루함 ㅡㅡ
OO들아 내가 봐온 영화중에 클레멘타인 다음으로 감명깊게 봤던 영화다
OO 별점10? 미친 알바새끼들아 다OO다 진짜
진짜재미없다
재미도없고 무섭지도않고 긴장도 안되고...
극장 나오자마자 '안볼걸그랬다'라는 생각이 드는 영화.. 재미도없고 핏빛영상뿐
공포영화중 쓰레기라고 생각하는 작품..지루해. 공포도 0퍼.
이때까지 본 공포영화들중 가장 무섭다고 느껴지긴 했다...하지만 부족해 더갖고와
공포영화 좀 본다 하는 사람들은 하나도 안무서울거같습니다.네이버평가보고 무서울줄알고 봤으나 솔직하게 하나도 안무서웠네요연출은 괜찮았습니다. 추천은 안드립니다
낮에 봐서 그런가 중간에 몇 번 놀란 거 빼곤 괜찮았는데 나는 이게 무섭다기 보단 슬프다고 생각했다...
중학교때 극장에 아무 생각 없이 가서 보고 죽을뻔 나이 30 다되가는데 아직도 넘버 1 공포영화
"무섭다 무섭다 그래서 봤는데...하 재미도 없고, 무섭지도 않고.."
"셔터는 곧 사진이고 이미지인데, 그래선지 이 영화는 정적인 이미지의 공포를 의도한다. 그러나  정작 이것을 공포로 느끼는가는 개인차가 심하다는 것. 귀신 이미지와 음향만으론 수작이 될 수 없다. 20대 중반이란 나이..."
안무서워 재미없어 안무서워
재미도 없고 무섭지도 않고 ...공포영화 매니아인데. ..여러모로 실망했습니다.스토리도 뻔하고...
태국 공포영화 넘 무서움... 영화보는 내내 무섭다가 막판에 반전으로 관객 뒤통수 때리는 솜씨도 일품..근데 이영화 넘 무섭고 재밌게 봐서 허리우드 리메이크작도 봤는데  확실히 동양정서에 비해서 공포가 떨어지더라.....
애나벨2에도 수녀들 사진씬에서 셔터느낌 물씬나네요 셔터꼭 보세요 안보신분들 꼭 보세요 밤에 휴대폰으로 이어폰끼고 화면 가까이서 꼭 보세요
썸남이랑 이거보구 놀라는 절 보구 귀엽다구해서 그날 사귀구 다음주에 결혼해요...♥ 웨딩메이커 셔터 감독님 너무 감사하구요ㅠㅠ 이거보구 다들 결혼해요♥♥♥ 종호야 사랑해 뱃속에있는 혜리랑 알콩달콩 잘살자!♥
개노잼..보다가 잤다..무섭긴 개뿔..전설의 고향이 더 무서움
댓글 수준 참 웃기네 ㅋㅋ누가 뭐 니들 진짜 무서웠다 안무서웠다 물어봤냐? ㅋㅋㅋ 허세네 허세 아니고 진짜네 하면서 뭔 해명까지 하면서 싸워대냐 ㅋㅋㅋ 초딩들인가 ㅋㅋㅋ지들이 볼만하면 볼만한거고 아니면 아닌거지 ㅈㄹ...
추천을 많이 하는데는 이유가 있다
공포영화의 정석으로 단독 행동하는 장면이 많이 나온다. 화장실에서는 코미디도 연출하는 여유까지 선보인다. 나름 탄탄한 스토리에 화끈한 임팩트 끝부분에서 주는 여운등 부족함이 없다. 이젠 어깨랑 목이 아프면 가끔 이 ...
공포영화 매니아분들은 보지 마세요  가끔씩 섬뜩하긴 한데 너무 지루해서.. 좀 밋밋하달까 볼꺼여도 큰 기대는 하지 마시길!
진짜 화가난다 진짜!!내가 이거보려고 한시간을 투자한거 생각하면 짜증나서 잠이 안온다 공포는 개뿔 진짜 화가날정도로 안무섭다 차라리 인시디어스를 한번더보겠다
솔직히 무서움도별로고 소리만크게나고..기대치나 평점에비해 그닥...
재미도 하나도없고 시시하고 뻔하고 놀래키는장면만 많고이런영화 진짜별로 보다끄고 지웠음 ㅡㅡ
귀신 예쁘다 완전 내 이상형인데 작품을 2개밖에 안 찍었네
노잼 10자 노잼 10자
내가 겁을 안타는건지 스토리가 별로여서 그런지 하나도 안무서웠다; 솔직히 몇몇 갑툭튀 장면들 빼고는 귀신 나올 때 어이없어서 웃기더라. 그리고 무섭고 안무섭고는 개인차이니 제발 허세 좀 부리지 말라는 소리 좀 자제하...
그다지 ....일본b급 공포 영화 수준....
안 무섭고 지루하고 뻔한 귀신물의 전형적인 모습
한 줄 정리 : 2004년 당시에는 무서웠지만 2021년 현재로선 무섭지 않은 영화.
"와 ㄹㅇ 진짜 이거는,,,, 리뷰보고 봤는데 다 뻥임 ㅡㅡ 갑툭튀 못보는데 진짜 이거 개 안무서움 진짜 시간 개아까웡 속지마세요ㅠㅠ,, 이영화 내가 보자고 해서 같이본사람한테까지 민망 .. ㅠ"
리뷰보고 기대하고 봤는데 이게 맞는건가....? 진짜 하나도안무서워요ㅋㅋ;
무섭긴 하지만 엄청 무서운 영화는 아닌 것 같음.
똠양꿍영화 노잼임 셔터 아일랜드가 더 무서울듯
평점 하도 무섭다길래 기대하고 봐서 그런지 하나도 안무서웠음 근데 볼만 했음 주인공이  귀신보다 더  무서움
이거 알포인트랑 재개봉 안하나~~~
오래된영화라 갠적으로 그저그랙음
공포영화좋아하는사람이고 베스트 평점보고 봤는데 정말 안무섭습니다. 불끄고 헤드셋끼고 봤는데 본시간이 아깝네요.  놀래키는 타이밍도 뻔하고 놀랍지도 않습니다. 12년전 영화에 너무 큰기대를 한거부터가 실수의 시작이었습...
이게 무섭다고요???? 사람들참.... 오늘은 오랜만에 엄마랑 자야겠다
"무섭다는 사람이 더 신기한 영화.너무 뻔한 영화. 그저 친구들이 ""우리가 알아서 할게"" 그 부분부터 여자가 너무 안쓰러웠다.. 마음 아픈 영화."
존나 재미없고 하나도 안무섭다. 낚였다
이게 무섭냐? 내가 이상한건가 평점5점정도 줌
"진짜 기대하고 봤는데, 하 나 도 안 무 섭 다^.^"
야 이 개ㅆ놈들아 왜 이런거 만들었냐 에이OO
스토리도 진부한데 별로무섭지도않음 옛날영화라그런가.. 셔터무섭다는소리많아서봤는데실망..
무섭다. 2004년 기준으론.요즘 공포영화들이 많이 발전 했다는걸 느꼈다2020년 기준 음향 영상효과 빵빵한 공포 영화들에 비하면 애들 장난 수준임옛날 전설의 고향의 공포가 그리워 다시 보는데 이젠 무섭지 않게 느껴...
올랜도블롬과 오만석 주연영화! 수면제효과있지만 스토리는 괜찮음!애나멜이 더 잼있다.
기대했던 만큼 무섭진 않고 적당히 볼 만 하다
90분동안 너무도 많은 영화들이 스쳐지나간다.
공포영화 잘보는데 이건 무서웠다고 드립치지마라.. 그건 그냥 못보는 거다. 여튼 정의는 승★리★한★다 ㅋㅋㅋㅋ 주인공이 못돼처먹어서 전혀 이입이 안됐지만 통쾌한 맛은 있으므로 제 점수는요...
엄청 지루한 내 목에 나트레!
태국 특유의 분위기때문에 더 무서운...남자들이 봐야할 공포영화인듯
"전체적인 연출이 허접하고,특히 배우들 연기 수준이 굉장히 낮습니다.. 귀신도 그렇게 무섭지 않네요."
하나도 안 무섭습니다.!!!
여자 두명이서 dvd방에서 평점보고 봤다가 실망한 영화입니다.이거 보고 무섭다고 하는 남자는 최소 겁많은 남자겁많은 여자둘이 봐도 그저그래요..한국 영화 화이트 정도에 1/10 무서움입니다이 영화볼바에 다른것 찾아보...
개노잼이였음솔직히 처음부터 끝가지
진부하구먼 예측이 다 된다
초2때 아무 생각없이 친구와보고 난후 고등학교진학전까지 엄마옆에서 자게해주는 그런영화
이 영화는 진짜 미쳤다 ㅡ ㅠ ㅡ;;;;옛날꺼지만 ㅈㄴ 무서웠음
태국인들은 쫄면 벙어리가 됨?? 말좀 하고 살자 답답해 뒤지겠어 남자화장실에서 여자 손이 나와서 쫄았는데 알고보니 트젠인건 무슨 개그냐공포영화에서 무서운 꿈이 거의 필수불가결한 소재인거 알겠는데 너무 많이 나와서 매...
진짜 무섭다는 극찬들에도 기대하지 않고 봤는데역시 기대한대로 무섭지 않음..일단 다음 장면이 뭐가 나올지 너무 뻔한 스토리와 연출.. 예전 영화인걸 감안해도 흠1시간동안 루즈하고 그나마 마지막 15분은 봐줄만한 정도...
나트레 하정우닮아서 하나도안무서움
굉장히 무섭다고 해서 봤는데  보다 껐네요. 어느 지점이 무서운 건지
하..진짜 그냥 화가 난다 화가 나 내 2시간 어떻게 보상할 거니..인생 처음 태국 영화인데 음 아 생각하니까 또 화가 나네 그냥 아 아아..정말 잊지 못할 영화이다 ^^~..;
음....그렇고그런영화같아서 안보다가 하도 무섭다고해서 봤는데 솔직히 특별나게 무섭진않다 흔한 동양권공포영화의 하나일뿐...참고로 난 십대이하아니고 사십대이상인데 감정이입이안되서그런지 그닦....오히려 기담에 엄마귀...
태국은 공포 영화만큼은 진짜 잘 찍는다...
목아파서 어떡하누ㅜㅜㅜ
공포영화 좀 본다는 저도 [셔터] 베스트 3 안에  들어요. 개봉 때 극장가서 보고 며칠을 집에 뛰어감!!
너무 어이가 없어서 처음 댓글 남기는데 제발 보지마세욬ㅋㅋㅋ
"이게 무섭지 않았다면, 야심한 새벽에 집에 혼자 있을때, 모든 불을 끄고, 맨정신으로 봤을경우만 인정해주마. 크크크"
백미는 중후반부에 귀신이 자동차 쫒아오는 장면 ...
무서운거 못보는 개쫄본디 하나도 안무서움... 주인공이 OOO기고 귀신이 안타까움... 21년도에 보긴 하나도 안무서움
정말 지루하다.. 진짜 3류영화.. 무서움도 없고 아무 감흥도 없고 별로 추천해주고 싶지 않은영화입니다....
영화 내내 긴장감만 유지된다
딱히 무서움도 모르겠고.. 재미는 더더욱 모르겠음...
내인생 공포영화 마니아지만 공포영화 원탑이다
다들 안무서운데 무서운척하면서 댓글단건가요무섭다는 소문듣고 봣는데 실망;; 어디서 무서워야될지 잘 모르겟음*
무서운 영화 좋아하는데...진짜 너무하네~하나도 안 무섭고 심지어 보다 졸았다. 귀신만 불쌍함. 스토리는 서프라이즈에 나올법 한 딱 그정도. 시간이 아깝다.
OO가관이다진짜;;ㅅㅂ퉤퉤
이게 왜 무서운지.. 완전 3류 뻔한 이야긴데ㅠ턴~ 턴~ 밖에 기억에 안남네;;
"나에겐 기담,엑소시스트 말고 모든 공포영화는 똑같음"
공포 스릴러물에서 기대한만큼의 명작은 찾기가 쉽지않다 이 영화도 예상을 그리 벗어나지 않는다  현대판 전설의고향 정도
무섭다매; ㅅ ㅂ 하여튼 오바는 진짜 하
"우리나라 여고괴담보다 안무서움, 분장만 해놨지. 그리고 스토리는 뻔하고, 투신한시체를 온전히 집에 가져다놨다? 투신하면 형체가 사라지는건 애들도 아는 사실임, 공포영화 매니아라 낮은강도는 별반응이 없긴하지만 드라마 ..."
귀신 영화를 보려했는데 한 편의 좀비 영화를 본 것 같다. 사다리 추격신은 워킹데드를 뛰어넘는 훌륭한 좀비 추격신이다
나트레 불쌍해서 1점 준다
진심으로 내가 봤던 공포영화중에서 제일 안무서웠다 대체 이게왜무섭다는겈ㅋㅋㅋㅋㅋㅋㅋㅋ 별점 1개도 아깝다 ㅉ
하도 무섭다길래 봤는데 여친은 보다 잠들고저도 결국 반밖에 안보고 끔툭하면 꿈이고 개연성도 부족하고 귀신도 안무섭고 너무 지루하네요잔뜩 기대하고 봤다가 시간만 버림
진짜 무섭대서 기대하고 봤는데 나는 개인적으로 컨저링보다도 실망스러웠음.. 같이 본 친구는 무서워하던데.. 무서운 분위기와 브금을 못참는 사람이라면 무서워 할 듯. +귀신 머리카락 뭔가 너무 가발 같아서 신경쓰였음....
평점에 속은 영화. 안 무서운 건 둘째치고 영화 자체가 재미 없음. 이거 볼 바에 착신아리 1편이나 정주행 하셈.
그렇게 무섭다고 난리치더니.... 주인공 어깨에 유령이 무등타는게 그렇게 무섭냐.. 별 1점도 아깝다.. 안보시길 진심으로 추천
아니 진짜로 난 공포영화 그냥 그렇게 보는 편이고 솔직하게 곤지암보고 이정도면 많이 무서운 영화다 생각했는데 이건 진지하게 2004년에나 무서웠을 영화 1도 안무서움 몇번 갑툭튀 말고는 스토리도 별거없고 지금은 식상...
결국 주인공 안죽었네 ㅋㅋ
내가 기대를해서그런가? 솔직히 재미없었는데. 그냥 소리만 웅장하고 갑툭튀에 내용도 참 뻔하디뻔한내용이고 뭐가공포인지도모르겠고..뭐가무섭다는건지.. 정말 무섭다길래 기대해서봤건만 그냥뻔한 삼류공포영화여서 실망
다들 무섭다기에 기대했는데...하..이거 무서운 사람들 일상생활 가능한가요ㅎㅎ..
아니 안무서우면 영화를 잘못 본거야?? 안무섭다하면 비공이네
지루해서 10초씩 넘기면서 봤네요 이건 무서운거 잘 못보는 초급자들한테 추천해요. 공포영화 잘본다 생각하시면 다른거 보세요
다른 사람들 평 보니깐 다 무섭다 그런 반응인데 막상 보면 그냥 뻔한 타이밍에 귀신 나와서 무서울 건 없음.   편하게 봐도 딱히 놀란만한 장면이 없으니 큰 기대는 하지 마셈
이거 무섭고 재밌다는 놈들은 어디가서 공포영화 좋아한다는 말 꺼내지도 말아라.
ㄴㅈ노잼대미가어뵤음앤왜
그냥 무난무난했고 여유였습니다.
하..진짜 리뷰보고 엄청기대하면서 봤는데 진짜 뭘본건지 모르겠어요 웬만하면 리뷰안남기는데 억울해서 씁니다 전 공포영화 아무감정없이 보는편이지만 이영화는 진짜 선을 넘었어요 이거 볼시간에 차라리 영화 리얼 보세요 그정...