7,크리스가 2층으로 올라갈때 떠들썩하던 1층사람들 갑자기 조용해질때 소름 이장면이 제일 무서웠음
10,마지막에 경찰차가 오자 자연스럽게 두손을 드는 주인공의 모습이 슬펐음 차별을 당연시 여기는 느낌이라..
8,"와, 초반에 여친이 흑인남친 면허증 안보여 주려고 했던거 설계였네 경찰한테 꼬리 잡힐까봐,, 백인경찰이 편견으로 흑인 검문 때리는 줄 알았는데 지리네 설계"
10,경찰차가 왔을때 모두 다 긴장했을듯 ㅋ
9,근데 여자애는 그렇게 중요한 사진을 그리 대충 보관하냐
10,다시는 커피 못저어먹는 영화
10,영화에서 그인간들 ㅋ. 왜그렇게 주인공이 담배를 못피게 하는지 나중에 생각해 보면 참 ㅋ 무섭다 ㅋ
10,반전잼 !! 음악도 좋았고 영화에 나오는 뚱띠 흑인친구 겁나웃김ㅋㅋㅋ
10,한편으로는 흑인이라는 이유로 차별을 받고 한편으로는 그들의 신체적 우월함을 동경하는 아이러니함 코미디중의 코미디 신선했다
10,솜뭉치 하드캐리...
10,흑인여배우 연기 소름끼침 눈은우는데 입은웃고있어..
10,이 영화는 특히 결말과 함께 곱씹어 보는 복선들을 다시 생각해 보면 소름돋을듯.. 미쳤음
9,옆자리 사람이 뭐 나올때마다 펄쩍펄쩍 뛰어서 활어인줄
8,예고편 만든 사람 해고각이다... 스토리 반전.. 영화안 번뜩이는 장면 모두를 담아냈네 ㄷㄷ
10,근래 보기 드문 수작이다 배우만 내새우는 쓰레기 한국영화 보다가 스토리 연출 반전 완벽하게 떨어지는 영화다운 영화를 봤다
9,"사슴,모자,휴대폰, 소품들의 치밀함 그리고 대사까지도 놀라울 따름이다. 이건  괴기스러움을  넘어서는 새로운 느낌이다."
10,겟아웃이 '여기서 꺼져'가 아니라 '여길 나가'였을줄은...
10,감독이 천재인가.. 모든장면이 다 이유가 있엇다는거
10,아무리 설명해줘도 모를거야 진심 직접 봐야함
9,여자애가 우유랑 콘푸로스트 따로먹는게 백인이랑 유색인종이랑은 섞일 수 없다는걸 암시한다는 리뷰 보고 경악했다 ㅋㅋ
10,교통경찰이최고시다!!!
8,"나름 신선한소재, 약간 후반부가 빠르게 정리된느낌으로... 아쉽게끝이나네요.."
10,Picking cotton 솜을뜯다 = 목화를따다 같은 의미를 두고있는데 이를 이용해 흑인들이 목화를 따며 생명을 연장하듯 솜을 뜯으며 생명을 연장하는 연출을 보며 천재적인 연출에 소름이 쫘아아악~~ 모든 장면이 의...
10,오랜만에 보는 천재적인 영화
8,마지막까지 친구가 배신하는줄ㅋㅋ
10,남자 주인공 진짜 매력쩜ㅋㅋㅋ첫장면부터 훠우~! 소리지르게됨 (물론 속으로)
10,영화는 시종일관 음울한 분위기를 유도한다. 보는내내 불편한 기분이 들지만 그와는 별개로 짜임새있는 구성과 지속적으로 던져지는 떡밥에 왜? 저런 장면이 나오는가 하며 영화에 몰입하게 만든다. 영화를 보고나면 누군가와 ...
8,예고편 보고 보지 마세요
10,애인보다 좋은친구를 두어야 한다~
10,감독이 숨겨놓은 연결고리들과 나오는 사람들 표정하나하나 왜그랬는지 알면 개소름
10,"흑인들이 주먹으로 인사하는데 그걸 초대받은 흑인이 손잡는거보고 이게복선이라는걸 영화끝에느낌 소름,"
10,감독이 관객한테 던져놓은 과제가 수십가지..
10,"여기다가써봐야 누가보겠냐만은 베스트댓글?에 여자애는 중요한사진을 대충보관하냐~써있길래 씁니다. 수술받기로한 짐허드슨이 영상통화할때 말해줍니다. 1,2,3단계가있는데 2단계가 ""이 상황에대한인지""라고, ..."
10,여자하인은 진짜 첨부터 끝까지 섬뜩 -ㅅ- ;
8,여자하녀 웃으면서 눈물 흘리는 연기가 제일 인상적이였다. 빙고 할 때 처음에 뭐하는건가 싶었는데 앞에 사진 걸려 있는거 보고 소름
10,이젠 뻔한 공포보단 이런 심리스릴러가 더 호러스럽다
10,한시간 반짜리 영화인데 무슨 30분 영화인줄 엄청 몰입감 최고였다.
10,남자주인공 매력있음 빨간눈이 터질듯
10,극후반 10분 최후의 경찰차 장면에서 관객은 모두 같은 것을 예상하죠.주인공이 백인이었다면 희망적이었을 그 장면이흑인이기 때문에 절망적이 되는 간접 체험을 하게 됩니다.그것이모든걸말해주는것같네요
9,흔하지않은 소재와 괜찮은 연출임 간만에 재밌게봄
10,예상을 어느정도 해도 첨부터 쌓아올린 긴장감에 인물관계도 에 결말까지는 절대 집중해서 보지않고는 제대로 봤다고 할수 없는 영화
10,감독 돌았ㅋㅋㅋㅋ 끝까지 소오름!
10,"흑인이 플래쉬때문에 최면 풀렸을때 나가,도망가라고 하던게 처음으로 소름돋았음..  2층 올라갈때 사람들 싹 조용해지는것도.. 그리고 최고는 로즈가 차키찾으면서 울먹이다가 무표정으로 줄 수 없다고 말할때 진짜 대박이..."
10,개무섭다ㅜㅜ진짜재밋는데 찝찝하고짜증남..
9,명대사 : 천잰대?ㅋㅋㅋㅋ
10,귀신도 안나오는데 엄청 긴장하고 심장쫄여서 혼났어요 ㅠ
10,재밌다. 근데 동영상 메인예고편 없애라좀 ㅋㅋ 영화 하이라이트를 대부분넣었네 안본사람은 2~3분짜리 예고편 보지말고 그냥 가서 보셈.
10,여친이 계속 눈치없는거처럼 답답하게 구는가 싶었더니 눈치없는게 아니었군 ㅎㅎㅎㅎ
10,스포있어도 보란듯이 핵사이다같은 최고의 영화
10,"영화 곳곳에서 은근히 드러나는 현재 미국의 상황이 소름 돋는다. 백인들은 흑인을 신체능력 등의 이유로 추켜세운다. 열등한 존재로 보던 시선에서 동경의 대상으로 변한 것 뿐, 결국 다른 존재라는 인식에는 변함이 없다...."
10,오펀천사의비밀영화 이후로 이렇게 반전있고 신선한 내용있는영화 오랜만이네요 재밌습니다! 몰입도 짱
8,이건 대놓고 재관람하라는 영화
7,흑인들은 이제 무서워서 백인 여친 집에 가겠나 ㄷㄷ 마지막에도 얄짤없이 누명쓰는구나 싶었다. 허술한 점이 있지만 신선했고 관객들에게 시사하는바가 크다
6,우리도 결국 차별하며 바라보고 있었다
10,복선봐라 ㄷㄷ 진짜 역대급 충격 그 자체
9,로드같은 친구 한명 있으면 인생 성공한거다
10,기대 했던것 이상의 완성도와 재미를 보여준 작품이다. 조던 필레  감독의 연출력을 다시 보게 되었다. 최고다!
10,정말 실감 납니다. 등골 오싹하고 소름끼칩니다. 제대로 된 공포영화 즐기세요. 강추강추
8,귀신나오는게아닌데 무서워요 보다가 숨계셕참음 ... 그리고 사람이 제일 무섭네요 정말로 ㅇㅇ
10,10점이 아니라 100점짜리 영화.소재가 너무 참신하다
10,장면 하나하나가 의미있고 이유가 있었던 영화 갈수록 소름돋고 왜 로튼토마토 신선도 지수 99%인지를 알수있었네요
10,"일반 호러물과 비교하면 안된다. 징그러운장면, 무서운 장면 없이도 무서울 수 있다니"
8,친구가 열일한듯 ㅋㅋㅋ
10,남주가 이상한 기운을 감지한 순간! 100m 달리기급 전개되는 스토리 꿀잼
10,"곡성'보다 끝이 명확하고 사이다스럽고, 어지럽지도 않아서 더 좋았습니다."
9,신선하고 충격적이네요~
10,차원이 다른 신선함! 끝나자마자 탄성이 터졌다!
10,와 이거 죽이네.ㄷㄷㄷ
8,흑인 소울 없는 흑인이 얼마나 무서운지 알았다
6,"초중반까진 서늘한 느낌에 오싹한 분위기도 있고, 이야기 흐름도 좋았는데 후반부에 너무 갑자기 끝나버림."
9,너무 충격적이여서 여운이 1주일은 갈거 같다
10,재미없단 사람치고 영화볼줄 아는사람 없도다
9,평점이 왜 이러는지 간만에 정말 재밌게본 공포영화예요 꼭 보세요 후회안해요~
9,인형부터해서 사람까지 모두가 크리스를 보고 있었던것도 복선이였군요 크리스를 원한다는??  그런거그리고 로즈도 도입부에 크리스 면허증을 안보여주고행적을 남기지 않으려는 것 까지 모든게 딱 맞춰지네요재밌었습니다.
10,"흑인들 모자쓴이유,,가정부 앞머리 덮은이유,,면허증 안보여준이유,담배피지말라는이유,정원사가갑자기 뛰어댕긴이유,가정부가 거울보고 웃는이유,ㅅㅂ 복선들이 ㅎㄷㄷ함,반전도 중반에 하나 마지막에하나 심리스릴러 역대급 영화인..."
10,아무생각없이봤던 전조부분이 하나하나 단서가되어 뇌리에 꽂힌다.
10,영화 보는 내내 숨 못쉬다가 크리스 친구만 나오면 안심했닼ㅋㅋ  매력 쩔음
9,인종차별이 아직도 어딘가에 드리워져있는것같아서 그게 더 무서웠네여
10,연기가 너무 소름돋아여
9,끝이 조금 허무했지만 남다른 소재로 긴장감을 제대로 느꼇어요재밋네요
10,무서운 장면 없이 지리는 영화
9,마지막 친구도 한통속인줄..
8,흑인은 여전히 사냥되고 있다. 오바마를 비롯해서 흑인들이 백인사회에 받아들여진 것 같지만 그들은 흑인의 외모를 갖춘 백인과 다름없으며 흑인 정신과 매너를 가지고 흑인으로서 살아가는 자들이 아니라는 것. 언젠가 흑인다...
10,진짜 새롭다 멀 본거지 후아
9,엄청난 연출력이다 디테일이 살아있네
10,보고나서도 손에 땀이 계속남 ㅜㅜ 진심 감독 리스펙!!
10,이 지옥같은 곳에서 겟아웃! 소름 쫘악
10,감독의 첫 호러스릴러라고는 믿기지 않는
10,처가집 인사도 못드리러가긋네 인자
9,정밀한 스토리구성에 연기자들까지 수준높아서 몰입방해 없네요
8,미국에서 신선한 작품이라고 극찬받았던 이면의 현실이 더 놀랍다
10,주인공이 2층 올라갔을때 다들 조용해 져서  소름...
8,또라이 여친 만나서 장기매매 당할뻔한 흑인의 추억
9,뚱띵이가 감독이었다니!예고편을 아예 안보고 봤다면 훨씬 재밌었었을듯...
10,재미없다는 글때메 망설였는데 왠걸..
9,어찌보면 줄거리도 촬영 장소도 단순하다.그런데 그건 영화끝나고 집에 와서야 알았다. 도입부터 시작되는 기괴한 음악이며 소품과 대사의 복선이며 연기며... 쉴새없이 관객을 긴장시켰고 기묘하고 기괴한 집에서 방황하게 만...
7,발상은 신선하고 긴장감은 있는데 고조되는 분위기에 비해서 끝에서 주인공 혼자 그냥 10분 만에 뚝딱 해결하고 끝.. 아쉬웠지만 킬링타임용으로는 괜찮다
9,할아버지 잡아오세요!!
10,주인공이 경력이 오래된 베터랑배우였다 ㄷㄷ 핵잼
10,돈이 아깝지 않았던 영화에요 근데 메인 예고편 무슨 생각으로 저렇게 만드셨는지...ㅠㅠ 예전부터 예고편에서 스포를 다 당해서 안보는습관은 생겼지만 영화 다 보고 나서 예고편을 혹시나하고 봤는데 또 역시나였네요 ㅋㅋ
10,나보다 오히려 스토리 1도 몰랐던 내 친구는 계속 대박이라며 ㅋㅋ
10,이제 흑형이라는 표현도 인종차별적 표현이 될 수 있다는 것을 이 '사이코'스러운 영화로 느낄 수 있었다. 과한 우러러봄도 차별적 요소라는 것.
10,예고편조차 보지 않은 나는 정말정말 신선했고 소름끼쳤다.
9,"우리나라 관객들은 예고편을 보고 ""봐야겠다!""하고 봐서 그런가 영화에 '더' 기대했던 무언가가 들어있지 않다고 느껴졌다. 예고편이 절반 이상을 차지한 영화. 그럼에도 불구하고 감독이 던진..."
10,절대 다운받아서 안본다.. 이잼있는걸
10,"첫 씬부터 도처에 모든걸 암시하는 장치들, 와 진짜 천재다"
8,피곤했는데도 엄청 집중할 정도로 몰입감이랑 긴장감은 뛰어났고 크리스의 복수도 통쾌하기는했지만 뭔가 부족한 느낌??? 끝을 덜낸 느낌?? 이라서 약간 아쉬웠습니다 강아지 키우고싶네요
10,"이건 두번 봐야 할 듯, 곱씹으면서 다시 봐야지"
8,전개에 비해 결말이 비교적 단순하지만 찝찝하게 끝나지 않아 오히려 다행
9,수많은 복선들이 놀랍고 솔직히 우린 인종차별을 몸소 느끼지못했지만 인종차별을 몸소 느꼈던 외국사회에서는 정말 왜 소름돋는지 이해되는 영화다
10,개꿀잼 흑인여자 눈은 슬퍼보이는데 입은 웃고있는거 개소름돋음
10,극장에서 흥분하고 볼수 있다는게 완죤 기대~
10,이 영화를 욕하는 사람들은 이 영화를 보지 않은 사람들이다
10,재밌어용 ㅎ 팝콘도 다 못먹을 만큼 집중함
10,여자의 마음을 잡는거 처럼 이영화도 스포로 다 알고 봐도 깊이는 보지않고는 모르는법
8,흑형 금연 성공했네 ㅋㅋㅋ
10,요즘 본 영화 중 젤 재밌었음
10,재밌음 잼ㅆ음 재밌음1ㅡ
10,여자가 사진 보관잘못했다고 무슨보관을 그렇게 하냐고 하는사람있는데 그것도 설계임 현실을 받아들이게해서 수술잘되게할려고 아니면 그냥 최면부터걸어버리고 비로 수술들어갔지 일부러 확인시키게한거임
8,여친 가방 뒤적거리면서 열쇠 못찾는척 할때 욕나와 죽는줄
8,영화에서 쓰인 배경음악과 음향효과 등 사운드적요소들이영화에 더 몰입하게 해줬고 각 배우들의 연기력도 훌륭했고 결말부분이 좀 순식간에 진행되는 느낌이 들긴하지만 반전적인 요소가 재미를 더해주었다
9,다른 시각에서의 인종차별을 제대로 꼬집은 영화 아직도 모든 흑인들은 신체적으로 우월하고 정신적인면에서는 백인들에 비해 못하다는 인식은 은연중에 널리 퍼져있다는걸 잘 보여준 작품
10,개쩐다..꼭 보세요 졸잼이에요 사슴이 쵝오
10,모든장면에 복선이 천재다 진심. 초반에 빵고르는 로즈랑 면도하는 크리스 번갈아 보여준게..
10,단순 흑인인종차별인줄 알았는데.. 그런게 아니었네요
9,신선한 영화였어요. 막 귀신나오거나 호러는 아닌데 긴장감과 반전이 정말..대단..ㅎㅎ
8,오랜만에 볼만한 소재였어요 어느 분의 말처럼 예고편을 보면 영화전체를 다 알수있게끔 너무 잘 만드셧다는게 흠이면 흠 .. 마지막은 나름 더도말고 덜도말고 마무리된듯..
9,저는 스포를 당하고 영화를 봤는데도 괜찮았어요. 스토리 자체가 참 기괴하고 공포스럽고 신선해요. 보고난 후 한장면씩 회상하며 풀이하는 재미가 있네요ㅋㅋ
10,방금 보고 왔는데 말이필요없음요~ 필관람 닥추!!!!
10,아오...이건 진짜 꼭한번보세요!! 이제까지와는 완전히다른 딴세상영화를 본것같은 재미와 여운..죽입니다!!
10,곱씹을수록 더 소름끼치는 영화진짜 이런게 스릴러지..
10,소름돋도 무섭고 슬픈영화였다
9,"관람 후 여친이랑 여친집에가는 차안 대사 소름.. 주인공 흑형친구가 전화상으로 ""남친 잘못고른거 알지?(장난)""흑형 남친 옆에 두고 여친 왈  ""이 모든건 당신에게 가까워지려는 수작이었어""..."
10,남편과 영후 본 이후로 제가 말할때마다 남편이 자꾸 커피잔을 저어요..묘학게 기분나빠요...
10,여자친구네 흑인 하인들이 왜그랫는지 이제 이해가된다.. 연출대단하다 정말
10,오랜만에 신선한 소재의 영화
10,나도 최면이 걸릴뻔....
10,정말끝까지 보면 잼있어요.^^
10,이 영화의 최대반전은 주인공이 스물여섯살이라는것
10,여러분 이래서 담배를 피면 안됩니다
9,차 마실땐 종이컵으로...
10,말 그대로 신선한 영화 간만에 생각과 추리하게 되는 영화 잘 봤습니다 ^^
9,깔끕하다.. 웃기고 무섭고 끝까지 예측불허
9,좀 괴기스럽고 독특한영화를좋아하는데 내가딱좋아하는스타일영화스텝포트와이프+한국의 더게임을 합쳐논듯한 군더더기없이깔끔한영화
10,경찰차보고 욕했는데 차문 열리고나서 환호함ㅋㅋㅋ복선이  나중에 생각해보면 소름돋을정도로 잘 짜여져있네요
10,진짜 무서워죽는줄 알았어요 컨저링같이 귀신나오는거나 파이널데스티네이션같이 잔인한건 꽤 잘보는편인데 이건 진짜 무서웠어요 역시 사람이 젤 무섭네요....
10,"영화보면서 소름 한 10번, 놀라는거 한 3번? ㅋㅋ"
9,몰입도. 복선. 연기 모두 좋았던 스릴러물. 의리있던 남주인공 친구가 가장 감초같았던
9,신선한 영화였슴 흑인여자 무서웠따
10,"특별시민, 공조, 불한당 등등 한국 쓰레기영화보다 1000만배나음"
9,한국에서는 찾기 힘든 스릴러 무섭고 잔인한 것이 아닌 기괴함에서 오는 감정이입적 공포를 느낄 수 있다 아 예고편은 보지 마세요 난 스포 안 좋아하는 덕에 예고편 절대 안 보는데 영화 본 뒤에 보니까 이건 무슨 예고편...
10,모든 부분에서 영리하고 불편한 영화
10,이게 첫 연출작이라고? 미친거 아님?
9,흑인을 건들이면 어떻게되는지 잘보여준 영화
10,인종차별에 관한 내용인줄알았는데 우와~반전이...!초반부터 끝까지 긴장감있게 넘 재미있었음. 나중에 하인들 정체알고 소오름.
10,오랜만에 영화 끝난후 쉽게 일어나지 못한것 같다.. 곡성 이후 신선한 충격 이었다 영화보는내내 긴장감과 몰입도 최고!!
9,예고편은 영화보기전에 절대 보지마세요.
10,이렇게 스토리가 탄탄한 영화는 간만입니다 10점 드려요~!!
10,시간가는 줄 모르고 봤다. 확실히 재밌다고 말할 수 있는 영화.
8,'스켈레톤키' 영화가 생각나는 영화네요.
10,미국판 곡성이라는데 곡성보다는 좀 무게감 없겠지만 저는 더 이해하기 쉬웠고 더 스릴있었어욥!
10,완전 수작임. 봤던 공포?영화 중 상당히 재밌는 축에 들었음.
8,괜찮았다 자극적인 장면으로 떡칠된 공포영화보다 100배는 더 값어치있는 영화
10,wow get out재밋엇어요
10,내용이 매우 신선해요 재밋음
10,보는 사람들을 다 집중하게 만들면서 같이 깊게 빨아들였다가 확 놔주는 영화 같아
10,애인의 집에 인사드리러 가는 걸 신중해야한다
10,연기를 못하는건가? 영화보는 내내 물음표가 생겼는데 와~~ 미친거 아님?
10,최고네요 연출 음향 모든게 좋았고 식상하지 않은 새로운 공포 영화로 다가왔습니다 심오하고 괴기스럽고..많은 생각이 들기도 했고 역시나 사람이 제일로 무섭구나
10,백인과 흑인 간의 미묘한 신경전 묘사 굿! 스릴도 굿!
10,"신선한 스릴러, 매 씬마다 디테일이 살아있다. (무슨 결말 맞추기가 대단하다고 못맞춰야 재밌는 영화인가?  결말 다 맞췄다고 재미 없다고 하는 한심한 사람들 많네)"
10,내가 흑인이면 백인이 진짜 잘해주더라도 뭔가 못믿겠다..
9,"영화에서 딱 한번 나왔던 ""겟 아웃"" 이라는 대사.영화가 끝나고 나야 고개가 끄덕여집니다.아.. 무서운영화치고 여운이 꽤 기네요.."
10,영화 초반 배경음악부터 관객을 압도했던 영화
10,너무너무재밌다..ㅠㅠ미쳣다 소름돋는다
10,플래시 터지고 주인공한테 나가라고 덤벼드는 장면 나중에 이해하고 소름돋았음 그냥 모든 장면들이 유기적으로 짜맞춰지는 순간 온몸에 전율이...
9,여자를 잘만나라. 여자를 잘못만났으면 친구라도 잘 만나라. ㅋㅋㅋ
9,사람이 어떠한것보다 제일 무섭다.
9,"그냥 최고, 킬링타임만 보는 사람들만 재미를 따지고 있는듯"
10,보는내내 심장벌렁!!어딜가나정신똑바로차리라는 영화인듯..
10,할머니 할아버지는 생각도 못했다 ㄷㄷ
10,최고 계속되는 긴장감과 오싹함
10,헤어나오지 못하고있네요 마치 나도 나와 격리된 최면에 걸린느낌..영화보고 이렇게 머리 전체가 띵한적은 없었는데 대단하네요. 굳. 이제 정신차려야지
10,심장이 내내 쫄깃쫄깃 스릴러
9,여자친구가 뚱띵이 친구 꼬실려고 전화했을때 뚱띵이가 쌍욕하는거 완전 시원함 ㅋㅋ뚱띵이친구 눈치 졸 빠름 ㅋㅋ
10,솔직히 이거 9점까지 평점올려야한다. 한국에서 지나치게 과소평가된 영화. 갠적으로 무섭지? 무섭자나? 라고 내세우는 공포영화들보다 이런류가 훨씬 공포스럽다
8,지배는 하고 싶고 멸시하지만 그들의 타고난 우월함은 뺏고 싶은 추악한 욕망덩어리들의 화이트 판타지세계. 그들이라고 블랙판타지를 꿈꿔보지 않았겠는 가. 차별과 편견으로 각인해 세뇌로 똘똘뭉쳐 내리학습된 착각속에 빠진 ...
10,으 재미는있는데 뭔가찝찝함
10,"지리고 말았습니다,,"
10,오랜만에 시간가는줄 모르고 본 영화 지루한 타임이 없엇다
10,난 괜찮았는데 평점 1은 뭐지 ㅋㅋ
10,크리스는 참 좋은 친구를 뒀다
10,큰흥행이 안되어서 상당히 저평가 된 영화.몇년안에 만든 영화 중 가장 명작
10,내가봤던 영화중에 제일 소름돋았던 영화인거같다 새벽이라그런것도있겠지만 보고나서 복선들찾아보니깐 2번소름돋았다
9,신분증 검사 1층에서의 잠적 빙고게임에서도 한번더봐야 이해가 될것같은영화
10,쎅슬레이브발음 개찰짐 들을때마다 웃기넼ㅋㅋ
8,예고편 만든 사람 반성해야한다 진짜ㅡ 절대 예고편 보지마세요
10,진짜 신선하다 예상을 뒤엎음
10,와! 대박. 내용 참신해요. 시간 엄청 빨리 갑니다.
10,이 영화는 끝나고 파는 재미가 더 쏠쏠 근데 감독 진짜 디테일 쩌는 듯
10,탈출하면서 세뇌당한 흑인들 다 구하길 바랬는데ㅋㅋㅋ 그래도 재밌었다!
5,아주세련된 인종차별 영화
10,예고편을 안보고 봐서 더 재밌었던것 같다. 귀신튀어나오는 영화들처럼 그런부류의 공포영화가 아니라 정말...내용에 소름돋았네요..
10,몰입도 짱짱 연기도 짱짱 역대급
9,벗어나고 싶은 간절한 마음이 함께 느껴지는 영화였다
10,평점 너무 낮음 한 8.7은 넘어야될듯
9,새로운 스릴러의 감각.
10,공포를 띄어넘는 역대급 영화를 방금 보고왔네;;
5,영화 스포하지말라고?? 예고편을 봤다면 스포 당한거지 뭐
10,어스보고 버린 눈 겟아웃 한번 더 보고 씻으련다.
9,정말 집중해서 봤네요 앞으로도 이런영화가 자주 상영 했으면 좋겠습니다
10,소름소름 모든 장면엔 이유가 있었다... 영화보고 이렇게 여운남는거 오랜만..
9,재미없다는 사람들은 미래에서옴? ㅋㅋ 이영화보다 흥미로운건 보질 못했구만
10,와 나 평점 처음 남겨 너무 재밌어
10,영화 요소들은 어디서 본듯한 내용들이지만 연출이나 반전 등이 좋았다. 괜찮은 스릴러
10,멋있어 이런영화... 화려한 출연진 cg로 도배된듯한 영화보다 100배는 더!
10,진짜 영화보고 집오면서 소름 계속돋아서 ...진짜 꼭 보세연ㄴ... 진짜 씹 소름 개 소름 조오오오오온나 소름 브금술가 십캐리..꼭 보세요..!
10,충격을 넘어선 공포가 바로 이런느낌..여운이 계속 남어 ㅠ
10,작은 흑형을 건드리면 아주 ㅈ되는 거야
10,정말 긴장감 최고입니다
9,기대이상 !   생각보다 괜찮은 영화였음
8,백명친구 소용없다.  정신 똑바로박힌  쓸모있는친구한명이면 충분함.
8,여러색의 씨리얼이랑 흰 우유를 섞지 않고 따로 먹는 씬.. 이게 핵심인 듯..
10,와 진짜 간만에 신선한 영화!평화롭고 아늑한 영상미에 암울한 BGM이 더해지니괴기스럽고 소름돋는다흑인여배우 눈은 울고있는데 입은 웃고있고흑인간병인 밤에 뛰어올때 진짜 개놀램무튼 영화 초반부영상+배경음악 너무 좋았다아...
10,명작 까진 모르겠으나 보는내내 심장이 쫄깃했던 수작은 ㅇㅈ
10,신선한 호러물 인정! 알고보는데도 이정도인데 ㅋㅋ
10,이 세상 공포가 아니다! 진심 소름
10,마지막 경찰차에서 내리는 그순간 그전 크리스가 무조건적인 손들때 삶이 어떻게살아왔나를  몇초컷에 다보여주는 느낌..
10,보고나서 감독이 이런생각을 했단거에 충격받고계속 머릿속에 맴돌아서 충격받고
10,당신 삶엔 존나쩌는  TSA친구가 있습니까?
9,겟아웃 겟아웃 겟아웃 겟아웃!!
1,최면하나로 ㅋ 설정 유치하다. 여주남동생 연기력 최악. 남주도 발연기. 실종된 섹스노예 흑인배우는 잘생김. 남주친구 뚱보는 시끄럽고 멍청함.중간에 나오는 백인들사이에있던.쪽바리하나 개웃김. 흑인보다 더 멸시당하는 쪽...
10,소름.. 시간 가는 줄 모르고 본 영화 지루할 틈이 없다 최고!!
10,이걸 왜 개봉당시에 안 봤을까? 지금 봤는데도 긴장감 완전 제대로 된 무비
10,다시봐도 소름돋는 영화 그 하인 들이랑 실종된 남자 백인말투랑 연기하는거 진짜 대박
8,독특한 스릴러 영화입니다
10,너무 재밌어요. 영화관에서 또보고 싶어요
10,최고!!!입니당 내용이 심각했어요
10,진짜 재밌음갠적으로 이런류의 영화를굉장히좋아하는사람으로서 신선한충격을준영화.추천합니다
10,영화를 보다가 움찔움찔 했습니다
9,Get out 리뷰나 후기 절대 보지 말고 관람
10,소재도 신선했구 내용도 집중해서 봐야해서 보는 내내 긴장하게 만드는 영화였음영화에 대한 설명이 너무 없어 걱정했는데 믿고 보는 영화인것 같구 글로 설명이 안되는 영화!!!
10,마냥 무겁지만도 않고 이해못할정도로 어렵지도 않고!! 그래서 더 재밌게 봤다.
10,영화보기전엔 예고편이 스포라는말 뭔지 몰랐는데 영화보고나니 무슨말인지 알겠다영화보실분들 절대 예고편 보지 마세요
9,"처음 아이셔를 먹었을때 느낌? 진짜 온몸의 감각이 쭈삣하고, 거부스러우면서도 계속 땡김"
10,소름돋았습니다진짜 재밌어요스토리가 탄탄하고러닝타임내내 지루하지않았습니다
10,흑인 백인들만 알수잇는 소스들을 못즐겼는대도 이해가되는게 명작인듯거기다가 아시아인으로도 겪을수있는 인종차별이 나름걱정도됨ㅜㅜ
10,내가 지금까지 본 영화들 중 두 손가락 안에 들 정도로 최고의 영화. 초반에 조금 지루한 부분이 있지만 후반을 생각하면 다 이해가 가는 부분.
10,나도 저 최면에 빠지면 어떤 느낌일까?
10,끝나고나서 솜뭉치를 어떻게 넣었을까 생각했는데 그게 이영화에서 나온 흑인들의 신체적우월함을 표현한것같다!!
9,마지막 사이다  재밌네  와
9,뇌를 지배당한 육체의 길잃은 눈빛 소름
7,여기저기 복선이 많이 숨겨져 있어서 2번째 볼때가 훨씬 더 재밌었던 영화...
10,2번 봤는데 볼때마다 지리네~ 다시 보니 처음 볼때 놓쳤던 복선들을 볼수 있어 너무 좋았음
9,몰입할 수 밖에 없는 연출과 연기.신선한 소재라도 잘못 활용하면 낭비가 되는데 잘 녹여내서 성공작이 된 듯. 몇몇 복선들이 영화 후반부에 한꺼번에 이해가 되면서 알수없는 희열감마저 듬. 다들 연기력 대단했지만 영화 ...
10,단연코 작년에 나온 모든호러영화중 가장 신선했음
10,완전쫄짓쫄깃 정말무섭습니다!!
10,배우들의 표정연기가 무서울정도로 리얼했다
10,금연클리닉 못받겠다.... 금연은해로워
10,솔직히 양심적으로 기대겁나했는데 인생영화수준. 아주살짝아쉬운부분은 2개있지만 그래도 핵꿀잼.한번더볼거임
10,그냥 꿀잼. 누가보기엔 그냥 징그러운영화일수도...
9,분위기만으로 압도하는 영화
10,완벽 그 자체. 인류의 미래를 미리 봤다!!
9,미국판 곡성. 결말은 예상이 가능 하지만 영화 속 인물들의 대사/행동 하나하나를 곱씹어보게된다. 주제에 대한 쿡쿡 찌르는(?)게 아닌 잘 숨겨놓은 지뢰같은(??) 풍자까지 더해져 좋았다.
10,흑인을 노예 취급하는 꼴통 백인우월주의자인줄 알았는데 흑인을 광적으로 동경하는 미친놈들이었던거임ㅋㅋㅋㅋ
10,이거 10점 안주는 사람은 도데체 얼마나 재밌는걸 보고다니니? 머리통속에 생각은 있니? 혹시 수술받은사람?
10,"어스를 보고, 이 영화를 재평가"
10,내가 이걸 왜이제봤지...
10,마지막 장면에 주인공이 결국 누명을 쓰겠구나 라고 생각이 들었을 때 내 자신도 얼마나 편견에 차 있는 사람인지 알 수 있었다.
10,10점도 적다.. 100점짜리 영화
10,와..정말 몰입감있게 봤습니다
10,"결말을 알고보니까 초반에 나오는 장면하나 대사하나가 전부 소름,,"
10,그냥 미쳤다 그 이상 이야기를 못한다...공포영화가 놀라서 소름끼치는게 아니라 스토리로 소름끼치게 만든 영화...
10,흑인남친이랑 극장에서 소리지르면서 관람했던 소름끼치면서 괴이하고 슬프면서도 재미있었던 영화.
9,이런게 공포영화지... 깜짝놀래키는게 공포영화가 아니라 그건 새로운 장르가 생겨야돼... 깜짝놀래는영화로 이런 심리적 공포를 줘야 진짜 공포영화지
10,소름 돋는 연기력은 덤... 영화 자체가 좋다
10,근래 본 공포장르중 가장 만족스러웠음
8,생각해볼 내용이 많은 영화
9,사실 예고편이 스포라 별 기대 안하고 봤는데 재밌었습니다~ 특히나 집에서 일하시는 흑인 여자분 웃으며 눈물 흘릴때 소름 돋았어요..ㅠㅠㅠ
10,"우리 사회의 불편한 차별이라는 진실을 그리고, 인종 차별이라는 내용을 너무나도 잘 풀어 보여준 영화이며 105분 가량의 러닝타임이 어떻게 지나간지 그리고 그 임펙트는 말로 설명할 수 없을 만큼 진하다."
10,수많은 복선들이ㅡ영화 후반부에 하나씩 떠오르며 소름ㅇ돋음. 배우들 연기 음악 분위기 스토리 모든것에 끊임없이 소름돋음. 걍 보세요
10,배우들 표정연기 기가막혀요
10,처음부터 몰입감은 최고. 하지만 기대보다 조금 못미치는 반전.
10,간만에 두손 붙잡고 긴장하며 봄. 내용도 신선하며스릴 넘치고 쫄면서 본 영화. 작지만 반전의 반전도 좋았음.
10,너 무 심각할 정도로 신선하다
10,뒤로갈수록 빠르게 전개되서 더 정신없었어요 ㅋㅋ
10,진짜 꿀잼 영화를 보는 순간 그 자체가 긴장 ;;
9,"몰입감있게 잘 보았음, 영화관에서 보는걸 추천 예고편은 보지말고 가세요"
10,처음느껴보는 재미??
10,영화 정말 재있게봤는데 예고편을 미리 안본게 천만다행인듯.. 이 영화보실분들은 예고편 절대 보지마시길
10,모든 행동에는 이유가 있었다..
7,주인공 친구 생각처럼 성노예가 필요한 변태들이 최면술로 납치극 벌이느줄알았더니 섬뜩함이 한 발 더 가네 ㄷㄷㄷ 얼마나 욕심쟁이이면 그런 생각을  해... 미국에서 엄청나게 문제작이었을듯.. 다른인종간 커플도 많이 보...
10,외국에서 오랫동안 살았던 나에게는 충분히 공감가는 유색인종들의 불편한 현실 ㅠㅠ
10,우주로 떨어질때 가위눌린 기분들때 그런기분일꺼같음
10,와 재밋다 ㅋㅋㅋㅋ 이걸 왜 이제 봤지???
8,<블랙팬서>식 허세보다는 이런 공포물이 흑인사회에 훨씬 도움됨.
10,"올해 최고 공포영화 국산영화처럼 쓸데없이 놀래켜서 공포를 주는게아니라점점 조여오는 알수없는 서스펜스,, 그리고 공포감"
7,재밌음 신선했음 ㅎㅎㅎ
10,왜 이런 마스터피스의 평점이 고작 8점대인지 모르겠네. 치밀한 복선 암시 전개 뻔한 예상 뒤엎는 반전의 반전에 메시지까지 완벽한데..
6,예고편 만든사람 누구야 진짜;;  예고편에 모든게 다나옴 스포임 절대 보지마요
9,감독에게 칭찬을 !!!
10,"근데 아직도 맨 처음에 주인공의 'Not today, not me.'가 이해가 가질 않는다 더 꼬인게 있는건가"
1,1차원적인 영화의 끝판왕. 스토리 최악. 개연성 없고 돈 시간 모두 아까운 영화 다운받아서 보지도 마세요 시간아까우니까
8,각본이 끝내주게 신선하다
10,조던필 이 양반 보통인물이 아니었네
8,인종차별을 싫어하는 나는 이미 인종차별을 하고있었다.
9,연출이 정말 기가막혔어요 단순 스릴러로 칭하기엔 너무 걸작
10,"평점보면 불만들이 많으신데. 뻔한 전개다, 높은 평점은 알바다, 이런 소리 때문에 나도 안보려했음. 근데 오늘 할게 없어서 한번 봤는데, 뻔한 전개는 아니었음. 이런 부분에 있어서는 남의 말 휘둘리지 말고 직접 보고..."
10,재밓게 잘봤습니다.다음에도 좋은 영화 부태드려요
10,진짜 너무 무서우면서 괴기하다...
10,시간가는줄몰랐네요!!!
10,마지막 클라이막스 구간이 좀 더 길고 엎치락뒤치락했다면 진짜 더 스릴 있었을테데!하지만 이 정도도 꽤 좋다고 생각함!
10,이렇게 한순간도 지루할틈없는 영화는 오랜만입니다 .
10,간만에 신선한 영화를 봤네요~!한권의 미스테리 소설책을 본듯 몰입감 짱!
9,예고편 절대보지말자. 내용을 함축해놔서 보고보면  재미가 마니 떨어짐.  곡성보단 스켈리톤키가 생각나는영화. 남주연기가 쩜 표정과 눈빛~
9,너무 기대하던 영화라 개봉전에 예고편 두번세번보고 어제 개봉하자마자 보고 왔는데.... 예고편에너무 많은걸 담은듯.. 영화의 모든 중요한 장면이 예고에 전~~~~부 다 들어가있어서 영화 볼때 재미가 반감됐음 그 점이...
9,충격적인 영화네요 ㅎㅎ 다만 보는내내 긴장감이 넘쳐서 영화끝나고나면  피곤이 몰려와요 ㅋㅋㅋ
10,잘 사귄 친구가 결혼할 여친보다 낫다. -모쏠-
10,다 보고나니 참 씁쓸해지네요ㅠㅠ 인간이란 참 잔혹하네요
6,초반엔 흑인 차별 안하는것 같더니 아예 흑인을 쓸모 있는 도구 처럼 생각하고 있었다는게 소름. 내가 다 빡침.
10,미쳤다리....빠져들게됨
10,남자친구랑 아침에 조조로 재미있게 잘봤어요 반전이 어느정도 예상되어서 아쉽긴 했지만 그래도 짧지 않은 러닝터임동안 긴장감있게 봤어요
10,와 다보고 해석을 보면 또소름 처음부터 복선이 게속있음
8,다보고나니 머리가 지끈지끈...ㅠㅠ
10,역대급공포영화다 소름이 쫙끼치네
8,영화도 영화지만 이건 홍보를 잘했다. 포스터는 진실을 말했다. 그래 봤자 얼마나 대단하겠느냐고 생각했는데 실망시키지 않은 영화.
8,볼만했음 연기나 연출이 훌륭했던 영화
10,아 진쨔 ㄹㅇ 개꿀잼 이네요 ㅜㅜ 아 정말로 기대하고 보기 잘한거 같아요 ㅜㅜ꼭 보세요 진짜루 안보면 후회할지도 진짜 스토리가 충격적이네요 ㅜㅜ 소름돋기도 하고 앞으로 이런 영화가 많이 나왓으면 하네요이런건 영화관에...
10,"파티에서 만난 흑인도 빠져나왔겠죠 구해줬겠죠다시 생각해보면 ""겟아웃!겟아웃!"" 외쳤던게 너무 마음아파요.."
9,무슨 블로그 광고쟁이들 말 들어보면 할리우드판 곡성이니 반전이니 했는데. 그런거 없음. 걍 재미있음. 처음부터 끝까지 블로그나 평론가들 글 봤던거 생각나서 봤는데 그냥 영화에다가 각자의 상상력을 불어넣어서 다른 영화...
1,1줄요약 : 겟아웃. 당신한테 하는 소립니다 그 상영관에서 나가라고ㅇㅇ등장인물들 전부 아무 이유없이 부자연스러운 설정. 왜 필요하지? 암만 작은 거짓말도 안들키려고 노력할텐데 여긴 첨부터 위화감을 느끼게한다?? 왜?...
1,이거 쓸라고 까먹었던 비밀번호도 다시설정했다 ;;영화할인받아서 6000원에 봤는데도 영화비가 아깝네진짜 재밌는건진 모르겠는데 전하려 하는 내용도 모르겠고 감동도 없고 스토리도 없고 복선주워담기에 급급하고 결말은 초등...
10,와 진짜 대박이다..이걸 왜 이제서야 봤는지 후회됨...보기전에 평점들 읽어보고 봤는데 복선 떡밥 이런 평점들이 이해된다..영화 다보고 평점 다시보니까 진짜 완전 소름이네..나는 왜 크리스 사진가지고 빙고를 하나 했...
10,가정부가 제일 무서워ㅜㅜ
10,재밌다. 올만에 긴장되는 영화를 봤습니다
7,공포영화라기 보단 기묘한 이야기 같은 느낌
10,너무 재밌게 봤습니다. 경찰차 올때 이게 희망인지 절망인지...
9,이세상 그 어떤 것도 사람만큼 무서운 존재는 없다.
7,스릴러로서의 재미를 놓지 않으면서 인종차별의 의미도 새겨넣었다.
10,브루노마스 닮은 인물이 중간에 크리스에게나가라고 할때 나갔으면 그들의 범죄는 끝내밝혀지지 않고 피해자는 더 늘었겠지 마지막까지 정말 너무 소름 돋는다
10,뇌수술 장면이 너무 무서웠어요
8,댓글들 스포 투성이인거 읽고 봤는데도 몇번 놀라고.. 저도 사람이지만 이런 영화 볼때마다 인간이란 생명체 자체에 혐오감이 생김. 인간은 과연 자기자신을 위해 어디까지 행동을 할지..피부색이 다르다는 이유 하나로 물건...
9,스릴러 좋아하는데 오랜만에 진짜 재밌게 봤다.
10,그냥 호러영화인줄 알고 긴장해서 봤는데 다른 의미로 끝까지 긴장타면서 봄. 다른분들 처럼 멋진 영화평은 못하지만 정말 볼만한 영화입니다! 강추! 그리고 OST도 지림....!!
9,소름돋았어여 흑백차이라 ㅡㅠ좀개선되었으면
10,참신한소재의 영화. 기발한 아이디어와 반전이 돋보여서 정말 재미있게 봤습니다.
10,우리나라도 저비용 저예산으로 이런 스타일 영화 만들었음
9,새로운 시나리오라는것에 점수를 준다
7,재밌었어요!! 뒷부분 진짜 짱
10,엄청무서워여  이제 찻잔은 못봐요
10,"그냥 지림,, 천재야 이건"
10,별하나 준 사람은 도대체 어떤 시야로 영화 본걸까????여고괴담 이런류로 봐야 잼있다 느낄려나????이저거저 영화정보 알아보고 보는거보단 그냥 가벼운 맘으로 영화보러가면 기대이상엄청 신선하고 창의적인 공포를 맛보게 ...
9,예고편 보고 갔으면 큰일날뻔 했음 ㄷㄷ 아무 생각없이 봤다가 굉장히 재밌게 보고 나옴.
9,마지막 10분 반전! 꿀잼
9,더큐어정도로 생각했는데 훨씬재밌네요 ㅎㅎ
9,방금 보고왔는데 흥미진진했고  놀랬으며 신선하고 깔끔했어요 엄지 척!
10,재미있어요 뭐랄까 생각치도 못한 전개에요  진짜 재미있게봤어요 소름돋는 부분이 많아요
9,1~3점 주는 사람들 알바 너무 티나는거 아이가 ㅋㅋㅋㅋ적당히 해야 속지
10,귀신나오거나 막 놀래키는 호러보다 이런 분위기 압도적인 호러가 좋네요. 오랜만에 보니 더 좋음
10,스토리 참신하다 ㅋㅋ 예고편 보고 생긴 의문들도 다 풀려서 재밌게 보고 옴
9,살다가 이런영화를 보게 될 줄이야..
9,무서운 장면 없이 무서운 영화라는 타이틀은 겟아웃에게 줘야한다. 영화를 다 보고 처음부터 곱씹어 볼 때 소름돋는다. 진심 감독천재
10,주변에서 소문듣고 결제했음 ㄷㄷㄷㄷ
10,극장 재방까지 다섯본 봄. 그래도 재미있음
10,보는 내내 눈을 떼지않고 본듯하다 개인적으로 최고의 영화다 따봉
10,이런 류의 영화를 진짜 좋아하는데 이건 아무생각없이 보고 의미를 알고나서 한번 더 봐야함. 그리고 한번 더 볼때는 꼭 말이나 자막같은거 주의깊게 봐야함..
8,다 좋은데...일반 사람들도 위기 상황에서는 저흐렇게 잔인 해 질수 있을까? 어쨌든 괜찮은 연화임
10,나 이거 중1때 봤는데 존나 소름돋으면서 재밌게봄 이제 만 15세됐으니 차기작은 정직하게 볼수있겠네 ㅋㅋ
10,존잼 아무것도 모른채로 봐야 재밌음 단순 스릴만 있는게 아니라 여러모로 생각이 많이 드는 영화임 떡밥도 많아서 다 본 다음에 해석도 찾아보면 더 재밌음
10,죽여주는 영화 우리는 이런영화 못만드냐 왜
10,제가 사이비종교에 현혹되서 다니다가 밤에 집에서 이영화봤는데요. 이영화덕분에 정신차리고 나온것같습니다.
10,재밌어요~~~~!!
10,조지나 역 하신 배티 가브리엘? 이분이 살린듯..
10,무섭거나 잔인한 장면없이 마음 철렁하게 만드네
8,몰입감 굳 연기도 굳 재미도 굳
10,숨막히고 소름끼치고 복선 장난아니네
10,짜릿한 복수 정말 재밌는 스릴러 영화
1,터질듯터질듯 안터지고 애들장난처럼 우수수 다 나가떨어져 무슨
1,영화 후반 30분은 완전 엉망.평점이 왜 높은지 이해가 안가네요
1,잼 없다ㅠ잠 온다 돈아깝다
1,이해를 함에도 불구하고 노잼이었다
1,기대하지말고 보세요^^
10,전혀 예상치 못했던내용인데예상했던 내용 다 빗나감 너무재밌고 볼만햄
10,영화 평점쓰는건 처음이다 이거 보고 난다음에 해석보고 나면 얼마나 명작이라는걸 알수있을거다 와 진짜 생각할수록 소름이네
10,처음에 이게 무슨 영화야이랬다가 개 반전 소름이다
10,이건 공포영화가 아니다 초반에 살짝 루즈해지지 말라고 집어넣은 장치에 불과함 나 진짜 놀이공원가서 무서운 놀이기구는 타도 귀신의집은 못가는 쫄본데 그런 쫄보도 안무서움 공포영화라는 타이틀이 아니라 스릴러가 주가됨 진...
10,"완벽한 영화, 생각하게 하는 영화, 여러번 봐도 질리지 않는 영화"
8,"정원사와 가정부하고 대화할 때 흑인이 백인처럼 말하는 거 보고 이상하다 했는데 할아버지, 할머니였다니...소름 ㄷㄷㄷ 막판까지 긴장감있게 잘 끌고왔는데 막판에  너무 허무하게 짧게 마무리돼서 아쉽."
10,재밌는 영화는 계속 봐도 재밌다.
10,그냥 진짜 정말정말 재미있다. 내 인생영화
8,공포영화 좋아하는데 스토리도 탄탄하고 진짜 참신해서 좋았음 . 맨날 악령 씌이고 귀신들 발광하는 공포영화보다 훨씬 좋음
9,"목화솜, 씨리얼, 휴대폰 등 앞뒤와 소품들의 숨은 의미 파악이 포인트"
9,"차별과 분리, 소유욕이 만들어 낸 뒤틀린 사회에서, 발버둥치는 이들을 위한 호러 영화. 공포감을 단순히 한 장면에서 발산하는 게 아닌, 일상적인 순간들에서 뽑아냈다는 것이 매력적. 공포에서 시작했다가 복잡한 생각이 ..."
6,반전은 집 도착하고 시종들 볼때부터 이미 알겠고....뇌이식하는게 대단한 반전도 아니니 패스. 그냥 곳곳에 설정같은거 깔끔하게 잘 만들긴 한듯. 대신 여친도 최면걸려서 남자들 자꾸 데리고 오는줄 알았는데 OO년이였네...
10,와 진짜 영화 잘만들었다...띵작
10,아미티지 조부가 나와서 코아글라 홍보하는 영상은  토나올뻔...
10,이 띵작을 지금보다니.. 흑인이 말하던 겟아웃이 화내면서 꺼지라는게 아니고 여기서 도망치라는 메세지였다니 결말보고 장면 곱씹어보니까 복선이 엄청 많이 깔려있는 최고의 스릴러 반전영화네요
10,흑인여자연기ㄷㄷ ㅁㅊ
6,떡밥 회수나 중반까지 긴장감은 좋았는데 그 이후로 전개가 갑작스러워져서 띠용??했음 중후반부터 난해하다고 해야하나 갑작스레 모든 게 이뤄져서 좀 아쉽다 스토리라인은 그럭저럭
9,오랜만에 신선한 영화를 본거같다.. 뒤로 갈수록 흥미진진
10,시나리오 튼튼함. 전달하려는 바 확실함. 배우들 연기력 엄청나서 영화에 흡입됨. 보다보면 같이 정신병 걸릴것같음. 초반에 잔잔하면서도 계속 긴장감을 놓치지 않고 결말에 반전을 줌으로써 장르로서의 역할을 충실히함. 감...
9,치밀하고도 섬세한 스릴러. 기가막힌 영화!
10,다양한 장치들이 빛을 발하는 멋진 영화... 너무 재밌게 봤네요.
8,사람이 무서워지는 영화
8,솜귀마개 할꺼 같았다ㅋㅋ
10,나는 흑인여자가 제일 무서웠음 얼굴 줌인해서 눈물흘리면서 웃는 장면은 진심공포...한번정도는 보는거 추천!!
10,현대에서도 흑인들한테만 과잉진압하는 사건들 몇번봤는데 이영화보니까 인종차별에대해 더 생각하게되네내용도 신선하고 결말에 경찰차 온거보고 크리스 손들때 아.. 했다가 안심함 ㅋㅋ
10,이영화는 꽤 단순한 줄거리임에도 불구하고 각 장면마다묘한 상징성을 지닌 요소들을 넣어 색다른 재미 포인트를 만들어 놨다. 이 요소들을 해석하고 분석하는 재미로 보는 것 같고 그 요소들 하나하나가 인종차별과 관련있어 ...
10,중간에 그  빙고장면이 경매하는거였음 ㅅ소름;;
8,무섭지만 잘 봤습니다 .
10,반전 너무너무 ㄷ재밌고 스릴도잌ㅅ고..
10,원더우먼 볼려구 예매했다가 친구가 겟 아웃 잼있다해서 원더우먼 취소하고 겟 아웃 예매했어요 친구한마디가 신의 한수 였습니다
9,시간 가는줄 모르고 봣네요ㅎㅎ
9,저 이거 두번봤어요..ㅋㅋㅋ
9,아무것도 모르고 봤으면 정말 충격적이었을 영화
10,"스토리를 이용해서 연출해 놓은 불쾌한 공포감, 이질적인 느낌이 상당히 좋았습니다. 이런 공포영화는 자주 있었으면 좋겠네요."
10,끼야아악 대박 너무 긴장감있고 후기보면 더 대박
10,곡성과 같은장르인 미스터리물인 반면 끝이 시원해서 좋다 그리고 전 장면신들을 하나하나 회상해보면 소오름 진짜 주인공 죽었으면 고구마100개
10,"러닝타임 더 늘려서 내용만 더 깊어졌다면 120% 찬사 받았을 듯,"
10,흥미진진해서 시간이 너무 짧게 느껴질 정도였습니다!개개인마다 관람평은 갈리겠지만 저와 남편은 정말 재미있게 잘봤습니다 아직 풀리지않은 미스테리가 있어서 몇번 더 보고싶기도 하네요
8,백인들의 빙고게임의 의미... 놀랍다.
10,몰입도 최고!!!!사람은근히 쫄리게 만드네요.. 마지막 할아버지 할머니 진짜 대박!!!상상도 못한내용
10,소재도 신선하고 스릴있다 굿
10,신박하다. 인종차별적인 요소를 이렇게 잘 버무려 놓을줄이야 소름끼치도록 아름답다.
10,진짜. 잘만든 영화 ... 불쾌함과 소름의 연속임 ..
10,극장 뒤에서 보는것처럼 인생을 산다니 너무 답답하고 잔인하다. 그러한 장면을 연출한 감독과 카메라 감독도 천재인듯...
10,알면 알수록 소름끼치는 영화
10,개지리는 영화 중 하나..
10,로즈랑 로드와의 통화씬은 여러모로 썸뜩했다
10,아  설마  여주 남동생이 크리스한테 격투기 한번 해보자고 나댈 때 엄마가 눈치줬던 이유가 담배못피우게 하는 거랑 같은 이유인건가....소름....
10,개꿀잼개꿀잼개꿀잼ㅇ
10,"주인공이 모자쓴 흑인에게 사진플레쉬 터트렸을때 하는말인 ""GET OUT""이 이영화의 제목이며 최고의 복선입니다."
8,보고나서 탈곡기처럼 탈탈털림  큰그림에...
7,신선하고 재미있었으나 역대급 영화라고 찬사하는 부분은 이해가 되지 않는다. 극장보다는 나중에 IPTV에서 킬링 타임용으로 사람들이 많이 찾을 것 같은 영화. B+
9,와 오랜만에 제대로 긴장탐 ㅋㅋ개통쾌함 ㅋㅋ
9,무서운 영화치고 스토리 있고 소름 돋아서 재밌땅
8,보다 중간에 깜짝깜짝 놀라네요
9,예고편을 보지 않았다면 정말 재미있었을걸... 무튼 최근들어 반전도 짜임새도 훌륭한 작품
10,깔끔하게 끝.. 유리커피잔돌리는소리가 아직도 맴돔.. 잘만든 영화.
10,쓰레기 한국영화 보다가 눈호강
10,"전반 흡입력 쩔, 중반 호기심 바짝, 후반 심장이 쿵쾅"
10,미쳤다. 그냥 미친거다 . 영화를 본후에 후유증이 남는다.. 앞으로 2번 더 볼것이다. 차키를찾아..차키를...
10,처음남깁니다 근래 본영화중에 최고였습니다 대박입니다ㅎ
1,저예산 B급영화 내용도 연출도 그저그런데 너무 과대평가받고있다.극장에서 안본게 천만다행ㅋㅋㅋ
10,마블도 인정한 영화!!! 인정할만함 재밌었음
1,노잼 너무뻔한전개..
1,그냥저냥  재미없었음 싸이코 별로
1,야이OOO련들아니네돈받고쳐일하니깐좋아?다죽여버리고싶내;
9,처음부터 끝까지 집중하고 봣네용ㅎㅎ오랜만에 스릴잇엇습니당 너무 큰기대는 마세요ㅋㅋ!!
3,화제성에 비해 여러모로 기대이하
1,흑인의 잔인함을 담은 영화
1,보고나면 기분이 너무 더럽습니다
1,속았다. ㅠㅠ 10점 알바에 아이고 분해 그러고 살면 좋니?
1,별로에요 기분나쁜 영화!ㅡㅡ
1,"진심으로 재미없음,,미국판 곡성 절대 아님"
1,혐오와 차별에 대한 메세지만 담고 있으면 영화가 어떻든 명작으로 불리는듯
1,개노잼....  댓글알바들 진짜 개많네
1,미국판 더 게임? 안보는게 더 나았을지도..언플이 너무 심해서 기대가 컸음
1,걍 물타기영화ㅋㅋㅋㅋ해석이고나발이고 재미 자체가 없어
1,개노잼 OO 스릴러하나없고  결론 주인공뺴고 다OO
1,"재미없는 영화임 ,평점에 속았음,광고에 속고"
1,흥행한이유를모르겠다 보고나서 돈아깝다는 생각뿐안듬
1,진짜보고나서이게영화가맞나생각될정도로씹노잼 이거보느니 그냥그시간에잠이나자는게좋음
1,댓글에 낚이지 마세요~~! 제발~~
1,별 한개도 아깝다 보지마세요 제발 노잼 개노잼
1,비급영화 노잼 반전도없고 ..참냐
1,진짜 영화보고 점수 준겁니까.. 최악입니다 정말 예고편이 끝
1,그래서 소름 끼치는 반전은 ㅇㄷ?
1,영화 시작 절반도 안되서 결말이 예상됨;; 이게 왜 1위인지 모르겠음.. 또 반전 없음 나는 개인적으로 별로인거같음
1,댓글알바하는건가ㄹㅇㅈㄴ허무하게끝나고재미도업음절대보지마셈돈존나아까움
3,급  실망이네요..내용도없음..
10,단순 인종차별 영화인줄  알았는데 그거때문에 반전을 예상못함. 감독 너무 천재다... 다 보고 나면 초반에 나온 대사 장면들이 싸그리 이해가 감..
6,친구 역할 없애고.. 그냥 마지막에 할아버지 빙의 된 흑인이 여자 죽이고 자신 자실하고 끝나는 엔딩이 훨씬 좋았겠다.. 엔딩때문에 용두사미 격의 느낌..아쉬움..
10,역대급 인생영화 초대박임
4,마지막 전개가 너무 허접하다 소재는 좋았는데
10,확실히 영화관에서 봐야하는 영화 중 하나. 사운드 하나하나가 날서있다. 큰 스크린으로 본 인종 차별은 너무나 숨을 막히게 했다. 하늘 아래 같은 모습을 가진 사람이란 동물일 뿐인데 계급을 나누고 서로 차별을 한다는 ...
10,ㅠㅠ 착한 흑인..아 진짜 화 나고 징그럽다 백인
10,여주가 제니퍼코넬리랑 헷갈릴정도로 닮았다
8,진짜 굉장한 영화라고 말할뿐
10,"진짜 재밌는데 평점이 왜이렇게 낮지 ?ㅠㅠ백인들이 흑인들은 무시하고, 자기 소유화 하려했던 사실을굉장히 신박하게 만든 작품!!"
10,정말 최고였다 장님이 자길 다른것들이랑 비교하지 말라고 이노센트 한척할때 소름이였다
10,참신한 각본과 신인이라고는 믿겨지지않는 연출
10,마지막 핸드폰 플래시를 키던 순간부터 너무 강렬해서 잊혀지지 않는다... 주인공 여자 연기 너무 잘한다...
9,이 영화는 2번보게 되면 수많은 복선이 보이게되고 장면하나하나 허투루 찍은게 없다는걸 알게된다
7,"Good. 대놓고 무섭다기 보다, 생각할수록 소름끼치는"
10,만점짜리 영화인 이유: 영화 시작할 때 나오는 감비노의 Redbone에서 이미 만점
10,진짜 그 어느 공포영화 보다 무서움
9,그 어떤 호러보다 무서웠던 사회적 공포
10,와 대박입니다.. 소름돋는데 겁나 사이다임
8,주인공 빼고 나오는 흑인들이 어째 다 크리피하다 했는데 정체 알고나니 그래서 그랬구나 싶은. 가족들 중에 그래도 여친은 정상이라 주인공 도와줄 줄 알았더니 제일 무서운 ㄴ이었음. 생각지 못한 스토리로 예측할 수 없어...
9,와..빙고 장면이 주인공 사진 걸고 경매하는거 였네. 대충 보다가 왜 이식 받는 사람이 눈 없는 사람인지 궁금했는데. 네이버 보고 암 소름
10,그래도 해피엔딩이라 좋았어요
10,여길 나가!!! 갯아웃!
8,"아미티지 할배 달리기 선수, 타이거 우즈... 두번 보니까 숨겨놓은 게 하나하나 다 보인다. 미국에선 이 이야기가 그렇게 충격인가 보다."
7,욕심과 이기심 열자열자
7,2015년작 셀프리스를 영악하게 흑인인종문제로 번안한 백인스타일 흑인영화
9,내가 공포영화를 많이 봤다고 하진 못하겠지만 내가본 공포영화중엔 가장 참신하고 무서웠다
10,진심 겟아웃 그럴수도 있구나~엄청나다
10,개인적으로 양들의침묵 다음에 최고입니다
10,영화 완전 잘만들었음..
10,개쩔어 주인공 마네 닮음
10,저예산으로 공포 스릴러 인종차별 반전 여운 다 표현하는영화. 부담없이재밌게시청할수있는 영화임
10,진짜 신선한 내용이네~
10,미치도록 신선하고 재밌다
8,영화 잘 만들었네... 보는 내내 기분 졸라 나쁘게 만듦...
10,연기 너무 무섭게 한다 ㄷㄷ
9,종교에 대한 세뇌가 얼마나 무서운지 잘 나타내 준 영화
10,진짜 소름~완전 재미있게 봤네요
10,엄청나네요... 소름돋네 ㄷㄷ
10,지금까지 이렇게 재밌는 영화는 없었다 두번세번다시봐도 재밌다
10,처음 인트로 음악이 좋다
10,무슨말이 필요한가...
10,간접적으로 느낄 수 있는 흑인이 백인에게서 느끼는 공포들.무섭고 슬펐다
10,진짜 다시 봐도 소름돋음 알면서도 소름돋음
10,말이 필요없다 이건 무조건10점이다 몰입감 최고.
8,평점이 초기에는 7.4점이었는데 갑자기 8점대로 올랐다는 것은 조용하고 보라는 것이다
10,최근 영화 중 베스트....
10,헐..꼭 보세요 진짜....간만에 영화다운 영화
10,인생영화라고 칭할 수 있을 정도로 재밌게 본 영화. 여운도 엄청 남음
10,혼자보면 발악하니까 혼자는 보지 마세여 ㅠ
5,그저 그런영화임~결말이 아쉬움1
9,재밌었어요 좀 무서워요
10,영화 참 잘만들었음 해석찾아보고 더 대단하다고 느꼈음
10,상당히재밌네요 볼만했어요
9,인상깊은 영화에요 잘봤습니다.
10,조금 섬뜩하면서도 흥미진진했던 영화
9,재미있어요 추천합니다
7,예고편 왜 봤니 나....
10,서서히 조여오는 긴장감이 좋았습니다
10,"귀신이 나오지 않는데도 무서웠고, 제일 무서운건 역시사람ㅜㅜ그것도 믿었던 사람ㅠ추천합니다~"
10,재미있었어요~ 스릴넘치고
10,짜릿짜릿 겟아웃 ! 보는내내 쫄깃
10,귀신보다 사람이 무섭다는게 뭔지 알겠습니다.
9,"분위기가  무서웠습니다. 중간중간에 깜짝놀라게하는 부분이 있었고, 그 점이 이 영화의 매력이라고 생각합니다."
10,재밌고 무서웠다 사랑스럽다
9,"보는 내내 집중 집중 집중,,,"
10,몰입도가 확실히 좋아요!! 재밌게 잘봤네요~
10,짱~~재미있었어오ㅡ
10,참신함과  재미를 동시에
10,중간중간 깜짝 놀라는 장면이 일품이었습니다
8,평소 인종차별에 대해 무지했던 나를 돌아 볼 수 있게 되었다. 영화의 내용 전개는 뻔할지 모르지만 소재가 신선하고 배우들의 연기력에 감탄을 하게된다.
10,짱잼 꿀쨈 존잼 열잼꾸르꾸르잼
10,처음부터 전부 다 재미있었어요.
10,생각하지 못한 반전. 연기력 짱. 놀라움의 연속이었음
10,영화가 다 끝나고 좀 생각해보니 내용이 이해가 가더라구욬ㅋㅋ 주변 관람객들도 처음엔 저처럼 어리둥절 하더니 다들 이해하신듯 아~ 하시곸ㅋㅋ 신선한 스토리였습니다.
10,재밌었어요. 내용 자체가 무서우면서도 소름이 돋는 참신한 영화였습니다.
10,생각보다 재밌게 봤어요궁금증을 갖고 끝까지 놓치지 않고 봤답니당
10,호러 요소는 좀 식상하지만 그래도 계속 주변 것들을 생각하면서 볼수 있어요 쳐다보던 시선이 참 무섭네요
10,짜릿하고 스릴넘치네요 추천
10,예고편을  안봤으면..
8,마지막에급격한전개가...재밌었어요~
8,나까지 최면걸린것 같움ㅎㅎ
10,"영화본지 이틀이 지났는데 문득문득 생각나고 여운이 많이 남네요.혼자서 큰 기대없이 봐서그런지 몰입도 잘되고, 재미있게 잘 봤습니다. 약간의 반전이 짜릿하기도 짠하기도하네요."
10,이정도면 훌륭 하지요 ㅋㅋㅋㅋ
8,"내용은 신선했으나 , 예고편보셨으면 영화 다 본거라 보시면 됩니다... 공포는 전혀 느끼지 못했어요"
9,재미있고 좋았어요 ㅋㅋ 소름끼치는 비지엠이 깜짝 놀라게 하고...그것만 빼면 재밌었네요
10,귀신안나오는데  소름끼치는영화
8,제가 지인에게 상당히 무섭다고 얘기를 듣고 영화를 관람하였는지 모르겠으나 무서움과는 거리가 꾀 있습니다.  기억에 남을만큼은 아닌거같아요..
9,21세기 흑노예 휴먼 스릴러
10,진짜 영화보고나서는 이거 왜봤지 생각햇는데유튜브에 올라온 해석 보니깐 영화 진짜 잘만들었다 생각합니다영화보신븐 해석 한번보세요
10,대단하다. 신선한기괴함
10,최고~~~~ㅡ~~~~ㅡ
10,줄거리도 참신하고 소재도 반전도 넘나 만족스러워서 2번 보고 싶어지는 영화네요 이런영화좀 더 만들어주세요~ㅎㅎ
8,깜짝놀랄만한 장면이 좀 있었고 중간쯤보다보면 마지막이 예상 할 수 있는 결말이였다
9,예고편보고 대충예상은 했지만 상상이상이었어요
10,"다 본 후 느낌은 ""한번쯤 더 보고 싶다."""
8,스트레스받지않는 스릴러영화
10,ㅎㄷㄷㄷ;;;ㅎㄷㄷㄷ
10,재밋네 볼만합니다 교통경찰 하드케리하네
8,영하를 보면서 처음느껴보는 기분이였고요 신선하고 전반적으로 다 재미있었습니다 !! 근데 마지막이 너무 빨리 끝내려는 거 같아서 아쉬웠어요
10,귀신이나 갑툭튀가 없는데도 온 몸에 소름돋게 무서웠음 스포 당하고 봤는데도 영화시간 내내 집중해서 본 영화..
9,수작이다 창의적인 내용전개 놓지 못하는 긴장감
10,두번째 보니까... 진짜 다르다...
10,진짜대박 굿.인생영화
10,이영화와 비교하기 힘든 영화도 평점 더 높던데 이영화는 평가가 왜 이런거지
8,오랫동안 뇌리에 남는 심연깊이 나락하는 최면의 비주얼
8,일반 공포물과 달리 신선하고 내용도 기괴하네요. 잼있게 봤습니다.
10,적어도 9점은 되어겠구만 꿀잼이네여
10,짝짝짝!!!최고~!!!!
10,아.꼭보아야할영화.영화로 세상을 이해한다.우리나라에서도 힘없으면 이렇게 당하는건 마찬가지.조심하고 조심해야한다.
10,이런발상대박이다진짜..
10,반전이 놀랍네요. 간만에 재밌는 영화 봤습니다
10,정말재밌다 진짜참신하고 긴장감에 통쾌함에
10,조던필 감독은 천재인 듯
8,흑인남자가 백인여자친구 집에 초대받으면서 벌어지는 이야기는 맞는데 영화 소개 왜저래 성의없냐 영화자체는 휼륭함
10,진짜 대존잼 인생영화임 이 영화에 대해서 아무것도 모르는 상태에서 보면 더 재밌음 예고편이든 후기든 뭐시기든 던지고 영화먼저 봐야함
10,최면이라는 설정만 기억하고 뇌수술하는 장면까지 보여줬는데도. 하녀가 차를 막고 하인이 쫓아오는데도 뇌수술한 할아버지.할머니라는 건 완전 반전;; 최고의 심리스릴러 영화입니다.
10,짱매짔었어용하하 담에ㄸㅎ
7,정원사와 주방할매 정체에 소름 돋았고 여지친구의 반전 모습에 또 힌번 소름 돋음.무서웠음.
10,굿뜨굿뜨굿뜨굿뜨굿뚜굿뜨
7,오늘봄  내용은  너무뻔한것같음  악당도넘쉽게당하고 인종차별이란내용은신선했지만  너무뻔하게흘러감   무섭다기보단 그냥스릴러 영화  재미있지는모르겄음
8,소재가 참신한 것 같다. 조금 뻔하긴 하였지만 쫄깃함.
8,재미있었지만 후반부는 조금 실망적
10,"호기심으로 보게 만들었다가, 사람 심리 이용해 제대로 스릴있게 찔러주네"
10,진짜재밌음. 몇년동안 극장에서 본영화중에 최고였던듯 이거 재미없다고 하는사람들은 영화해석을못한 사람들일거야 ;; 영화속 장면들이 다 의미가있고 그의미를 해석하면 진짜소름돋음 특히 음향효과가 아주 ;
8,영화를 보고나온후에도 긴장감이 사라지질않았네요 그렇지만 생각한거보다 많이신선하거나 반전이 어느정도는 예상되는느낌??
9,영화 재밌게 봤습니다 너무 과장되지도 억지스럽지도 않게 스토리가 이어져서 시간 가는줄 모르고 봤네요 ~
10,너무 재밌게 봤습니다 ㅎㅎ
10,영화 끝난 후 장면 하나하나 곱씹을때마다 소름돋았어여..쫄보에게는 보기 힘든 영화였지만 후회하지는 않습니당 다들 보세영
8,기분만 더럽고 깔끔하게 끝나는 영화
10,충격 그자체. 불편한 진실을 마주할 준비를...!
7,킬링타임용 B급 영화로 나쁘지 않았음
1,뭔가 답답하다....
9,주인공이 의심많고 똑똑해서 살아남ㅋㅋ신선하네요~ 암튼ㅋ
10,유명한건 이유가 있었구나.. 뒤늦게 천몇백원 결제해서 봤는데dd
10,이게 어떻게 검은사제들이랑 별점이같냐....
1,올해 최악의 영화다  반전은 없고 처음부터 끝까지 예상가능한 전개에 다급하게 끝낸 마지막 장면은 두말할 것도 없이 최악이었다아무리 높은 점수를 준다해도 5점 이상도 안나오는 영화라고 생각한다
1,와 진짜 내가 이 영화 보려고 자습까지 빼가면서 봤는데 내 생애 이런 영화는 처음아다 진짜 역대급 내용은 누가 봐도 뻔하고 심지어 내가 기대했던 그 어떠한 반전도 없었다 진짜로 볼사람만 봐라 근데 이 영화 볼바에야 ...
5,너무 홍보성이 지나쳤다. 기대 이하였다...홍보때문에 망한영화...
10,몽환적인 심리스릴에서 오는 충격과 공포 ㄷㄷㄷ
6,아이디어와 설정해 비해서 아쉬웠담
1,추리 두뇌 영하인거처럼 떡밥 깔아놓고 판타지나 sf적 요소로 해답을 내놓는 영화 정말 싫다
1,프랑스 공포영화 익스텐션이 떠오르는 도입부에  너무 억지스런 최면요법! 의학도 아니고 SF도 아닌 유치한 발상의  범행!  보지 마세요
1,그냥 흑인pc충 스토리흑인들이 동양인 차별하는가 보면 1도 공감 안되지
1,한국인은 차별해도 되고 자기네들은 차별하면 안된다는군요 ㅋㅋ
2,한국영화 더 게임을 봤던 사람이라면허무했을 영화
6,너무 기대를한건지ㅜㅜ 공포영화라기보단 깜짝 놀라는 요소가 부분적으로 들어간 그냥그런 영화..
1,놀랄준비하다 끝난 영화
6,"관람객 평점조작단, 우리나라 미국에서 뻔하디 뻔하게 반복된 소재를 가지고 뭔 대단한 반전인냥, 관람객 평점도 저게 뭔가? 이제뭔가시작되는구나 하고 시계봤더니 1시간 그냥 갔더라. 역대급영화라고 해서 조조맨처음으로 갔..."
1,노잼 너무기대햇는데 돈아까움
1,신선했으나 그게다였던영화 딱 킬링타임용
1,아니 10개 준 사람들 뭐지?? 나랑 다른 영화를 본건가??? 진짜 오랜만에 스릴러 보려고 엄청 기대하고 갔는데 이건 뭐 재미도 감동도 없는 영화임ㅡㅡ 평점 보고 기대하고 갔는데...
1,솔직히 반전쩐다 재밌다 스토리가상상도못했다 하는데보는내내 진짜진부하고 크리셰명확하고 그냥절반쯤보니깐 나머지는각이딱나오던데 진짜 너무뻔해서 재미도없고 같이보자한친구들한테 미안할수준 진짜노잼
1,"내가장담하는데 별점준놈 전부 작전세력이다/ 이건영화가아니고 TV드라마정도급이다. 돈도안들인, 영화보고 욕나오더라,별점줘야 댓글달수있데서 준다"
7,별 내용이 없어서 좀 실망..
1,데드캠프급 뭐 씹 B급 3류 영화인대 평점이랑 평 존ㅡ 나 그럴싸하게 포장해놨네 ㅋㅋ어이가없다  무섭지도 그렇가고 스릴넘치지도않는데
4,다보고 어이 겟아웃하는영화.로튼 90점대라 남 기대했나...기대에 못미치는 영화ㅠㅠ필행님ㅠㅠ
4,이거저거 외국 공포영화 짜집기 해놓은 그런 영화... 보는내내 다른영화생각들이 계속남...제목들이 기억이 안나지만 호스텔도 생각나고 부부가 영혼만 주술로 바꿔서 계속젊게사는 그영화도 생각나고 ... 머 이거저거 몇가...
1,"스릴러인데 B급 스토리, B급 반전, B급 연출..그냥 B급영화. 대충 7점대가 적당한데 엄청 고평가하네. 그리고 21세기에 이거무슨 역인종차별 아닌가 생각될정도로 흑인들 피해망상 소재 하나로 완성함..왜 백인들이 ..."
1,"이 영화에는 흑인 우월주의사상이 노골적으로 나온다. 흑인이 우월하니까 백인들이 열등감 느껴서 차별하는거라고 영화는 말하고 있다. 실제로 가장 차별 받는건 동양인이다. 백인, 흑인이 주연인 영화는 수도 없이 많지만 동..."
1,삼류 스릴러 그이상 그이하도 아님
1,잘찍은 대학생 독립영화 같네요...
1,2류 영화...기대가 컸는데 많이 아쉽네요
1,알바들의 평점 올리기가 시작됐군. 평점 훅 올라간거 보소.
1,댓글알바 자제좀요 제발..
1,b급 맛이 있는 것도 아닌 그저 삼류영화. 마케팅 알바들이 정말 있다는걸 직접 느끼게 해준 영화..
1,평점조작이 너무 심한 영화같다..
4,처음에는 지루한 후반부엔 씁쓸함...
1,긴장감은 있었지만 초반부의 진행에 비해 후반부의 진행이 지나치게 빠른감이 있고 결말이 참... 어중간한 '그런' 영화.주변에서 하는말 듣고 기대감 가지고 보면 100% 후회하는 '그런' ...
1,반 트럼프 pc 충 들과 평론가 때문에 역대 최고로 과대평가된 시간 떼우기용 영화. 연기도 연출도 엉성하기 짝이 없음.
1,진심 1점 주기도 아깝다 댓글알바 진짜로 많네;;
1,무거운짐진 당나귀의 계속적인 뒷걸음질
1,한 때 유대인 소재로 똥을 싸도 눈물을 흘렸듯 흑인을 소재로 엉망진창인 영화를 어떻게든 봉합시켜서 세상 밖에 내논 결과물. 인종차별 정서도 완벽하게 녹아내리지도 못하고 스릴로러써도 부족한 두 마리 토끼 모두를 놓친 ...
1,ㅋㅋ;; 보고 나니까 내가 대체 뭘 쳐본건가 싶을정도로 사람 벙찌게 만들고 그냥 팔천원을 공중분해 시켯다는게 이런 기분이구나 라는걸 느끼게 해주는 영화
1,반전은있다. 스릴러인데 코믹이였다는거
1,고리타분 지루 신선도 1점의 상업적 흑백갈등조장하는 발암물
1,원래 평점 잘 안남기는데...하아...평점에 속아 봤기 때문에 남깁니다. ㅋ 다들 알바생이세요? ㅋㅋ ㅜㅜ 저만 재미없게 봤나? 너무 뻔한 예상..뻔한 전개..마지막 장면은 이게 뭥미 했습니다;;;
1,최악의 영화 진짜 사람들 너무하네 남들 골탕 먹이는 댓글
1,진부함..소재신선이 끝이에요. 처음엔 오? 이러다가 중간부터 역시 ㅋㅋㅋㅋ이러면서 허무하게 끝남
4,솔직히 마무리쉣인데 알바풀었냐 평점왜이래
1,진심 티켓값 아껴서 팝콘 5개 처먹고 와라. 엄마 초능력자냐? 최면이 시작과 끝인 영화.
1,손님 그대로 겟 아웃하시면 됩니다 ^^
1,왜이렇게 재미있다고 빨리는지.. 그냥 평범
1,진짜 댓글알바만 풀어놓은거임 ? 평점 왜이래 팝콘 엎을정도로 무섭다고 하던데 소리가 깜짝 놀라지 하나도 안무섭고 너무 재미없음 개인적으로 난 재미없다고 생각함 ㅠ
2,광고 만든사람한테 상줘야된다 진짜
7,"제작자가 의도한 바는 뭔지 알겠는데 솔직히 별로였음.. 기대가 너무 커서 그런가? 중간중간 움찔한 건 있었는데 기승전에서 결이 너무 허무하다고 하나.,"
7,초반 상당히 몰입되고 심장 벌렁 쫄깃 !! 그러나 중반부터 이야기 전개가 다 예상...예상되니 당연히 무섭지도 않구... 초반은 스릴 공포 분위기 쩌는거에 비해서~ 로튼토마토 99는 오바지만 볼만하다 ㅋㅋ
1,노잼 한국판 곡성이라는데 더 재미없음기절한다고 해서 남자 4명이서 봣는데 구라
5,마지막 큰거 한방이 부족했다...복권1등당첨되고 바지에 넣고 세탁기에 돌리는 기분..
1,ㅋㅋ솔직히 너무 큰 기대는 하지말고 보세요;;
7,그냥그냥요~평점이쓸데없이높은듯요~~
2,진짜 위선적인 영화. 흑인들이 차별 받으면서 고통받는 다는 메세지 같은데 미국에서 흑인들하고 부딪치며 살면 이게 얼마나 강아지 소리인지 느낄거임. 특히 영화중에 아시아인도 흑인 거래하는데 동참하는 장면보고 쌍욕이 튀...
10,다른 공포영화와 다르게 무서웠어요
10,왜 그렇게 추천햇는지 알겟다최고!
10,
10,감독천재인듯..82841
8,마지막이 근데ㅋㅋㅋ 그냥 저렇게 주인공만 쏙 빼서 데려가믄 되는거야? ㅎㅎㅎㅎ 뭔가 마무리가 아쉬운데 ㅋㅋ
10,
10,인생영화입니다..무조건보세요
10,진짜... 꼭 보세요 대박이에요... 몇 번이나 보는 영화...
10,끝까지 몰입하면서봤어요~소름돋아서 더운여름에 제격이네요
10,진짜 신선하다 못해   진짜 충격입니다. 왜 이걸이제봤을까..
10,어떻게  저런일이ㅜㅜ 대박
10,이거 무거운 영화인줄알고 볼까말까 엄청 고민하다가 봤는데 안봤으면 후회할 만한 수작.엄지손가락 두개 올리고 옆에 다른사람 엄지 하나 추가요.
10,"높은평점에 비해 메인 영화 포스터가 무섭거나 스릴러같지 않아서 미루고 미루다 정말 볼게 없어서 보게 됐는데 , 잼있네요 , 진짜 이런일이 있지 않을까 생각하면서 보니까 더 무섭고,중간에 중절모 쓴남자 겟아웃!!! 할..."
10,지하실에서 사진 꺼낼때 쌍욕함. 진짜 한치앞도 예상이 안되는 전개가 일품인 스릴러 명작
10,어스보고 봤는데 진짜 긴장감있고 재밌다!커피타주는엄마 개싫음.머리산발에...지지직거리는티비도..흑인이 흘리던눈물이 계속생각나네ㅠ
10,설정이 신선하다 웰메이드 영화bb
9,정말 심리적으로 무서움
9,반전도 좋고 스토리도 좋고 재밌네요
9,아예 구매해서 질리지도 않고  반복해서 보고 있다. 내 취향.
8,재밌게 보긴 했는데...난 극장에서 이걸 보면서 흑인이 다른 인종들로부터 받는 은연중의 차별압박을 묘사하는 맥거핀투성이의 영화인가? 싶었고 그게 마지막까지 긴장상태로 이어진다면 인종차별에 대한 강한 메시지를 줄 수 ...
10,몰입감 연출 연기 다 좋았다 긴장감 최고조 보다가 배아팠는데 참고 본 유일한 영화
6,너무나 강한 흑형의 피지컬
10,개꿀잼... 소름끼침
8,인종차별 겟아웃!!!!
10,우와 ㅈ경매  소사러온줄
6,토할것같네 인간의 욕심 백인들의 우월주의속에 숨겨진 위선~~~ 저리 오래살고싶을까하는 한심함 결론은 약간 코미디가 섞인 호러?암튼 웃긴다
8,지금 티비에나와서 보다 검색해봤는데 감독이름이 조던 필 인에 순간 조덕필로 읽고 한국사람이 감독인줄 알았음 재밌어요
10,역시 어스 감독이였구나
9,마지막에 내 안에 잠재되어있던 인종차별주의를 느낄 수 있었음.
10,너무 인상깊었음 재밌었다
7,난해하지만 잘 만든 영화였음 그리고 설정이 뭔가 무섭더라
8,중후반에 주인공이 여자 친구집에서 파티하다가  2층으로 올라간후  모든 사람들이 2층을 쳐다보는거.. 그때 부터 소름끼침
7,잘 짜여진 스릴러 영화.
7,열린 결말 싫어싫어~~ 근데 열린 결말 아니었음 마무리 못했음... 걍 겁나 달렸는데 책임없이 정리는 알아서 해~ 이런 느낌?
9,한 마디로  정리할 수 있지만 하지말아야할 영화. 쪼는 맛으로  모든걸 설명함. 아니 어쩌면 그 맛이 너무강해 다른 맛은 느껴지지 않는다. 그냥 보고 느낌만으로도 충분하다.
9,예상치 못한 반전! 정말 재밌게 봤다
9,"조던 필 의 시작,복선영화의 시작,역차별주의 의 시작"
7,소재좋고 신선해서 초반까지만해도 겁내 흥미로웟는데 공포라매???스릴러라매??? 다어디갔냐 해피데스데이냐?? 긴장감은 초반에만 몰빵하고서 이런 전개로구나 한번 카타르시스느끼고 이제 제대로 각좀잡아볼까 준비한 순간부터 ...
10,최고의 호러 영화... 신선하네요
9,차별의 다양한 형태로 나타나며 그게 얼마나 무서운 것인지를 상기시켜줌
8,주인공  캉테닮음 ㅋㅋㅋ
8,식상하게 마무리되는게 아쉽지만 복선 정리도 깔끔하고 연기도 좋았음.
10,"미침,,,3번봤는데도 볼때마다 이건진짜"
10,참신하고 재미있다! 이런 스릴러 아주 좋음
10,충격적이고 스릴넘치고 백인과 흑인과의 끝나지 않을 평행선같은 관계에 대해서 생각해 볼 수 있었던 매우 신선한 영화
10,소름이 자꾸 돋음. 참신한 스토리. 대단해.
10,"내기준 최고의 영화. 영화 시작과 마지막에 나오는 을씨년스러운 bgm부터 연출, 배우들의 연기, 영화에 담긴 의미, 그리고 영화속 분위기 등 모두 만족스러움 또 뿌린 후에 싹 걷어가는 복선까지. 총평점이 생각보다 낮..."
10,진짜 오랜만에 숨죽이며 본 영화
10,이 영화 한 번 봐요! 반전도 있고
10,오~~~진짜 신선한 소재였음.굳
10,영화 곳곳에 담긴 의미있는 복선을 이해하니까 더 소름...
10,다시 보기를 해야 더 재밌음완전 소름
10,로즈 이 나쁜년!이거 보는데 심장이 빨리 뛰고 숨이 찼다.아흐~~~
10,이건뭐...ㅋㅋ최고지
10,스토리가 탄탄하고 한번 보면 그뒤로 계속 생각나는 영화.. 많은 것을 생각하게 됨
10,수작..보길 잘했다..
9,차원이 다른 공포영화   .
9,와..오지는 감독이야 전에 크게 활동도 안했는데  어찌이리 잘 만들었을까 심장 존쫀뜩하게 만들
9,"새롭고 신기한 영화다.  생각해보면 미국백인들의 인종차별이 많이 없어진 게 아니라, 인종차별을 안하는 자기자신을 드러내고싶어하는 사람이 많아진 것 뿐."
10,강추 정말 믿고 보세요!!
10,잘만든 영화이다..!
10,존나재밋네 반전대박 ㅅ
8,플레쉬터트리면 최면 풀리는 건가? 다보고나니  왜그랬는지 알겠네요..대박..소름...;;;
10,개엿같이 재밌는 느낌?진짜 한순간도 몰입 안 한 틈이 없던 영화명작....
8,귀신보다 더 쫄깃하다!!
10,"모든게 복선이며, 모든게 완벽한 영화다. 오랜만에 영화다운 영화 봤네"
8,중반부터는 스토리가 좀 뻔했지만 영상미가 괜찮았음 흑인들의 분노를 느낄수 있었다
8,"피의자 백인은 헬프미,피해자 흑인은 당연한듯이 손머리위.."
10,배우들 연기가 후덜덜 흑인여배우눈물 남동생 술꼬장연기
9,"공포영화 원래 안 좋아하는데 이건 너무 좋았다, 여자배우 무표정으로 전화통화하는거 인상깊었음ㅋ"
8,영화가끝나고 한동안 자리에서 일어날수가 없엇다
9,몰입감있고 흥미로운 스릴러 영화였다. 연기와 소재가 압권. 우울한 결말 예상했는데 통쾌하게 끝날줄 생각하지 못했다.
10,레알 한번 더봐도 무서울 것 같은 영화
7,"신선도가 높은 이유, 미뽕 백뽕 여러뽕을 맛봤지만 이런 흑뽕은 처음이야"
9,근데 나도 한번 최면당해보고 싶다. 궁금하네
7,"그냥 재밌었습니다. 그 ""사진"" 대체 왜그렇게 뻔히 보이는 곳에 보관을..;; 결말이 너무 빠르고 해결방법도 전형적임. 결말이 아쉽다"
9,반전에소름 연기에소름~~
8,버릴 씬이 없을정도로 알차고 깔끔하다. 배우들의 표정연기가 정말 대단했다. 공포영화를 초탈하여 재미와 메시지까지 보여준 좋은 영화.
10,왜..안보는거죠..? 안본눈삽니다..존잼챙
10,너무 영화적이었지만 현실이 와닿았던 영화
9,이 영화를 보면 '흑형'이 왜 인종차별적 발언인지 깨달을 수 있다
8,초반부 교통경찰이 차 세우고 신분증 달라고 할 때 극구 말린게 다 이유가 있었던거다
6,생각보다 그저그랬어요 ㅜㅜ 스켈레톤키랑 너무 비슷하던데 반전이 너무 예상되는?  남주보단 조연들의 연기가 더 돋보였던거 같아요
10,보면볼수록 궁금해진다 결국 이해가 안되서 해석을 봤지만 이해하고나니 소름ㄷㄷ
7,그냥 킬링타임용. 별내용없음
10,한국에서 이런 영화를 만들 수 있을까
10,와...이거는 다시한번 더봐야된다.
8,"I'm TS ,mother Xucking A"
8,상상력만은 아니지솔직한
10,스릴넘치고 반전이 있어서 좋았어요
10,앞부분 졸아서 못봐서 아쉽 ㅠㅠ 중간부터 힘내서 정신차리고 봤는데 졸잼
7,신선한 소재라고 생각한다. 후반부 다급하게 마무리하는듯한 내용은 살짝아쉬웠다.
9,스릴도 있고 시원스럽기도 하고
9,재미있다. 다시 한 번 보고싶다
10,신선한충격! 진짜몰입감쩔고 너무극찬함
10,영화보는 내내 집중했어요!!
10,재밌다 정말. 심장 쫄깃한 영화.
10,신선하고재밋네요 굿굿
10,재밌어용ㅋㅋㅋ츄천!
10,최고에요몰입감이제대로에요
8,생각보다 무섭지는않아요
10,스릴러중 최고입니다 연기력 짱짱
8,마지막은 역시 흑형이다
8,영화가 조금 짧은 감은 있지만 강추!
10,솜뭉치 처다볼따 귀에 넣을줄은 알았는데 그렇게까지 조온나 사이다를 안겨줄줄은 몰랐다 흑형무시하면 ㅈ되는거다
10,난 재밌게봤음 아주아주흑인들 행동도 왜그랬는지 알았고ㄷㄷㄷ나름 반전 쩌는 영화
9,파티때 여친이 산책가자고 하는것도 다.. 그렇게 밖으로유도한 후 안에선 조용히 경매타임이라니 소름끼친다..
10,"스릴,공포,스토리,사회비판 모든걸 완벽하게 담아낸 깔끔한 영화. 마지막씬은 너무 현실적이라 슬프다"
9,매우 스릴있고 재밌었습니다!
8,무서운 기분에다가 반전도 많아서 재밌었다
9,짜임새 있다고 생각하는 영화임. 생각보다 볼만했음
6,마지막에 극장에서 나올때까지 아무말도 할 수 없었다
10,와.. 명작임다. 꼭 봐요.
8,살짝 아쉬운 스토리의 구성도입니다....복선은 좋지만 뭔가 자연스럽게 연결되진않네요
5,재밌다고들하는데 갠적으로 별로네요
10,저는 재밌었어요~몰입도굿
10,연출력이 압권.. 몰입하게 만드는 영화.
5,무서워요ㅠㅠㅠ소름돋는영화
9,분위기가 오묘한데 재밌었습니다
8,너무 신선하고 연기자들의 연기가 일품
10,신선하고 재미있었어요
8,2번봤다 재미있었다!!
10,섬세한 터치가 톳 보이는 영화
10,굿굿짱이에요 짱짱 멋잇오용
9,개쩐닼ㅋㅋ 약빤듯 안빤듯한 연출력 코미디언배우 출신이라 그런가 ㄹㅇ 눈여겨 봐야할 감독 1순위 인듯
10,ㅋㅋㅋ기대보다 잼 중독성최고
10,내용 자체가 무서웠지만 재밌다
10,완전 재밌었어요!! 여자친구랑 손잡고 집중하면서 봤네요 ㅎㅎㅎ
10,노ㄷㄱ싲ㄱㅅ노노노우웅
10,핵잼영화입니더 꼭보셈
10,재밌다!.. 상황자체는 설득력있기 어려운 상황이지만 배우가 살림
9,신선한 소재였다  그이상도 아님
10,반전이 예상이 안가는건 아니지만 신선한소재로 영화 몰입감이 매우 뛰어나네요
10,이거 스릴 넘치고 재밌네요
10,배우의연기가 인상깊었고 스토리도좋았습니다
10,"잘 만들어진 영화에는 많은 수식어가 필요 없다, 이 영화가 그렇다, 유명하지 않은 감독과 배우, 그러나 최고의 시나리오와 그 시나리오로 만들어 낸 영화, 소설이라고 해도 믿을 법한 완벽함."
10,최고최고최고최고최고
6,솔직히 별로 안무서운데 언론 설레발이 너무 심했다
8,신선한소재와 반전이있는영화
10,평점을 22페이지까지 넘겨서 찾아본 건 처음이다 복선들 알고 나니까 더 소름이다 진짜 명작!!!
10,8점대 줄려했는데..평론가들 점수가 터무니 없어서 10점준다..진짜 잘만듬
8,볼만했고 재미있었다 ㅎ
9,아찔한 반전이 재미있었습니다~^^
10,막 깜짝놀라면서 봤던영화
10,재밋어요너무너무너무
10,"사회적 메시지, 재미, 연출, 카타르시스까지 뭣 하나 부족하지 않은 수작, 미친 영화!"
8,괜찮은 스릴러 반전 영화입니다한번 시간내서 보는것도 괜찮을듯
10,떡밥들이 많다 그래서 그걸 알고 한번더 보고싶다
5,너무기대하고봐서 그냥그랬움
10,재미있습니다 카메라찍을때 갑자기 코피 흘리고 소리치는 장면 정말 무서웠습니다
10,진짜진짜 재밋게봤습니다
10,반전매력 굿굿짱 대박임
10,재밌습니다~~~!!
10,내내 긴장하면서 봤던 영화..!
10,무섭기도 하고 재밌기도 하고 충격적이였어용
10,보는 내내 손에 땀을 쥐게 함
10,겟아웃 정말로 재미있습니다
5,기대를 너무 했던걸까요
10,저점 빠져드는영화 감명깊엇습니다
7,이영화가 재밌었다면 스켈리톤키를 보세요.. 전 겟아웃보다 훨씬 더 재밌었습니다
10,크리스가 2층으로 올라갈때 1층 사람들이 한번에 조용해지면서 크리스의 움직임을 눈으로만 쫓는게 정말 무서웠다
9,역대급 소름 영화. 보면볼수록 짜릿
10,"옛날에 서경석, 김진수 나오던 테마게임에서 본것같은 스토리라 진부하네 후후.. 하고 집에와서 현관문 이중으로 잠그고 잤습니다"
10,주제 신선!! 되게 재밌음 강추드림
8,시간가는줄 모르고 재미있게 봤어요
8,밤에 봣는데 좀 섬뜩한 뷰분이잇엇음
10,대단하다...밖에 할 말이 없다.
10,너무너무너무너무 재밌다
9,여자가  제일 무서웠다. 모든게 밝혀졌음에도 목숨을 부지하려 가증스럽게 연기하는 모습이....정말 소름끼쳤다.
10,너무너무재밌어여ㅎㅎ
10,상징을 통해 구현된 스토리가 돋보이는 영화
9,좋았다 이시간....
8,두 번째 볼 때 가장 소름끼치는 영화
10,소름이 쫙~재밌네요ㅎㅎ
10,진짜 영화보고 다리 후덜거린사람 손
10,마지막 장면까지 정말 군더더기 없이 영화 주제와 맞아떨어지는 게 좋았어요
7,발상이 신선했다는점에서 높은점수!
10,진짜개꿀잼.. 지루할틈이없음
9,다시 보면 또 다른 느낌일 것 같다
10,이번 시즌 최고의 명작인것같아요
10,무서워 소름끼쳐 근데생각나
10,감독이 천재인가보다.
10,보는ㄴ 내내 흥미진진하게 봄
10,소재참신 여주 진짜무셤
10,진짜 신선한 영화였다잼써요!
10,재밌다. 강추한다. 백인들 ㅈㅈ 응?!
9,진짜 숨겨진 의미들이 너무 재밌었다
10,꿀잼꿀잼꿀잼꿀잼꿀잼
9,끝까지 눈을 땔 수 없는 영화
10,충격적이고 신기하고 이해안가도하고 암튼 재밌게봤어요
9,완벽한 인종차별의 영화
9,재밌었어요. 중간에 갑자기 조용해질 때 진짜 소름돋았네요ㅋㅋㅋㅋ계속 머리에 맴돕니다..
10,여러번 봐도 질리지 않음
10,절대 허구가 아닌 영화. 차별은 어디에나 존재한다
10,아직도 커피를 젓는 숙가락 소리가 들리는듯 해요....
10,겁나 재밌음!!! 이번년도 꼬 봐야할 영화ㅎㅎ
9,흑인차별을 비꼬면서도 흑인을 우월시하는 모순된 영화. 그리고 이 모든걸 담으면서도 공포와 여러 떡밥이 어우러지게 만든 훌륭한 연출 보고나서 알 수 있는 겟아웃의 진짜 의미!
10,의미심장...혹 내주변에도 있을만한애기
6,보고나서 계속 생각남 생각도 못한 스릴러 였음..
10,파출부 아줌마 소름!웃으면서 눈물 흘릴때 대박
10,무슨 해석이 필요한가 미스터리영화가 이렇게 발전했다
8,"독특한 소재의 영화, 배우들의 연기가 돋보이는 영화"
10,베리굿! 좋은 영화였습니다
8,재미있읍니다 실제로있는일이면무섭겠네요
9,"새롭고 새롭다. 몇몇 장면은 분명 두고두고 회자가 될 이미지로서 남았고, 연출 미술 음악 조명 당연히 배우들의 연기까지 그 모든게 조화롭게 기이한 난장을 구성한다.  그 어떤 호러보다도 땀나게하는 진행속 곳곳에 숨겨..."
8,여친아버지  사슴애기할때 부터 오싹!!!! 사슴=흑인근데 주인공이 사슴보면서 뭔가 연민을 느끼는 오싹2!!
10,예술성과 재미 두마리를 다 잡은 걸작
10,그렇다.그렇지 않다. 하지만 그렇지 않을까?
10,"보는내내 긴장을 늦출수가없었고, 중간중간 깜짝 놀라는 씬들이 많았습니다..ㅠ큽 처음부터 의심가는 부분은 많았지만, 나중에 이렇게  발각될줄은 몰랐고!ㅋㅋ무튼 재밌었습니다!"
7,후반부 카운터 어택이 좀 시시해서 아쉬웠다
10,이거 ㄹㅇ 개꿀잼임 두번째 보면 또 다른 재미가있음 역시나 대단한 영화는 그 어떤 한장면도 이유가 없는 법이없다 쓰레기 한국영화 자살좀
8,재밌어요 마지막 반전은 소름
8,생각했던거보다재미있엇음
7,보고난 후 곱씹어보면 복선들이 어마어마
9,또 뭔 반전 있을까봐 끝까지 긴장됐음
9,보고나서 한편으로 씁쓸해졌던 영화
10,남주가 너무 잘생겼어요 ㅠㅠㅠㅠ
10,경찰차가 왔을때 모두 다 긴장했을듯 ㅎ
10,저런관점에서도 인종차별이 있을수있네요 꿀잼
8,신선한 영화였다. 개연성도 괜찮았고 특히 남녀주인공과 조연 모두가 뛰어난 연기력으 보여준 영화였다.
10,넘나 재밌어용ㅋㅋㅋㅋ
10,흑인여자연기가 영화의 최고였다고생각함. 원래 스릴러 안좋아하는데 이영화는 엄청나게 재밌었음.
10,완전 재미있게 봤어요!
10,상상하지도 못했는데 정말 신선한 이야기였습니다 최고!!
10,갠적으루 잼썼음 흥미진진했습니당 !!
10,"겟아웃, 뭔가 심오하면서 느끼는게 많은 영화"
10,진짜 꿀잼 그 친구 겟아웃할때 왕소름
10,ㅠㅠ 개봉되길 엄청 기다렸던 영화엿는데개봉됬다길래ㅜ바로 가서 봤다기대했던만큼 정말 재밌었다ㅜㅜ
10,인간의 본성의 한계를 볼수잇는 장면들이 너무 많아서 재미잇엇습니다
10,신박한 스릴러.  공포영화는 아니다. 꿀잼
10,복선대단하다.초대받은흑인이 플레시터지는카메라에찍히고주인공에게 계속 꺼지라던거관리인이 밤에 뛰던거 여집사가 웃으면서 아니라고한거 다보고나서 이해가갔다. 대단한영화다
9,재밌어요 꼭봐요 재밌는 영화
9,인종차별얘기만 있는것도 아니고  다양하고 식상하지 않아서 재미있었어요.
10,"와 오랜만에 정말 영화 다운 영화, 대박"
7,풍자를 스릴러 분위기로 탈바꿈한 멋진 연출력이 돋보이는데 결말에 들어서면서 조금 진부해지는 느낌
10,재밋다. 스릴잇고 재밋다
10,스릴젬 진짜꾸르르를젬나쑤오
7,조금예상가능한.... 그래도 흥미있는연출이었고 몰입도있었어요
10,몰입도가 너무너무 좋았어요!!
7,반전이 있는 영화로 볼만함
9,재밌습니다.추천합니다
7,재밌었어요 가볍게 보기 좋은 영회 ㅋㅋ
10,"예고편이 전부다,,, 하지만 스토리만 보기엔 아까운 영화. 메시지를 곱씹고 매 장면을 짱구 굴리면서 봐야 와닿는다"
8,나름재미있게봤어요.. 영화에 메세지도있고
10,인종차별에 대한 명쾌한 해석. 흑인이 아니고서야 만들 수 없는 플롯
10,흑인차별에 대한 새로운 시각을 보여준 영화
8,생소한 장르와 전개가 진짜 몰입잘됐어요
9,스릴있고 집중하게되는 영화입니다
9,볼만한 영화였다고 생각합니다.영화가 애초에 가려던 길을 아주 잘 걸어간 느낌.소재도 꽤 신선했고 음악도 괜찮았어요만족합니다.
8,영화 곳곳에 담긴 상징이나 감독의 의도를 해석해보는 재미가 있었음
10,호불호가 많이 갈린다던데 저는 재밌었네요아직도 찻잔소리들으면 소름돋음ㅋㅋㅋ
10,마지막 순간까지 대박이다~~~
10,적절한 스릴러 재밌게 봤습니다
8,신선한 소재의  영화특히 영화 음악이 두드러진 작품입니다.
10,어떤내용인지 모르고 그냥봤는데..너무재밌어요.
10,마지막 장면에서 경찰차가 왔을때 모든 관객들이 같은 생각을 했다면 이 감독이 전하고자 하는 현 사회적 이슈와 편견의 메시지는 제대로 전달된것같다.
10,"시간 가는줄도 모르고 봤어요, 마지막 반전과 소름 ! 표정연기가 기가막혀~"
9,"복선이 많고, 구성도 괜찮았으며 연출, 스토리, 연기 등도 괜찮았다. 말 그대로 보고나서 소름 쫙 돋았던 영화!"
10,"사슴을 치면 나는 이렇게 생각히지""이제 시작이구나"""
10,긋아주재미잇고무섭게봣다
10,첨에 호러 영화인줄 알고 봤는데~반전이네요 색다른 심리 공포영화
8,쫄깃쫄깃 많이자극적이않아 좋았ㅇ습니다
10,흥미진진하게봤어요어
7,소르으음.  그냥 맘편히 가지고 보러가서 놀라면되요
7,엄청난 반전을 기대했으나... 좀 뻔해져서...
10,핵소름...연기력이 다했음 ㅠㅠ
10,정말 최고!!!!보면 후회 안할~인간의 이기심은 어디까지일까
6,"허허....,,,,....,,,"
4,정말로 예고편이 다인영화..
8,"그냥 볼 만했어요?괜찮다고 느껴지는 부분도 있고, 좀 유치한 부분도 있고?반전이나 상징에 대해 많이 얘기하시는데 전 별로?평소에 내용이나 스포일러에 대해 관대?한 분들도 이영환되도록 정보 없이 보는 게 좋을듯요?예고..."
7,예고편을 너무 상세하게? 만든 것이 흠이랄까.
10,제대로 봤으면 좋았을텐데 피곤해서 잠든 내가 밉다
10,반전의반전....인종차별의현실....영생의추악한진실...
9,잼나네여 ㅎㅎ 나름 괜춛
9,결말부분이 넘 빠르게 지나간 게 좀 아쉽네요..좀더 임펙트하게 처리해나갔으면 어땠을까 하는..
9,재밌었습니다~ 뭔가 심오한 내용이 있는 그런 영화네요
8,십야에 혼자 봤습니다..ㅋㅋ볼때도 심야라그런지 완전 몰입해서봤고 오면서 생각해보니 이어지는 장면이 꽤 치밀하더군요...
5,너무 기대를 많이했었나...;;써로 게이트랑 겹치는건 나만의 관점?!
5,그냥 그럼 예고편에서 끝
5,지루 노잼 노흥미 3번인가 놀램
7,그럭저럭볼만하네요 스릴
9,스토리가 탄탄하긴함.막 그렇게 잔인한 장면은 없음.
10,연기력 완전 대박!! 친구 매력 터짐
8,"영화 소재나 내용은 참신하긴했는데, 마지막 사이다 부분이 너무 미흡했음. 좀더 유쾌하게 끌고 나갔으면 어땟을까 생각이 드네요."
9,예상치못한 반전과 배우들의 자연스런 연기가 지루하지 않았고 식상한 공포물과는 다른 스토리로 알찬 영화였다!
10,깜짝 놀라는것도 많았고 재밌었어요
10,졸잼!입니다 플래쉬 팡!
10,올해 최고의 영화 강추합니다.
9,스토리가 짐작이 가지 않는영화
10,결말은 조금 뻔한감이 있었지만 배우들 연기가 매우 좋았습니다.
9,별로 안무서울줄 알고 혼자 보러갔다가 심장멎는줄 알았슴다
10,간만에 볼만한 신선한영화
10,다니엘 칼루야 멋있었다 ...
8,돌이키고나면 모든 장면엔 다 그만한 이유가 있었다.
10,와 .... 스토리 연출 연기 모두 완벽했다
8,스토리의특별함과 긴장감이 특이
8,깜놀부분만 빼면 다 좋았음ㅠㅠ 내용도 전혀 생각못했던거라 충격적이었음
8,스릴넘치고 너무재미있게잘봤습니다지루할틈이없음!
8,반전을 전혀 모르고 봐서 더 재밌었다.  한번 더 보고싶은 영화!
10,차별 앞에 묵묵히 있을 수 밖에 없었던 주인공의 감정을 내내 느낄 수 있었다 늙은 백인들 사이에 있는 나는 심리적으로 내몰릴 수 밖에..
10,재미있네요....간만에 스릴있었음!!
8,호불호가 갈리지만 전 극호입니다!
10,영화보고나서 해석들 보니까 영화가 더 대단해보이더라구요 재밌었어요
10,상영시간이 짧다고 느껴질만큼 영화 스토리에 빠져든다  첨부터 끝까지 예상을 빗나가는 영화였다 그래서 더더욱 잼있었다 ㅋㅋ
10,다 보고난 후에야 퍼즐을 완성할 수 있었다
10,예고편 안보고 아무 정보없이 보았는데 몰입이 장난 아닙니다..호스텔 생각나네요.. 감독판 완전히 다른 결말도 있어요..
10,재미짐 봐보세요 은근 안무서워요 ㅋㅋ
10,이런게 진짜 영화다 꼭 보시길
6,영상미는 잘살렸으나 내용의 전개가 미흡한 부분이 많았다 할리우드판 곡성이라고해서 살짝 기대했지만 생각보다 시시한 결말이였던것 같다 하지만 중간중간 배우들의 연기력이 영화를 더욱이 집중할수있도록한 영화이다 결말과 내용...
10,"지난 10년간 내가 본 영화 중 가장 몰입도가 높고, 독창성이 돋보이는 상업 스릴러 영화"
10,근래봤던 모든 장르의 영화 중 최고였다
10,진심 너무 재밌게 봤어요~ 강추!!!
10,복잡하지않고 깔끔했어요  좋았어요
10,정말 훌륭한 영화에요! 우리나라는 배우빨로 승부하는게 대부분인데
9,한 20분 지났나라고 생각하던 찰나에 끝이 났다.집중시키는 능력이 대단한 영화임은 틀림 없음
10,정말 기발한 영화다.  강하게 몰입되었고 너무 재미있었다. 시간 가는 줄 몰랐다. 정말 농담 안 하고 한 30분만에 끝난 줄 알았다. 1시간 40분짜리 영화인데도...
9,남주의 과도한 표정질이 좀 불편하지만 괜찮은 영화 초중반부터 계속 몰입
9,이영화는 반전의 반전의 반전의 반전이 곁들어진 영화.. 공포영화 못보시는분들도 무난하게 보실수 있을듯! 재밌어용 근데 마지막 뭔가 아리마셍...
9,"8.5가 맞다. 단순히 재미없다는 사람들은 액션,영웅물만 좋아하는 초딩들일 것. 소재가 참신하다고들 하는데 그렇진 않고 다만 영화 속의의미가 참신했음. 번갯불에 콩궈먹듯 흘러간 마무리에 조금 당황했지만 어느새 1시간..."
9,아니 평가들 전부 스포개오지내 ;;
9,내 인생에서 손꼽히는 영화로 등극
10,진짜 이것은 대박ㅜㅜㅜㅜ
10,와 도입부쯤에 납치당한 사람 흑인이였고 그 사람도 여주인공이랑 통화하면서 납치당한거잖아 미쳤다 진짜 복선
10,"진짜 최고... 신선도 뿐만이 아니고 구성도 탄탄한, 치밀하게 잘 만든 영화. 감독 천재인듯."
9,흑인 코미디언으로 30년간 종사하며 성공한 감독의 시각에서 바라보는  현대사회의 흑인의삶.
10,사실 단순한 이분법적인 흑백 논리로 보기에는 어렵다. 흑인들은 말할 것도 없고 백인에게 있어서도 흑인은 동경의 대상이자 공포이다. 어쨌거나 흑인 남성의 시선으로 백인들을 적나라하게 묘사하고 있는 것은 신선한 충격이긴...
8,어느정도 예측가능한 영화 그래서 더 몰일할수  있어서 재미있게 봤어요  생각할수록 무서운 영화
10,하인들이 씩 웃을때 왜 웃지 했다가 영화를 다보고 나서 그 웃음의 의미를 알게되고 소름돋음
10,마지막까지 긴장감을 늦출 수 없었다.
10,난 다른거보다 주인공이 마지막에 가족들하나하나 시원하게 다 직이는거보니 진짜 속이뻥뚫렿ㄴ음
7,가정부 여자 웃는 모습이 너무 무서워요...
10,크으...대존잼   진짜 단순 공포영환쥴 알고 봤는데 아니었다  하 오랜만에 재밌는 영화봐서 기분이 좋다 캬
9,재밌게보고 왔습니다.
10,토드 진정한 브로~~ 존잼
10,진짜 구라안치고 보다가 지릴뻔함;;
10,진짜 리얼한 현실임...슬프고...
9,"'자기야, 우리 부모님이 보고 싶어하셔♡'에서 출발한 엄청난 상상력"
10,인종차별영화로만 알고 보러갔다가 놀라서 마시던 음료 집어던졌음ㅜ 주제를 다가가는 방법이 신선했고 복선들을 알면 더 재밌는 영화. 강추!
10,곡성이랑 비교하지 마시길....
10,평점평  계속 읽어보니 1점 주는사람들 알바인듯.. 영화 진짜 재밌어요!
10,귀신만 나오고 놀래키는 무서운 영화인줄 알았는데 정말 재미있네요ㅜㅠ 무서운거 싫어하시는 분들 가세요 정말 잘만들었어요
10,신선하고 재었었다기대하고 보면 실망하는데 전혀 그렇지 않았음특히나 배우들의 연기가 몰입하는데 최고였고영화를 다 본이후영화에서 주는 메시지에 다시 한 번 감탄한다앞으로 이런 신선한 영화 많이 나왔으면 좋겠당
10,한장면 한장면 인종차별에 관한 풍자를 신랄하게 보여 준 스릴러 영화 심플하면서 핵심있다
9,간만에 심장 떨어지는 줄... 내용도 신선했고 연기도 너무 잘함. 이런 영화 흥해야함!
9,"진정한 역대급 경험을 하고싶다면 예고편, 평점, 영화소개 등 모든것을 차단하고 영화관에 입장하라. 지금껏 본적없는 신세계를 경험할 것이다"
9,재밌었는데 조금 잔인하기도 했다ㅋㅋㅋ갑툭튀도 대박ㅠㅠㅋㅋ
10,가정부 연기 OO다 진짜..영화 끝나고도 계속 생각남 진짜 소름..
10,대박... 근래 영화 보면서 가장 예상치 못한 반전... 그리고 뜬금포 귀신 등장 이런거 전혀 없이 사람으로 극한의 공포를 줄 수 있는 영화
9,몰입도 최고!! 영화보다가 시간가는 줄 모르고 본 영화는 정말 오랜만이였어요
9,보는 동안 소름돋고 보고나서 해석하는데 소름 돋는 영화
9,난 너무 좋았다 굳 잘 봤습니다
10,이영화 2번째보면 모든장면들이 다 이유가있음을 알수있음 ㄹㅇ 감독이 천재인듯
10,"영화가 시사하는바가 크고, 소름의 연속재밌음."
10,볼까말까 고민하다가 봤는데.... 보길 정말 잘했어요 고민중이라면 보세요! 시간 가는줄 모르고 보다가 끝이 났네요
10,진짜 재밌었음 앞으로 헐리웃에서 다양한 인종과 소재를 다뤄줬으면 하는 바램
8,여자애 열쇠줄려다가 안주는모습 연기개잘한다
10,처음부터 끝까지 소름...
4,예고편 만든 사람 진짜...하..이 영화 보고싶다면 예고편 짜집기해서 보세요.영화관가서 돈 날리고 왔네요.
9,요근래 나온 영화중 가장 소름돋았아요. 백인집단이 보이지않게 보여주는 적대감 차별 우월주의등이 너무나 무서웠음;;그냥 소름돋았음
7,신선도 99퍼는 맞다 이런 내용과 전개의 영화는 없었기 때문에 ㅎㅎ 인종차별에 관한 장면들을 다시 곱씹으면 좋을듯
10,이 영화는 죽기전에 봐여하는 영화 리스트로 넣어야 한다.
10,지린다 진짜 ... 개그맨 출신 영화감독의 충격적인 데뷔작..
10,ㅋㅋㅋ 엄마랑 흑인이랑 찻잔 노려보다가 찻잔깰때 할리갈리인줄
8,사진 일부러 보이게 둔건데 영화에서 말하잖아요 미리 알고 수술해야 이식이 더 잘된다고. 일부러 문 열어두고 보게한듯
6,흠 그렇게 찬양할만큼은 아닌데 ㅋㅋㅋㅋ
9,광명롯시] 확실히 독특했다. 짙은 스릴러로 인한 타이트한 긴장감이 좋았다. 스토리와 음악도 훌륭했다. 딱히 흠잡을 데 없이 재밌었지만 내가 영화에서 기대하는 뭔가 스펙타클한 장면이나 무의식에만 존재할거 같은 밑바닥의...
5,신하균 주연의 더게임을 봤다면 큰 충격(?)이 없음...인종차별을 소재로만 활용할 뿐 메시지는 없음. 걍 그랬음...그나저나 솜이 그렇게 방음이 잘되나?
8,진짜  여태껏 본 공포영화 중에 제일 깔끔했음. 밤에 생각날 것 같지도 않고 그냥 영화관에서 완전 재밌게 보고 개운하게 나올 수 있음.
10,처음보고 한장면한장면 다시 생각나서  두번째로 봤는데 처음봤을때랑  완전 다른 영화가 돼버리네... 몇번을 다시 볼때마다 계속 보고싶어지는 영화
10,재밌음. 가서 보셈. 후회 안함.
10,"백인 우월주의, 아직도 흑인에 대한 인종차별이 심하다는 현실을 보여주네"
10,여기서 평점보면서 장면하나하나와 엔딩 하나하나를 곱씹어보니 .... 너무 소름돋고 정말 좋은영화 bb
10,경찰차가 왔을때 긴장한 이유는?
10,크리스가 박스에서 사진 발견했을때 마지막에 조지아 사진 나오고 나서 ㄹㅇ 소름 돋음
10,뻔한 내용을 전혀 색다르게 만들어버렸다.
9,난 참 아쉽다고 생각하는게 다들 내용이 뻔하다고 예측가능하다면서 허세가득한 글로 깎아내리는데... 내용에 집착하니까 감독이 숨겨놓은 메세지를 전혀 이해하려 하지 않음.
8,커피젓는 아줌마 한대치고 싶더라
10,갑툭튀 없는 공포 영화 중 다섯손가락 안에 드는 영화였다. 해석이 제각각이라는데 왜 해석이 여러개인지 모르겠음.
9,와 갑자기 내여친이 무서워졌다
8,트럼프가 보면 안될영화 ㅋㅋ
9,깔끔하니 진행도 좋고 깔린 복선들도 아주 어렵지 않아서 더 좋았는데?
9,내용 대충 알고 봤지만 그래도 충격이네요.. 남자 주인공 여자친구 진짜 턱 갈겨주고싶었는데
10,존잼인데옹보는내내심장쫄깃
10,와 진짜 미쳤어요 ㅋㅋㅋ 간만에 쫄깃한 영화봤네요 후하
10,"최고의영화, 연기력 단연 최고"
8,굉장히 신선해요. 내가 주인공이 된것처럼 몰입하고 하나하나 해석하게 됩니다. 주인공표정=내표정 ㅋㅋ코난된것처럼 영화를 즐겼네요 감사합니다~
7,몇몇 사람들이 말하듯이 반전 영화라고 생각하면 안됨 그러기엔 너무 정직한 내용 다만 하나하나 의미들을 찾는 재미가 쏠쏠
5,보지마세요노잼이에요
10,여주 연기도 좋았음 굿드
9,마지막이 아쉽지만  재밌습니다.
9,여자분 연기잘하네요 ㅋ
10,이제까지 인종차별을 다룬 영화가 '모든 인종은 같은 사람이다'라는 말을 헸던걸 생각하면 이 영화가 품고 있는 메시지가 얼마나 충격적인지 새삼 놀랍다. 스릴러로써도 충분히 재미있음
7,너무 과한 홍보가 독이된 영화. 너무 기대를 하고 봤지만... 줄거리는 광고에서 보여주는 게 전부인 영화. 하지만 나름 긴장감있고 볼만은 했기때문에 7점!
9,간만에 영화다운 영화 봤다. 물론 예고편은 보지말길 전부 스포덩어리
9,"몰입감 쩔고 영화 구성이 굉장히 치밀함. 나중에 알고보니 대충 지나갔던 장면이나 소품, 연기가 하나도 없었음. 시사하는 바도 나름 컸고 무엇보다 복산을 되돌아가면 모든 장면들이 다 나중에 결말을 위한 하나하나의 조각..."
9,"★보실분들은, 예고편은 절대 보지말고 보시길!!        ★평점이 호불호가 많이 갈린대서 걱정하며 봤는데, 저하고 친구는 완전 재밌게 봤어요ㅋㅋㅋ  다만, 예고편 보고 보신분들은 이미 스포가 다된 내용이라 실망하..."
10,미친듯이재밌음...
10,진짜 개존잼 !!! 큰 기대안하고 봐서 그런가여튼 올해 본 영화중 최곸ㅋㅋ
8,스켈레톤의 키가 좀더 원초적이고 잘만들었다.
3,공포도 스릴도 설득력도 모두 겟 아웃~~!!!
6,너무기대를 많이한듯요
10,솜뭉치 성능이 ㄷㄷ 막아도 다 들릴 것 만같은데....
8,"재밋었지만, 로튼 토마토 신선도99퍼센트 정도까지는 아닌듯?"
10,"살면서 단 한번도 느껴보지 못한 무서움의 종류였다. 음향, 연출, 영상 가리지 않고 대단. 영화관에서 한번 더 보고싶은 영화."
10,진심 뭐지 진짜 이건 한번 더봐야 영화 봤다고 할 수 있을듯 진심 예고편이고 뭐고 그냥 가서 보는게 최고인듯요 진심 진짜ㅜㅜ
2,허무하고 뻔하고 지루한 영화ㅠ 오 이제 좀 스릴있어지나??  하는데 끝난다. 보는 내내 스켈리톤 킬 영화가 생각낫는데 큰 틀의 스토리는 매우 비슷~  스켈리톤 킬이  훨씬 재밌게 본 기억이 있다.
2,보면서 정신병 걸리는줄 알았는데;;;;
8,곱씹는 재미가 영화..근데 오히려 결말은 느슨하게 마무리하는거같아 아쉬움
9,귀신안나오면서 무서운 영화가 진짜 무서운 영화지
6,흥행에 성공한 B급 영화
9,흑인 차별이 아니라 흑사모(흑인을 사랑하는 사람들의 모임)
9,신속히 전개되으는 마무리가 아쉽다
9,간만에 진짜 재밋게 스릴러봣네요
9,푹 빠졌다영화 끝난 후의 앞뒤 관련 내용을 떠올려보면 놀라움
10,이런 류의 영화를 너무 좋아하는데 곡성보다는 덜하지만 그래도 sink! 할때 나도 가라앉는 느낌 딱히 나에게 반전이랄건 없었지만 소름돋는 장면들은 많았다 이런영화가 많이 나왓으면
10,"와 진짜 오랜만에 제대로 된 영화 본거같다 행동 , 했던 말 하나하나 다 소름돋는다"
8,톱니바퀴처럼 잘 짜여진 영화. 극중 장면장면을 곱씹다 보면 인종차별에 대한 신랄한 고발을 느낄 수 있다.
10,올해 본 최고의 영회! 최고!
10,여태까지 봤던 영화들이 수두룩한데도 이 영화는 태어나서 처음보는 내용이고 너무 신선했다!!
10,주인공이 시원시원하게 다 날려버릴때 맘에 들었다
9,이런 병맛나는 영화는 정말 오랜만이다(좋은 의미로다가) 아무것도 모르고 봤는데 에이리언보다 더무서움 ㅋㅋ
10,"미스테리함, 지속적인 긴장감, 사회적 이슈, 코믹한 요소의 가미, 반전까지 여러가지 복합적인 부분을 상당히 성공적으로 연출했다. 아쉬운 부분도 다소 있지만, 동종 장르에서 이색적인 매력을 가졌다는 것만으로도 충분히 ..."
7,여자년은 OOO 소리가 절로 나오더라구요ㅎㅎOO!!! 인종차별을 굉장히 극화해서 표현했네요..흑인을 장기를 대체하는 짐승?처럼 설정한게 넘 잔인해요. 현실에서 차별당하는 이들의 마음도그렇겠죠? 주인공 친구의 명대사도...
10,너무 새롭다. 최고최고 영화 끝나고 나오는 길에 그 짜릿함에 발을 얼마나 바닥에 쳤는지. 곡성 봤을때의 기분
10,"진짜 반전과 , 심리적으로 스릴 넘치고 그냥 말다 필요없고 꼭 보세요. 너무 재미있고 신선한 내용이에요"
10,보는 내내 소름끼치고 긴장됐다.... 내가 다 두근거리고 손에 땀이... 커피 젓는 사각 사각 소리는 아직도 싫음...
10,와 ... 진짜 무서워 ... 크리스는 진짜 대단하다안무서웟을까 ㅠㅠㅠㅠ 다 처리하고 경찰차 왓을때 너무 다행이엇어 ㅠㅜㅜㅜ로즈는 목졸랏지만 죽이진 못햇지 ? 착한 크리스 ㅜ암튼 진짜 재밋다. 꼭봐요 다들
10,진짜 재밌어요 ! 강추합니다
10,기대안하고 봣는데 레알 역대급 영화다. 온몸이 마비되는 듯한 긴장감이 영화보는 내내 느껴졌다 무슨 인종 풍자같은 것도 담고 있는 것 같은데 그런거 파악하는 재미도 있었고 이건 감독이 천재다 더 쓰고싶은데 글자수가 정...
10,와우... 우연찮게 봤는데 대박이네
10,최고 다른말 필요 없음!!!~~~
10,이런게 영화지 OO 나오면서 같이 본 사람이랑 얘기도 좀 할 수 있는 영화 요새 한국 영화는 보고 나오며너 할 얘기가 없다
10,오랜만에 보는 핵사이다 영화!! 사이다장면이짧아서 조금아쉬움ㅜ
10,곡성이랑 엮어서 귀신나오는건줄 알았네왜 곡성이랑 엮냐 완전 다른느낌이고이거완전 수작 아니냐물논 빼어날 수. 곡성도 물론 좋은작품
10,신선했다. 그런데 영화가 끝나고 오는 이 찝찝한 기분은 떨칠수가 없네
10,최고의영화!탄탄한스토리
10,재밌쥬 잘 만든 것 같아융
10,무서운거 못보는 편이라 쫄면서 봤는데 그래도 진짜 신박한 내용에 평화롭게 끝나서 만족스러웠어요 미국판 곡성이라는데 곡성 안봐서 잘 모르겠지만 현실적이라서 찝찝하거나 하진 않아요 꼭 보세요!!
10,몰입도 최고 추천합니다
8,오늘봣는데 뒤에 앉은 사람놀라면서 욕하는것도 웃겻음..아쉬운건 예고편 장면에 라이트키면 사슴뼈 나오는장면이있는데 영화에 안나왔는데 나만 그장면못봤자나?화장실난가고 계속 몰입하면서 봣는데 안나옴..
10,요즘 들어 보기드문 수작!!
10,그냥 이 영화는 예고편을 만들지 않고 개봉했어야했다 그냥 예고편 공개 자체가 스포였는데??
10,예고편 보고 보지 마세요 안보고 봤으면 더 재밌게 봤을거 같네요
10,재밌어요 정말  미스터리한  신기한소재의 영화
10,100점주고싶다 예고편안보고기대안하고 갔는데 진짜 너무충격과재미가있었다. 예고편 ㄴㄴ
9,몰입감 장난아니네 최면이 이렇게 무섭다니
10,다 믿어서는 안된다~ 진심 꿀잼 믿고 보세요
8,재밌었어요!!ㅋㅋㅋ
10,끝까지 놓칠 수 없는 반전에 반전이 있는 영화
9,예고편이 아쉽다 영화재미 반감
10,그냥 개꿀잼임 ㅋㅋㅋ 영화관에서 보면 관객이 모두 하나가 되는 매직 ㅋㅋㅋ
10,"우리나라에서 흥행하기 힘든 주제인데도 흥행하고 있다는거 자체가 고정관념을 부수고, 반전이지"
8,영화 자체는 재밌었음. 보는 내내 집중력을 잃지 않았고 뿌린 떡밥들도 거의 회수한 듯함. 스릴감과 유머감이 적절하게 분배되어 보는 내내 재밌었음. 다만 개봉전 예고와 광고로 인해 너무 기대치가 높았나 싶음. 전체적으...
10,이 영화 기발하더라 특히 찻잔 젓는 소리때문에 빠져드는 장면 처음봤다 반전3개정도 있는데 2개는 눈치 빠른 사람이면절반 정도에서 눈치채는데 마지막은 봐야 안다
8,마무리가 아쉽긴하지만 전반적으로 봤을때 잘 만든 스릴러 영화.
10,핵꿀잼! 요샌 공포 영화도 독특하게 나와서 좋다
10,와 진짜 꿀잼 며칠동안 생각나서~ 새벽에 다시 한번 제대로 봐보려구요
10,곡성 같은 기괴 미저리 같은 답답함을 믹스해놓았다
10,중절모 흑인 강동원닮음 ㅋㅋㅋ
9,조지나랑  로지엄마가 굉장히 인상깊어요.
9,"맛있게, 재밌게 잘 만들어진 영화입니다. 굿~~"
10,"전반 흡입력 쩔, 중반 호기심 바짝, 후반 심장이 쿵쾅"
10,영화를 보는 중에는 긴장하다가 다 보고나면 더 무서운 영화.
10,감독이 통수의 통수의 통수 코드네임 블루베리 파이 ㅋㅋㅋ
8,반전에 놀라고 진짜 신선한 스릴러물
10,할머니랑 할아버지 였다니 ㅎㄷㄷ
10,와....진짜....처음엔 살짝 지루한데....가면갈수록 나 미치는줄... 무섭다..뭔가 그냥 무섭다...그리고 ㅈㄴ 재밋다
9,결말을 알고나면 헛점이 보이지만 전반적으로 깔아놓은 떡밥과분위기로 충분히 재밌게 봤어요 색다른 공포영화
10,몰입도 미쳤다ㅠㅠ 당구공으로 뚜까팰때 사이다
10,그냥 포스터에 써진 말들이 과장이나 광고가 아니란것 실제로 저 말 들이 그대로 나오는 영화
10,요새 어느 영화를 봐도 집중이 잘 안됐는데 밤새고 조조로 본 영화인데도 1시간 44분이 30분 처럼 느껴질정도로 엄청 몰입해서 봤습니다! 신선한 느낌이라 좋네요. 재밌었습니다 ^^! 이런 류의 영화가 또 나오길 기대...
10,와 대박 싸이코패스 영화이다 정말 충격적이다 가족들의 본색 속셈 실체를 알게됬으니 그리고 내 인생의 최고 미스터리 공포 스릴러 범죄 영화이다 개꿀잼이다
10,손에 땀이 날 정도로 소리인지른게 용합니다 남자친구는 너무 무서워서해서 제가 달래줘ㅛ어요
10,진짜 시간 가는 줄 모르고 봄 ㅜㅠㅜ대박재밌음 ㅠㅠ
10,안 그래도 미칠 것 같은데 영화 처음과 끝에 수미상관 마냥 반복되는 노래가 날 더 미치게 만든다.. 영화 끝나자마자 엔딩 음악 듣고 뛰쳐나오게 만든 영화는 이게 처음인 것 같다
10,진짜 졸리지만 평점은달고자야겠다 완전핵꿀잼 기존에못봤던 색다른내용이라 더재밌었음 진짜배우들 연기소오름
10,심장이 콩닥콩닥 넘  스릴있고 현실감있는 공포영화에요~ 강추!!!
10,처음부터 끝까지 재밌다
8,흑인남자들은 함부로 백인 여자랑 사귀지 말라는것 같기도 하고.. 새로운 방식으로 인종차별 하는것 같기도 하고.. 공포영화같기도 하고.. 스릴러 영화 같기도 하고... 하여간 볼만했다.
10,심장이 쫄깃해지는 기분이였어요 간만에 재미있는 영화봤습니다
10,기대를 너무 많이 하고 봐서 너무무서웠다...
10,"내인생 최고로 오지는 영화. 자신을 통제할 수 있는 정신이 밑으로 꺼져갈 때에 느끼는 그 절망, 공포, 쇼크의 연출은 어디서도 본 적이 없었다."
8,요즘같은 영화 시장에서 이정도 선방이지
10,너무 재밌고 소름끼쳤어요ㅠㅠㅠ
10,"잘 만들어진 영화는 맞지만 너무 무서워요ㅠㅠ 진짜 너무 무서워요ㅠㅠ스포,예고편안보고 간걸 너무 후회해요 ㅜㅜ저같은 쫄보는 보지마세요..."
10,끝나고 영화관에서 겟아웃해야하는 영화
10,숨은 의미들이 많은 영화. 정말 신선했어요!
10,사람들 눈동자연기가 너무무섭지만 재밌습니다!!ㅋㅋㅋ
10,신선하다는 평이 가장 어울릴만한 영화에요!
10,신선하고 질질끄는것 없이 깔끔했어요. 최근본 영화중 최고였어요
10,참신한 공포영화 소재도 참신하고 배우들이 연기를 잘해서 재밌게 관람했어요
9,지루할 틈 없이 이야기가 진행되서 좋았습니다.
10,장르의 모호함이 주는 신선함? 우정은 위대하다.
8,난 두번봤다 꿀잼이다.
8,그냥 미친영화다..  심장 안좋은 분들은 보지마요.. 근데 제대로 느끼려면 영화관가서 보는게 맞음.. 감독은 백인에게 호되게 당했던적이 있는듯..
10,엄청난게 튀어나왔네!
10,1회차에는 그럭저럭이었는데 2회차 볼 때는 소름 돋는 장면들이 많아서 놀람
10,많은걸 느끼게 해준 영화입니다.
9,이런 영화가 정말 잘만든 영화지..
10,중간중간 깜짝 놀라는게 많은영화 흑인 연기가 영화를 살림
9,신선하고스릴있고연기력좋고~~
10,마지막에  너무 급하게 마무리된감이 있지만완전 신선하고 꿀잼이었음!!
10,흑인연주가가 왜 코피가 나고 발광을 했는지...뇌만 백인이고 몸은 흑인이였으니...잠재의식속에서는 내 자신이 흑인인걸 인지하는거지...
10,짝짝짝 재밌네 독특하고
10,평점이  불한당을 이겼으면 좋겠다
10,무언가 차별하는 것은 잘못된 이치입니다. 인간은 누구나 같아요. 혹시 우리의 언행으로 기분 나쁘게 생각 할 누군가에 대해서 고민 해봅시다.
9,분위기가 압도하는 영화
10,개쩐다 진짜.. 겁나쩌는 영화
10,"재밌으면서도 겁나는 영화, 이래서 극찬받았구만"
10,조던필레의 천재성이 돋보인 영화 데뷔작
10,2차 찍으러가려구용 알고봐도재밌을듯
10,"남다른 연기, 탁월한 연출력, 미국에서 극찬받는 이유를 알겠다."
10,충격이 가시지않는다. 단순히 무서운 영화로 소비할 이야기가 아니다.
10,강렬한 장면들과 감독의 씬스틸러 장면 ㅋㅋ 하나도 놓칠 수 없네
9,하 예고편에서 1차 스포당하고 사람들 평좀 보려했다가 2차 스포 당하고 봤음에도 소름 돋는영화였음 스포만 안당했으면 지렸을텐데 아쉽구려
9,입소문 기대해도 좋을 영화....
10,"백인만 나왔다면 단순한 어쩌면 뻔하고 재미없을 수도 있을 삼류영화 스토리인데, 흑인이 주인공이다. 인종차별이라는 사회문제를 스릴러라는 형식으로 잘 풀어냈다. 신선했다."
10,이건 단순 킬링타임 영화가 아니네
10,이건 꼭 보고나서 바로 한번  더보세요 그래야 더 재밌음
10,너무 재밌었음ㅋㅋ여자친구랑 같이 볼 영화는 아닌듯혼자 보세요
10,혼자 쫄면서 봤는데 ㅋㅋ 정원사 뛰어오는거 빼면 혼자도 볼만함
10,후...진짜 뭐라 표현할수가없네 ....말도안된다....최고
10,묘한분위기에 만점안주면 몇점을 줘야하나
10,재밌었다 인간적으로 ㅋ
10,"사람들의 행동을 통해 암시하는 스릴러,긴장감정말 좋은 영화다"
10,좋았어요. 많은 생각을 하게되네요
10,우와 진짜 최근에 본영화중손에 꼽는다진짜강추!!
10,"시사회 보고 충격적이어서 한번 더 봤는데, 두번 보니까 더 이해되면서 더 충격 ㅋㅋ"
10,어떻게 될지 알면서도 당한 느낌이야
8,재치와 긴장감 그리고 통쾌함까지 갖춘 것이 많다.
9,현실에서도 일어날법한 무서운 상상
10,"연출, 연기 다 좋았는데 진짜 브금이 최고 ... 나까지 어디 깊숙히 빠지는 느낌"
10,"미스테리스릴러 좋아하는 분들이 보면 딱 좋을듯, 전개도 빠르고 몰입감 쩔고"
10,잔인한 장면 별로 없이 무서운 영화였다. 으 뭐야.. 하면서 계속 보게됨
10,전 이런 호러? 영화 좋아요 ㅋㅋ 뭔가 분위기가 묘하고 으스스하니
10,정원사땜에 심장 내려앉을뻔!!!다들 놀랬음 ㅠ_-
10,정말 새롭다!신선하다!재미있다!
10,30분 정도 밖에 안본 것 같은데 왜 2시간이 지나가있지...?
10,천재구먼~~ 심장이 쫄깃쫄깃
10,리뷰 어떤 미친자가 뻘소리해놧는데 진짜 재밌음 보고 후회안함 장지딤
8,꺼져 으오으이오어으..천잰데?
10,귀신보다 사람이 제일 무섭다.
10,이 영화의 깊이를 내 느낌에 1/3 정도 흡수한거같은데 그럼에도 불구하고 천재가 만든 영화라는 느낌이 든다
10,처음으로평점쓰는데 페북에서홍보를너무많이해서반신반의했는데 진짜 보길잘했다는생각..!!소름
10,시간가는줄모르고 봄..
10,소오름~~ 꼭 봐야할 영화! 은근 사이다~!
10,간만에 영화다운 영화봄
9,결말이 깔끔해서 속시원~ 괜한 긴장했네요 ㅋㅋ
10,감독님께서 장르를 막 가지고 노시네요 ;;
10,스토리가 좀 예상되지만 워낙 스릴있게 잘만들어서 충분히 제값합니다
9,와 예고편에 이 영화의 모든게 다 들어있네ㅋㅋ예고편 안본게 정말 다행이다
10,꼭 볼만한 영화네요. 엄청 기대하고 봤는데도 재밌었음!
10,마을 입구 경찰과의 장면을 되새겨 보게 되네요.
10,곡성같은 분위기. 오랜만에 손에 땀을 쥐었네요!
10,교묘하게 차별하는 게 현실과 다르지 않아 역겹더라. 얼마나 억울할까..얼마나 억울했을까..
9,예고편이 거의 영화내용이긴한데 bgm이나 영상기법이 되게 몰입되게 만들어줘요
9,생각보다 재밌었지만 징그러웠다 따흑
9,보다보면 혹시 이러지 않을까? 했던게 실제로 일어남. 끝나고 주변 사람을 다시 한번 훑어보게 됨 ㅋㅋ
10,귀신공포보다 무섭게 심리를 건드리는 스릴러가 여기있네
10,대다나다.. 모든 복선들이 다 연결이 되다니요~b
10,최근 미국의 코로나대처상황과 백인경찰의 무자비한 흑인살해사건등을 접하며 다시 감상한 영화.이제는 선진국의 기준을 재설정해야 할 필요성을 느끼게 되는 부끄러운 자화상을 흑인감독의 눈으로 냉철하게 그려낸 수작!
8,흑인을 하찮게 도구로 여기지만 그 뛰어난 신체는 갖고 싶은 탐욕.. 인종과 별개로 인간이 가장 무섭다 어스부터 참 독특하지만 기발한 제작진들도 무서워
10,긴장감 있게 너무 잘 봤어요
10,연기를 너무잘해서 무서웠어요 ㄷㄷ
8,"체면에 걸리는 순간부터 전체 시나리오가 읽히지만, 흑백 갈등 문제는 잘 다룬것 같고, 특히 맨 마지막에...초반에 출연한 경찰이 출동해서 흑인 주인공을 사살하는 비극으로 끝날 줄 알았는데, 재치있는 인종 차별에 대한..."
9,긴강감 속에 묻어난 흑인들의 참담함
10,"'정말 무서운 영화'로 손꼽히는 것에 진짜 동감하는 작품. 영화 내내 무서운 장면은 없지만, 곱씹어보면 겉만 하얗지 속은 시커먼 로즈와 아미티지 일가의 '사상'에 기함하게 되면서, 마치 ..."
10,진짜 모든 장면하나하나가 복선이고 뜻이담겨 있음 명작인정
10,백인여자 총맞을때 통쾌상쾌
10,나 무셔워 이거 정말 무셔워 근데 보고 싶어 눈감고 볼거야
10,악 너무 재밌고 감동적이야
10,와~~보삼..이렇게 천재적인 감독이 있다니~
7,끝에는 속이 시원하네ㅋ
10,짱 잼. 어찌보면 개그영화 같기도ㅋㅋ. 백인 여친집 가지 말라는걸 극한으로 표현한 개그..으..
8,너무 무서웠어ㅜㅜ 크리스 무슨죄야
10,TSA 능력이 쩌네요 또한 스토리 정말 대단해요
9,새로운 장르의 공포물의 탄생이다. 귀신 하나 나오지 않았음에도 이렇게 무서울 수 있다니. 싸이코패스의 등장도 없었음에도 이렇게 무서울 수 있다니.. 정말.. 연기가 너무 소름끼친다.
9,"흰 피부가 과거에는 인기였지, 한 200년 동안 말이야. 그런데 이제 시대는 바뀌었어. Black . 검은색이 유행이야."
10,오랜만에 재밌게 본영화 소재 자체가 신선하고 생각치도 못한 반전 ㅋㅋ 어스도 봐야겠음
10,흑인쩌리친구 없었으면 이 영화는 속과 겉이 완벽한 만두에 소스가 사라진 느낌이었을 것이다.
10,그냥 이건 꼭 봐야함 두번세번 보면 더잼잇을듯
10,또봐도 꿀잼존잼 의미를 알고봐도 소름
9,어우 섬뜩해 .. 재밌네요  어느 한장면 허투루 된것도 없고 관객이 저절로 집중하게 만드는 놀라운 각본 편집력 영상 배우들의 연기 .. 처음 마지막 음악도 좋고
9,모르고 봐야 더 재밌고 난 감정 읽기 어려운 크리스보다 상황에 맞게 변하는 로즈 연기가 인상적
10,커피잔 휘저으면 바로 최면에 걸리네 ㅋ
10,신선한소재 연기 그리고 액션
10,뭐 디테일이고 자시고.. 영화 몰입도랑 신선한 공포 그리고 영화 진행되면서 나도 모르게 추리하면서 소름돋는... 심지어 영화가 끝나도 계속 숙제처럼 추리하게 되는 이런 영화는 처음본다.. 그래서 10점이다 쩐다 꼭 ...
10,어스를 보고 다시 한번 느꼈다. 이 영화 정말 잘 뽑힌 영화라는걸.
8,침전의 방 속에서 고통 받고 있었을 영혼들을 생각하면 더 소름 돋는 영화
10,정말 명작. 재밌습니다
10,진짜 감탄만 나온다 진짜 안본게부럽다 하...다시볼때의 그 기분을 느끼고싶다 미ㅡ친영화다
10,정말 소름끼치는 작품이다!! 그대들에게 자신있게 추천한다!!
10,인간의 공포심과 심리를 교묘하게 써먹는다는 설정이 제일 무섭다 두번째로 할아버지 뛰어댕기는 알수없는 갑작스런 상황이 무서움 악역들 처단할때는 주인공에게 너무 몰입했는지 통쾌하고 진행도 빠르고 속시원했음..공포에 대한...
10,두번째 보는데 보고나니 가슴이 꽉 막힌 느낌
10,잘만들었다 우와우 각본굿
10,스릴있더만. 중간부터는 심장이 콩닥거리고 긴장감 땡김. 잘만들었는데 왜 개봉때는 안좋은소리가 많았는지 이해안감.
10,졸라잼있음.사실임.
10,"쩌는 몰입감, 탄탄한 스토리, 배우들의 명연기...이 영화는 두번 세번 봐야한다"
10,인생영화 중 하나임어스도 더불어 기대되네요
10,무서운장면 무서운소리 없이도 스토리가 탄탄하고 쫄깃쫄깃함 일하는 아주머니 섬세한 연기가 돋보임 섬세한 공포영화라고 보며됨 추리소설정도
7,수술대에서 의사 혼자서 할수 있다는게 놀라울뿐
8,첨영화봤을땐제대로이해못해서재미없다싶었는데2번째보니 재밌네요
10,재밌네 긴장감있고근데 요즘도 저렇게 인종차별하나
10,이번에 어스도 무조건봐야지!
10,"감독 천재다. 신선도, 기발함에선 식스센스보다 더하다"
10,배우들의 신들린 연기가 돋보이는 최고의 서스펜스 영화!알프레드 히치콕이 만든것 처럼 보이는. 후반부 수술대기중인 영감이 니 눈으로 세상을 보고 싶다는 탐욕스럼을 보는 주인공의 표정 .  압권이다
10,꿀잼입니다 꼭보세영여여여
10,일상 속의 흔한 인종차별과 점점 고조되어가는 분위기에 보는 사람 숨이 턱 막히고 통쾌한 복수로 깔끔한 마무리를 지어낸 영화
10,장면 하나하나에 의미가 담겨있었음
8,신선하다고 햇지만 나름뻔한 스토리 하지만 재밌게는 보았다
1,s...t...a..y....
7,별로다 뻔하고 재미없다
6,놀랄만큼 독창적이지는 않앗다
10,마음졸이며 봤습니다^^
5,예고편이 전부인 영화 입니다
6,뭐가반전 ㅠ걍 뻔한스토리던데...
7,이런 내용일줄은 몰랐지만 기대가 컷던것인지 좀 억지적인 부분이 있는듯
9,초반에 지루할 수 있는 30분을 버티면 그 뒤로 역대급 충격을 맛볼 수 있다. 더 충격인건 이 영화가 감독의 데뷔작이라는 거
10,정말 신선하고참신한내용이었습니다
3,석양 비치는 해변도로를 40km 달리다해가지고 180km 달리는 어처구니없는 내용전개...
10,미쳤음.. 신선함...보면 알 수 있음
5,흑인 친구가 스포일러. 솔직히 해석이 굳이 필요없는 영화.
5,전체적으로 전개가 빠름   어어어 하다 결말   기대치와 긴장감이 올라가다  100까지 찍지못하고 80에서 끝나는 느낌
10,와 원래 리뷰평점 안남기는데 이영화때문에 남김 영화보는동안 시간 가는줄모름 영화보면서 폰한번도 안쳐다봄 쫠깃쫠깃 최고네 ㅋㅋ 다시보고싶음
10,그 할아방구 뛰어올 때랑 웃으면서 눈물흘릴때 와.... 소름
5,그냥 B급 미국영화. 노잼 노스트레스
8,"라이트아웃,인시디어스,컨저링보다 나를긴장하게한영화"
4,예고편이 다한영화는 처음이엇다 그래서더 실망스러웟답 기대치엔미치지못하는영화 ..ㅠㅠㅠ
7,재미있게보긴했는데 큰기대는안하셨음요ㅎㅎ옆에자는사람들많았음 나름신선한영화 인종차별에대해다시한번생각하게되눈영화입니다
5,뭐 이렇게 까지 높은 평점을 줄 이유가 있을까? 진부하고 뻔한 내용인것을...
8,무슨 반전이 있다는건지.. 사람들 말보고 끝까지 반전 기대했는데 그런건 없음. 그냥 진행방향대로 쭉흘러감. 세세한 복선들은 인상적임. 그런데 그 복선이 영화의 흐름에는 그닥 큰 작용을 하지는 않음. 잘 맞아 떨어지는...
2,"로튼토마토 99점 받은게 전혀 납득되지 않는 영화다. 흑인 인종차별과 무관한 문화권에 살아서 뭔가 이해하지 못한게 있는지는 모르겠다만, 인종차별에 대한 메시지를 빼놓고 영화로써 평가하자면 스토리도, 연출력도 딱히 특..."
8,솔직히 말해서 한국 영화 보단 재미있지ㅋㅋ
4,신선한 소재... 정말 그거 하나뿐이다. 친구의 하드캐리 제외.
5,뭐..다들 아는 그것에서  멈춤니다ㅋ뭐 엄청난 반전은 아예없음  쓸더없이 평이높아요  조조로 보긴딱좋음ㅎ돈자주고 보믄 바보짓
6,예고편이 끝인 영화..신선하다며 띄워줬는데 B급 그 이상 그 이하도 아닌 영화
5,평소 스릴러를 즐겨보지 않는 분들에게는 평점이 높을 것같아요 하지만 저처럼 스릴러 매니아에게는 그저 평범한 영화 중 1편 일뿐 뻔한 스토리에 크게 감흥은 없네요
10,이 영하 터질만 하다. 왜 진작 개봉 안했나
10,예상가능하면서도 이렇게 재밌는 영화는 처음이다 ㅎㅎ
9,여주가 뒤로 갈수록 카리스마가 ..
9,시리얼고급스럽게 먹는영화
7,로튼 지수도 높고 곡성같은 영화래서 기대하고 봤다가 실망했음;; 그냥 전형적인 미국 스릴러 영환데 ??? 재미는 있습니다. 깔끔한 마무리..
10,파티때 검정색 차에서 백인들 내리는거 보고 흑인몸에 백인들이 지배한다고 느낌 나만 알았나?
9,자꾸 미국판 곡성이라는데 곡성은 겟아웃에 비비지도못할영화
10,예고편 절대 보지 마세요
6,호불호가 많이 갈릴듯합니다 개인적으로 매우 불호입니다..
10,이건 미쳤다. 감독이 천재다. 영화를 본 후 기승전결이 완벽한 영화라는 생각밖에 들지 않았다. 남자친구가 보면서 손에 땀을 쥔 영화...!
8,스켈레톤 키가 없었다면 더 높이 평가받았을 스릴러.
7,흠냐..중간까진진짜좋았는데!영화특이하고..남편이랑같이보면서도 뭐지?뭐지?다음내용기대되고흥미진진하고그랬는데~하반부부터급!재미없어지고..허무한결말..ㅠ
10,"마지막 주인공의 한방, 속시원 ㅋㅋ"
10,"백인감독이 만들었다면 천재감독이라고 호들갑을 떨었을 영화! 냉정히 평점 8.7~9.1사이로 보지만, 현재점수가 너무 후져 10점 놓고 감."
10,"개좋다 미술, 카메라 워킹, 음악, 떡밥, 연출 다 취향 저격 탕탕 당해버림. 갠적으로 음악 역할이 컸다고 생각하기때문에 영화관 추천합니다. 저도 제값죽고 영화관에서 떡밥 하나하나 되새기며 다시 볼 용의가 있음"
9,관객을 놀이기구에 태운다최고의 롤러코스트를 태우기위해 타기전의 기다림과 타고난후의 쾌감이 정확히 맞아떨어진다감독의 다음작품또한 기대되게만든다
9,스토리 하나는 정말 신선했다. 다만 예측가능한 전개가 아쉽다.
10,"조던 필레를 웃기는 형이 아닌 대단한 감독으로 각인시킨 작품이었다. 연출, 음악, 스토리, 복선...어느거 하나 빠질것 없이 간만에 완벽한 스릴러 한편을 보았다."
10,예측가능? 그러나 묘한 분위기와 소름돋는 장면들은 예측불가
10,"진짜 이게 첫 스릴러 영화 연출이라는게 믿기지 않을정도, 감독 천재다"
9,"말 많은 영화라 일단 봤는데, 그냥 빠져들게 되더라"
9,다른영화들과 비교불가
8,결말 예상한거가지고 뭘 대단한거 마냥 ㅋㅋㅋㅋ 영화 흐름 따라가다 보면 대부분이 예측할 수 있는데 ㅋㅋ 하여간 반전 타령만 하는새기들 ㅉㅉㅉ
5,루즈한 소설. 뻔한 떡밥.
6,존 말코비치 되기 다운그레이드 버전
5,신선하긴 한데 전개가 너무 뻔함  고퀄킬링타임용
8,다들 경찰차엔 백인이 타고 있었을 거라고 생각했을걸.
6,솔직히 점수엔 후한 편인데.. 보시면서 반전 예상하시면 아마 예상하시는대로 전부 맞을겁니다 나름 신선한걸 들고 나와서 기대하고 봤는데 오~ 할만한건 배우들 연기력뿐.. 생소한 얼굴들이 많은데 연기는 정말 소름 끼치더...
10,완전 재미잇게 잘보앗습니다
10,"신선한 공포영화, 차별은 정말 인간만이 할 수 있는 이기적 심보의 발현 그 자체이고 그 이상도 이하도 아님"
10,진짜 왠만큼 평점 안쓰는데 이건 쓰게 됨.정말 말이 필요없는 최고의 영화!별은 왜 5개가 최대인지...별 100개 드림.진짜 겟아웃 처음에 보다가 중단하고 재밌다는 사람들 속으로 욕하고  여친하고 다시 제대로 봤는데...
10,최고의 영화 인듯 합니다
10,생각보다 평점이 낮네요? 너무 즐겁게 봤습니다. 극장에서 봤다면 더 좋았을텐데.. ㅠㅜ
10,신선한 충격 ())))()
10,이제서야 본 걸 후회함 ㅠㅠㅜㅜ 꼭 보세요
10,이걸 왜 이제 봤지.. 진짜 참신한 영화
10,조던 필 감독에 빠지게 된 영화
8,몇 번을 봐도 재밌음 주인공보다 아미티지 가족 연기 너무 잘함ㄷㄷㄷ
10,반전이 소름... 올해 최고의 영화
2,예고편에서 너무 많은것을 보여줘서 아쉬웠어요..
1,최면에 걸려서 내가 잠들었네;;
7,하도 떠들썩하길래 꽤 수준 높은 의외성을 기대했는데..기대보다 훨씬 못 미치는 느낌. 시시하게 끝남. 두 번을 봤는데 두번 다 중반 이후 졸았다. 이게 인생 스릴러라는 사람들는 나이가 어리거나 영화를 별로 안 본 사...
2,그냥 아웃! 내가 멀  기대했을까..
1,봤던 영화 중 손에 꼽을 정도로 최억인 영화호불호 심하게 갈릴 듯 ..
2,에고 먼가 싱황전개가 빠르다고 해야하나?? 주인공에 반격이 너무 빠르게 해서 그런지 몰라도 너무 어이없음그냥 예고편 으로 즐기면 되는 그러한 영화임 이걸 영화관에서 내 돈주고 보면 진짜 먼가 허무할듯;;
2,그저 그런 삼류영화였다
3,이 정도 평점은 아닌듯... 반전도 시시하고.. 딱히..
8,sns에서 띄워준것 만큼 재밋진 않다. 오히려 돈이 아까울 정도로...
6,후반부에 너무 뻔한 결말+급전개
3,하..진짜 평점 보고 겟 아웃 보러 갔다가 진짜 극장에서 겟 아웃 할뻔했네.. 도대체 뭐가 볼만 하다는 거냐...1도 재미없더만
5,너무 기대하고 봤나 재미없음
5,그냥 무난한 영화임 걍 봐도않봐도 뻔한 뒤로갈수록 전개가 빨라지깅하는데 뻔한내용임 중반까지 졸려죽는줄
4,생각보다 노잼인게 반전 꼼꼼히 설치해둔 맥거핀들을 빼면 정말 별볼일 없는영화
10,정말 역대급 반전 열글자
10,제인생 탑5영화였어요 중간에 복선이있어서 소름돋고 더 재미있었어요 보면 절대 후회안할영화 추천해요!
7,오늘 보고왔습니다.로튼에서 너무나도 평점이좋아 엄청기대하고 가서 그런지.생각보단.그저 그랬습니다...보신분들은 어느정도는 공감하실겁니다.감독이 반전을 노린거같은데..중반정도되면 대충다 눈치깔정도로 흐름이 이어져갑니다...
10,역시 사랑보단 우정이지.
2,평점이 너무 높다..그닥..불쾌한 영화임..내용도 중반까지만 탄탄하고 마지막 후반부는 대충 뚝딱 만든것같음
1,정말 허무함 정말로..
1,미친 이게영화냐? 존나 그냥 주인공 탈출기잖아
10,오랜만에 정말 영화다운 영화를 봤네요.. 저는 재밌고 되게 깊은 뜻이 있는 영화라고 생각해요 진짜 감독 미친것같습니다.. 할머니 할아버지 내용도 프리뷰로 나왓으면 좋겠어요~~!!!
2,뭔가 있을것처럼 이것저것 많이 깔아놓고 노잼 급결말
4,반전이라기엔 힌트가 너무 많다. 예상이 맞았다는 잔잔한 즐거움은 느끼겠지만 극적인 반전을 기대했다면 실망할듯. 마지막에는 약간의 카타르시스를 느낄지도.
5,굳이 극장가서 볼 영화는 아니고...감히 곡성에 비할바는 아닌듯.
8,인종차별이라는 신선한 소재와 반전도 있고 효과음땜에 더 몰입한듯ㅎㅎ
3,난 이제부터 로튼토마토지수 따위는 절대로 안믿기로 했다..한마디로 핵노잼!!!
6,별로던데..생각보다 평점이 높네요..볼만은 합니다.
10,흑형 주인공 멋있다 지려
10,평점이 왜 이렇게 낮은거야
4,다 좋아 근데 최면이 너무 쉽게걸리는게 마이너스포인트. 티비앞에 앉혀놓고 다 설명해주는것도 구리고
1,너무 뻔한스토리 ... 실망했어요
1,예고편 보면 다본듯...언플에 놀아나지 마시길
1,진짜 너무 졸림. 뒤에 있는 사람 코골면서 잠. 중간에 잘까 하다가 돈 아까워서 안잤는데 리얼 돈낭비 미국판 곡성이랬는데 걍...ㅇㅂ 노잼
1,너무뻔하고 무서움이 없는영화
2,"예고편이 다에요.... 평점보고 괜찮다해서 봤는데... 영화 보는 내도록 지루하고 졸렸어요... 소재는 너무 좋았지만, 잘 못 풀어낸 느낌...? 보고 나니... 내 정신이 이상해진 느낌...;;"
1,뚱땡이 친구가 도와주는 과정이 너무나도 허무맹랑해서...다 망쳐버림.
10,귀저귀 차고 보세요. 10자.
2,뻔한 반전과 식상한 전개가 아쉽네요
2,더럽게 재미없어요  ㅇㅅㅇ
2,그냥 2000년대 초중반? 그때 양산되던 B급 C급 반전영화들이랑 다를게 없다.
10,네이버에 겟아웃을 검색했을때에 영화정보에 너무나 간단한 줄거리가 있어 볼까말까 고민했다.보길 정말 잘했다. 절대 후회하지 않을 영화.영화를 보고난 후 복선 검색해보는 재미도 쏠쏠하다. 최고!
5,비급영화수준에 킬링타임도
5,뭔가 평점들 대단한무언가있는것처럼 일부러 쓰시는건가..?  초중반쯤 혹시그거..?하면서 생각한 몇가지가있다면  그게내용이던데 ...그래도 여주이쁘고여주엄마카리스마쩔고 군데군데소름..빙고할때윽.. 재미는있어요~극장서...
1,더게임 안봤으면 5점  봤으면 1점
1,생각했던 것보다 노잼..
1,내 취향은 아니었다 내 취향은
1,솔직히 노잼이다. 이딴 영화로 어떻게 이런 관객수를 동원하지? 이해가 안된다
1,초반부터 지루하게 전개되면서 흥미를 끌지 못하는군
2,어이가 없어서 내가 영화를 잘 못 본건가 싶어 인터넷 글을 다 찾아봤지만 별로 와닿지도 않는 인종차별 해석 이야기들 일색에 전부 뻔한 내용들 뿐 이었다. 내가 제일 싫어하는 영화 특징인 내실 없이 깜짝 놀래키기만 하...
6,"같이 본 친구들도 그렇고 다들 재밌다고 난린데 나만 그랬을까..나만 졸렸던걸까... 처음부터 끝까지 이렇게 되겠구나 하면 진짜 그렇게 되고.. 내가 스토리 쓰는 줄 알았다ㅜ 다만 주인공이 생각보다 멍청하지 않았고, ..."
2,알바들한테 댓글에 속아 봤다 평소에 공포물 스릴러 엄청 좋아하는데 이건 그냥 흑인이 불쌍한 영화 평점이 이렇게 높은 이해 1도안됨
4,ㅂㄹ..호들갑다떨더니 스릴1도없음..
1,전설의고향이 더무섭습니다...
6,별로.. 재미 없어요.. 광고에 속지마세요
5,으음 일단 결말이 너무 허무하다 임팩트도 별로 없고 곡성과 비교했을때 곡성이 훨씬 더 재밋는거 같은데..더 절박해보이구 중간까지늑 재밋게 봤는데 그이후는 별로..
6,역대급이란 말에 혹해서..봤는데..무섭지도 않고..충격적이지도 않고..결말도 예상가능한데..흠..
1,내 돈 주고 봤으면 억울할뻔
1,알바 많이 풀었네 ㅋㅋ 뭐 이딴 영화가 8점대야??서론 1시간 본론 25분 정도 이정도면 영화설명 다 됏나? 영화는 총 90분타임참 어이없고 황당합디다 지루하고 한마디로 보지마세요
1,재미한개도 없구만   노잼
1,예고편이 모든것이다. 영화관에서 겟 아웃
5,기대가 너무 컷던지라..생각만큼은 아니였던거 같애여...근데 주위에선 재밋엇다고들 하던데! 후회하진않아요ㅎ
1,부부의날을 망친영화 와이프가 스릴러 공포 좋아해서 평점보고 본건데 전혀 긴장감도없고 지루해서 집사람 자버림 평점이 왜 높은건지ㅜㅜ 소재만 신선함
1,머그컵 숟가락 꿀잼 +1점 줍니다
1,"응어어어,어어어,어 걍 노잼"
1,진짜 시간 아까움.. 전부 다 오버쟁이들만 나옴..
9,묶인 선으로 솜을 어떻게? 그래서 1점 감점
1,예고편만 보는게 나을수도.. 배우들 연기는 좋았지만 내용이 반전이랄것도 없이 너무 뻔했고 후반부가서 현실성 훅 떨어지고 허술하고 사건 수습도 안 하고 급마무리 지어 허무하게 만듦
3,"영화 포스터만 봐도 내용, 결론 다 드러나고 뒤통수 칠 반전 하나 없음. 러닝타임 약 1시간 40분중에 하이라이트(본격적 내용의 시작과 결말)는 고작 25-30분임. 당신이 영화감독이라면 시간분배를 이렇게 했을까?"
6,부랄친구가 살렸네. 근데 기대 이하.
1,"다들 극찬 일색인데... 정말 재밌어서 자진 평점 써대는건지 진심으로 궁금합니다.그냥 홍보글인지, 수준들이 이 정도인건지...여기 글보고 본 영화인데 낚인거같아 정말 짜증이 나네요꿈보다 해몽이라더니 어이가 없네"
1,결말에 대한 고민의 흔적이 보이지 않는 영화
1,평점 5점이상준사람들 이해안가네요세상에서 제일재미없던영화초반에엄청지루하고 끝도 개허무돈아까워요 나중에 공짜로나보세요
1,진짜 개노잼 ; 너무 기대한 탓인가 뒷내용은 너무 갑작스럽게 막 전개 되고 앞내용은 개지루 돈 날리고 가네요 ;;
1,보고나서 돈과 시간이 아깝다.
10,김치들 종특: 극찬받은 저예산 해외영화들은 일단 까고본다. 왜냐? 난 특별하니까^^ 극혐새끼들
1,그냥 한마디로 표현할수있다 겟노잼
1,저만 이해안되는 장면이 많았나요? 왜 흑인여자가 휴대폰 충전기를 뺐는지등등...그리고 결말이좀 허무한 느낌이네요 그냥 쾅쾅거리다 끝난 느낌...
4,좀약간 애매했어요 !!!!
1,뻔한내용 뻔한결말 1위속아서봄 ㅡㅡ진심 기대하지말아요
1,"좋은 소재로 억지설정 , 복선, 반전 범벅 에도 메시지 가 없음. 요란한 띄워주기;;"
1,볼만합니다 근데 기대이하입니다
6,호들갑 떨 정도는 절대 아닌데 마케팅 제대로 됐네 ㅋㅋ
1,북미 pc충들 때문에 너무 고평가된 영화 참신하기는 개뿔 재미와 참신 둘다 없다 곡성이 헐리웃에서 나왔으면 상 다쓸었을듯
1,이걸 예상 못하는게 더 이상함살인의 추억이 10배는 더 나음 그냥 인종차별 문제를 잘 다뤘다정도
1,재밌다고? 어휴... 같이 보자고 했다가 시간 아까웠다고 욕먹음. 돈만 날림.
1,별로 그냥 별로 잠자기 좋음 크
1,여기에 뭘얻었네 반전이네 다시생각하니 소름이네 하는것들  평점믿지마세요.첫째 지루합니다.둘째 개연성부족.셋째 솔직히 킬링타임용도못됨 당신의시간은 소중하니까요
1,왜 곡성처럼 해석이 필요한 영환지 모르겠음  완전 유치함 . 내용이 매끄럽지도 않고 중간없이 처음 결말만 붙여놓운 느낌 . 처음엔 뭔가 있는것처럼 겁나 미스테리한느낌 근데 그것고 너무 뻔해서 뭔가있겟지 있겟지 하는데...
1,"개뻔한 반전, 여자통수칠줄 알고있었음.  그리고 깝놀때매 개빡쳐서 1점줌"
1,그냥 그냥  뻔한영화  중간중간 놀래키기나하고 별로요~
1,이게 재밌냐??이게?
1,올해 본 영화중 최고로 졸린 영화다
1,진짜 좀 어이없음...앞에놀라긴해도 내용도 없고 재미도없고 교훈도없고 음악은 너무 섬뜩하고 돈아까움 왜평점이높은건지 극장에 같이 보던 분들 다 실망해햇는데
1,진짜 평점 안쓰는 사람인데 인생 역대급이라 씁니다.한줄평으로는 흑인이 겟아웃!!!! 이라고 외치는데 그때 우리가 나갔어야 합니다.
1,그냥한줄만씁니다. 절대보지마.
1,OOO기영화ㅡㅡ 이걸 무슨 공포감도없고중간에나갈뻔진짜  여고괴담이더낮겠다
1,존나 재미없음 지루하길래 뭐있겠지 했는데 뻔한 반전... 뭐가신선하다는거냐 시...ㅂ
1,한 치 앞이 보이던 영화.... 내용은 별로지만 배경음악은 좋았어요!! 스산하면서 소름돋고 디테일한 음악덕분에 2시간 겨우버틴 느낌
1,솔직히 재미없습니다. 인간지네1 보다 나을게 없음
1,"예고편이 영화의 전부,,,"
1,진짜리얼후기입니다 영화볼돈으로 복권사던지 기부하던지 맘스터치 싸이버거드세요
1,별로였음..보고 나서 기분 찝찝함 결말도 급 결말지은 것 같고 걍 별로
1,처음에좀 신경써서 만들다가 귀찮아서 그냥 마지막에 다 죽여버리는 아주 형편없는 영화
1,"영화의 홍보, 언론플레이 등등이 관객에게 미치는 영향..."
1,남자친구가 2007년 영화 신하균 변희봉주연 더게임 따라한거아니냐고했음 부정할수없음 상 휩쓸 정도는 아님
1,보고나서 딱 드는생각이 뭐야; 이게 끝?왤케 순삭? 내가 방금 뭘본거? ㅈㄴ 돈아까운생각밖에 안들었다 진짜 워... 보기전에 여기리뷰판 보고 앞쪽에 별10점짜리들 많길래 재밋나보다 하고 보러갔는디 진짜 댓글알바냐.....
1,진심 다 알바아니냐 ? 이게 진짜 잼있었다고 다들 이렇게 평점 주는 것인가 ??? 긴장은 커녕 스토리도... 그리고 반전의 묘미?? 그리고 뚱띠 친구의 개그 ??? 난 진짜 ...너무했다 싶은데 ....
1,핵노잼 ㅋㅋㅋㅋ앜ㅋㅋㅋㅋ마지막 반전있음 ㅋㅋ
1,광고댓글 장난없네 72점만점에 1점줌 뚱이친구 주연놓고 제목 친구를 찾아라 하고 브금 웃기게 틀면 적어도 72점만점에 2점줬음
1,기대하고 봤는데 별로네요. 내용도 없고 재미도 없고 무섭지도 안네요..이게 무슨 영화인지.. 돈 버린느낌이에요. 보지 않는 걸 추천합니다
1,오 소름 이영화에 평점이 많은게 소름. . . 알바들 영화에 나오는 로즈 보다 더 무서움
1,별 한개도 아까운 영화차라리 공상과학이 더 나을듯이런 영화가 왜 예매율이 높은지 모르겠음
2,영화수준이 초딩수준이다.  미국 국민들의 수준도 알만하다...말도 안되는 스토리를 유치하게 만들었네...
4,최면으로  납치  여친  일가족  납치범  혹인가정부  여친할매  흑인정원사 여친할배  백인들이 흑인들  납치하는 내용
1,로튼 믿을게 못되네. 썩은 토마토인데 ㅎㅎ
1,그저그런 싸이코반전영화
1,"블랙코메디, sf,  어이없는 커피잔"
1,이런쓰레기같은영화 처음봣네 인종차별이야기는알겟는데 팩트도없고 내용도없고 무서운스릴도없고 무서움많이타는데 이거보고 놀라지도 집중도되지도않은영화네 ㅋㅋㅋ안보는게 훨나을듯 티비에서 틀어줘도 안본다
1,내 1만 1천원을 돌려놔라 덕분에 네이버 평점은 믿을만 하지 않다는걸 입증한 영화다.
1,뻔한영화.. 복선이 너무많고 잘라보면 흔한스토리라 뒷내용을 다 알게되든데..내가 영화를 너무 많이본건지; 기대치에 훨씬 못미치는 영화였습니다. 예고편만 쌔리 질러놓고 임팩트만 모아서는; 연기력과 남주의 시원한 결정력...
1,재밌다고 한새끼 나와봐
1,내 인생에서 이 영화를 겟 아웃차라리 영화볼 돈으로 기부를 하세요누가 이거 재밌다고 하면 쌩까자는 말 돌려하는 겁니다
3,빈수레가 너무도 요란하다..
1,그냥 재미없어. 시간위의 집이 백배낫다.
1,걍 삼류 B급영화 더만 평점조작하냐? 그리고 흑인들 피해망상있냐? 인종차별하는건 알겠는데 피해망상증 환자얘기같다
1,뎃글알바진짜있구나 뭐감독이천재?웃기서네보자말자바로댓글써요짜증나서
5,"퍼펙트 호스트 보다 노잼인데 ㅡ.,ㅡ 할머니 할아버지가 시중드는데 긴장감 주려고 의미심장한 미소만 날림셔터 아일랜드 보다도 못함.. 근데 리액션이 좋음 6점도 못하는 영화임.호스텔+오텁시 정도의 영화?"
3,과평가된 영화같음ㅋㅋ
1,신선한 충격이라고 하길래봤는데 진짜 이런걸 돈주고보는 내자신이 너무 신선했어 하하
1,네티즌한테 속앗네요^^
1,"솔직히 기대하고 봤는데, 흑인들 피해의식이 너무 많이 드러났음. 감독도 설마? 했더니..흑인... 아니 백인을 모조리 악마로 묘사하고 흑인은 순진한 피해자로 묘사... 현실과 너무 괴리가 크다."
1,내 맘속에서 get out....
1,평점이 생각외로 너무 높네; 초반부에 주인공들이 하는 대화 들어보면 결말은 예상하면서 보게되더라고요.  특별한 반전이 있을줄 알았는데 너무 기대감이 컸나봐요..
1,B급영화 홍보의힘 한시간졸고  10분 휙  영화끝
1,"백인들은 이런 흑인영화를 '나쁘다,후지다'라고 말하지 못한다."
4,"모든 장치와 의미를 놓친 게 없는 데도 불구하고 너무도 뻔하고, 편한 전개가 아닌가 생각됩니다. 예고편보다 포스터가 과대포장이라고 느껴지네요. 공포를 넘어선 놀라움도 없고, 소름끼치지도 않고, 충격적이지도 않고, 역..."
1,단연코 올해 본 영화중에 가장 최악. 소재는 신선하나 그 소재를 잘 풀어가지 못하고 여러가지 던져만 놓고 수습을 못함.그나마 일점도 이 영화의 음악감독에게 드리는 것 .음악이 아주 좋고 예고편이 젤 재밌습니다. 기대...
1,나가라할때 진짜나가세요 진심
1,몰입도 0 그냥 재미없음
1,재미없는데.... 내가이상한가?
1,"누가 배급하길래,, 이렇게 알바스러운 10점 댓글이 많은건지;;; 10점이 그렇게 가벼운 점수냐? 이건 객관적으로 5점도 못미치는 2류 B급영화다. 균형을 위해 1점을 준다."
5,기대 이하 였던 영화. 예고편이 전부인 영화
1,신박하나 스토리작가가 쓰다가 존듯한 ..
1,내가 최면에 걸린것만 같다.. 제발 보지마..
6,그냥저냥. 코미디물로 생각하고 보면 나쁘지 않음. 생각보단 안신선함 ㅡㅡ
1,진짜 보지마세요 최악의 영화
6,뻔함 뻔함 뻔함....
1,"재미없고, 긴장감도 없는 3류 영화극장에서 볼 수준은 아님!!!"
1,평론가랑 일반인 평점좋아서 봤는데 다들 댓글후기알바하는건지 ㅋ영화보면 허탈해서 웃음밖에 안나오는 영화
1,메세지를 담기에는 버거운 파괴적인 영화
1,흑인이 유행이라는 대사는 돌고 도는 복선이냐? 그렇다면 한 방 먹였다. 이 영화는 백인들의 위선이 낳은 병이다. 이곳 저곳에서 호평 받고 출발한 영화 치곤 너무 싸구려 스파브랜드 느낌 아니냐?
1,찻잔 3번 칠때부터 알아봤다... 갠적으로 여자친구도 그렇고 너무 뻔했다싶다
5,예고편이 진짜다입니다 진짜 네..반전 잇어여
1,ㅉㅉ 진짜 여기 보니깐 댓글 알바가 존제 한다는것이 사실 이군.ㅉㅉㅉㅉ 나도좀 댓글 알바 끼워주라 시간 많다.ㅉㅉㅉ
1,아까 어떤분이 영화 볼 돈으로 맘스터치 싸이버거 먹으라할때 싸이버거나 사먹을걸 그랬어요.
1,"진짜 별로던데... 결말 완전 뻔하고 스릴 하나도 없고 왜 15세인지도 모르겠고,,, 완전 허무하고... 내용 진짜 한줄로 요약할 수 있을 만큼의 단순한 내용이랄까.. 걍 노잼"
1,예고편이 영화를 망쳤다.. 예고편에 나온 내용 그대로 나오니까 놀랍지도 않고 재미도 없다
1,두 번 다시 평점 같은 거 남기나 봐라... ㅡㅡ^ 푼돈 벌겠다고 영화 시장 망치는 알바레기들... 6점도 후한 영화인데 꼬락서니들 하고는... 차라리 10년 전 신하균이 나온 ' 더 게임 ' 에 10...
1,로튼 99프로란게 더 소름 중반노인네들 파티할때부터 너무 뻔했음 예고편이 다인 스릴러 태어나서 처음본다 설마설마 이렇게 끝? 끝.. 플래쉬로 깨어나면 일상생활 가능하심미까? 넘 기대했나 ㅂㄷㅂㄷ
1,내용도 뻔하고 쪼는맛도 없고 그냥 무덤덤히 보다보니 끝났다. 마지막에는 그냥 막 마무리 짓는 느낌
1,장난하냐 나 존나기대했다 페북보고내가 진짜 처음 별점남기는데 보지마라기대이하다
1,평점 너무 높은거 아님?6점 정도면 될것같은데ㅡㅡ
1,알바 많네.. 나쁜영화는 아니엿지만 빨아댈 영화도 아니다.
1,ㅋㅋㅋ베스트 평들봐라 개봉일이 5월17일인데필름마르지도않은 5월17일 새벽시간대에 쓴게 베스트평들이네? 우리나라 영화산업 왜이러냐 정말. 더럽다 더러워 알바들ㅉㅉㅉ
1,1점 까진 아닌데. 너무 대단하게 써논게 많아서. 재미는 있지만 대단한 영화는아님.
10,여주인공이 시리얼먹을때 이어폰으로 밖소리 무시하고흰우유와  검정색 과자만 따로먹는 부분 소름이거 한 씬으로  인종차별 디테일지렸음
8,재미도 감동도 없는 공포 영화인 줄 알고 지금껏 안 봤었는데...wow...
10,인생영화중에하나 반전스릴러영화좋아하시는분들 강추 진짜 이 영화만봤을때 감독천재 겟아웃이너무잘만들어서 추후 영화들은 그냥저냥 잘만든수준
10,독특한 스토리에 신선한 영화. 후반부 처리과정도 늘어트리지 않고 간단명료 속전속결. 관객의 맘을 좀 아는 연출력! 재밌게보았다
10,흑인들의 삶에 대해 한번쯤 생각해볼 수 있는 영화. 위트있고 유머러스해서 더 좋았습니다. 친구의 감초 연기 굿!
8,클리세가 없어 좋았다.
10,너무 집중하면 심장에 무리가 올수있음 그런데 몰입도가 장난이 아님
9,good good good
10,영화를 보고 난 뒤에 든 생각은 ㅅㅂ이게 진짜 뭐지? 진짜 신선한 충격을 준다
8,초중반까지의 긴장감이 막판 약간 시시하게 끝나긴 하지만 전개도 좋고 구성도 괜찮았음
8,"공포영화로써는 재미없어요. 주제가 주제라 그런지 몰입이 안돼서 그런걸까요. 추리물,스릴러물같은 느낌이 많이 들고 영화속 이곳저곳 산재해있는 포인트들 찾는게 소소하게 재밌어서 두번쯤은 봐도 괜찮지않나 싶어요."
10,내인생 최고의 영화..
10,"사이비종교, 나르시시스트들이 어떻게 순진한사람을 속이고 이용해먹는지를 그린 영화."
9,
8,
10,아니 ㅋㅋ 옆자리 사람 깜짝 깜짝놀랄때마다 생선인줄
10,
9,
10,존잼이었음그냥존잼어제보고오늘또볼거임
7,기대보단 아니다. 7점정도가 적당한거같다.
8,예상이 되지만 예상처럼 흘러가지 않는 스토리
9,
10,
9,아직도 안 본 사람 꼭 보세요.
10,넋 놓고 봄...와우!!!!
8,차별적 느낌을 극대화 시킨 영화
10,끝내주네요! 잘 봤습니다
10,
10,
10,“달그락 달그락...”
8,
10,
10,소름끼치게 재미나네요 대박
7,긴장감 유도는 좋았던 영화이지만 장후반에 대한 반전에 대한 기대는 예상과 달리 빈약했다
9,흐음 모처럼 괜찮은 스릴러. 정말 오랜만에 느껴보는 짜릿함.
10,
8,
10,굿 꼭 보세요 진짜 ㄹㅈㄷ 영화
7,끝나고 해석 찾아보니까 더 소름ㄷㄷ
6,내용은 신선하고 재미있네요
10,
9,인생 최고의영화 모든장면에서 소름
10,왠만한 공포 다봤는데 이런 신선하면서 재밌구 어덯게 보면 말도 안될수있지만암튼좋았음 이런영화 많이 나왔으면
8,
8,긴장감 속에 흐르는 은유의 홍수
9,한번 더 보니까 더 소름돋는다
8,재밌게 봤습니다 ^^ 재개봉 할만해요
6,프랭클린의 고난과 역경...
10,보고 하루 지났는데 다시 보고 싶다. 러닝타임이 짧게 느껴져 몰입감이 엄청나다. 다만 마지막을 급하게 맘 리하려는 느낌으로 김샜다고 해야하나..  마지막 10분을 제외한 완벽함에 10점을
10,
9,편견에 관한 얘길줄 알았는데 결론도 편견의 이야기다
9,
10,
6,내용 이해력 딸려서  블러그 줄거리 완독 하고 보니 긴장도 덜하고..이해도 빠르게 보고잇어요..
8,아무 기대도 안하고 봤는데 진짜 괜찮았던 영화. 영화 특유의 미스테리한 맛도 훌륭했고 마무리도 깔끔했다.
10,검은  행복이 존재하기를
8,신선하지는 않았는데 연출이 좋았음 지속적인 긴장감때문에 지루하지 않게 봤음
9,재밌다ㅋㅋㅋㅋ 간만에 흥미로운 소재를 접해서 즐거웠다.
8,"포스터 너무 무섭다,,어스와는 다른 공포,,,"
10,미쳤음 진짜 꼭보세요 진짜
9,남동생 머리 밟아서 깨부실때 먼가 영화가 보여주는 복잡한 뇌의 흐름을 한방에 싹 가시게 해주는거 같아 난 그점이 맘에들었음
9,전 어스보고 겟아웃을 거꾸로봣는데요~전 어스가 더 좋았습니다 ㅎ 이 김독영화는 다 볼거같네요~둘다 강추!!
9,2017년도 최고의 영화
7,독창성보다는 디테일에 힘을 준 작품. 미국인에게는 조금 더 특별하게 받아들여질 듯.
7,그래도 마지막이 사이다 엔딩이어서 다행역시 스릴러물은 나쁜놈들 다 잡아죽이고 마지막에 무사히 도망쳐야 제맛이지
8,공포영화가 이렇게만 나와준다면 더 바랄게 없겠쥬?
9,결말 보고나면 감탄만 나온다.다들 연기가 미친듯.
8,배우들 연기 지림 ㅎㄷㄷ
9,끝까지 보게되는 스릴러영화..
9,너무 재미있었어요 정말
9,보고나서도 생각나는 영화 ..연기가 다들 훌룡하고 계속 빠져든다...
9,진짜 잼씀 조금 지루한것 빼고는 9점드림
9,이제서야 봤지만 평댓중 예고편보지말고 보란말 이해가간다 영화먼저보고 예고편 봐서 다행
9,이보다 완벽한 스릴러 영화가 나올수 있을까... 흑인들을 경멸하면서도 육체적 장점은 탐이나는가 보네.
6,"Get Out, 2017"
8,단순한 공포보다는 더 많은 것을 말해준다
8,영화 끝나고도 계속 생각하게되는....
9,"연출력,연기 다 훌륭했다. 이런 미스터리 영화는 루즈한 느낌이 있었을텐데 지루함 1도 못느끼고 뒷얘기가 궁금해서 계속 보게되었다. 배드엔딩이면 분해서 잠못잤을텐데 멋진친구 뒀구만 크리스."
9,작품성 높은 공포영화. 영화 내내 불편한 느낌이 들어서 복선들을 눈치 못챌 수있지만 해석해 보면 상당히 소름돋음. 다니엘 칼루야의 연기가 아카데미 남우주연상 후보에 오를 만함.
10,몰입감 최고~ 보기 드문 수작~
10,띵작 이라고 듣고봤는데 띵작 맞네요 한번더 봐야겟다
10,즐감 했 습니다...ㅎ
10,내 인생 최고의 스릴러 영화
10,No words needed
10,내용도 내용대로 소름돋는데 배우들이 하나같이 연기를 너무 잘함..덕분에 소름 세배로 돋는다ㄷㄷ 인생영화
10,진짜 인생영화 이런 영화를 다시는 볼수 없을듯
9,다시보니까 복선을 미친듯이 깔았던게 대단했다 그리고 친구 너무 웃겼음
6,본인도 대단하지만 친구덕분에 살았다 ㅠㅠ그리고 연기자들 연기 장난아니게잘함 특히 여자친구
10,시간 가는줄 모르게 보고 중간중간 티어나온 사운드땜에 더 놀랐음.ㅋㅋ
9,난 그냥 최면 많이 걸려서 미쳐가지고 실실 웃고 다니는건줄알았는데 .. 이건 생각도못했다 ... 와....
8,숨 죽이며 보게 되는 영화
8,참으로 무시하네요..오래건강하게 살고픈 사람들에 욕망은 끝이없어~~
9,재밌다. 독특한 방식의 영화.
9,여친 잘못 사귀면 X된다는 걸 알려주는 영화
9,와...어안이 벙벙하다
10,진짜 오랜만에 접한 수작 미국 사회의 단면을 그대로 보여줌 마지막 친구만났을 때 가서야 숨 쉴 수 있었음..ㅎ
10,신선하고 신박하다 ~~
9,예고편 안 보고 가면 재밌다. 영화 보고나서 예고편 보는 쪽인데 정말 심하게 스포더라... 전반적으로 스릴도 있고 유쾌하다. 결말도 시원하게 끝나서 Good.
8,남의 집에 가서 차 마시기 무서워지게 하는 영화
8,무서워 ㅠㅠ 기이하고 쇼킹하고ㅠ 말 안 되는 거 같은데 심장 쫄깃한 이상한 영화..
9,와우. 복선과 설계가 곱씹을 수록 ㅎㄷㄷ
8,굿 진짜잘만든 영화 ㅎㅎ
7,무거운 현실을 공포스럽게 그려냈다. 기분 나쁘고 찝찝함이란
7,놀랍지 않았고 충격적이지도 않았고 역대급은 절대 아니지만 정석적이면서 깔끔하긴 했다. 1루타
5,볼만했다 신선한 공포였다
8,이 영화보고 그랬는지 몰라도 간간히 최면에 걸리는 꿈을 꾸게됐다...엄청 신기한경험이다.
8,아주 프레시하지는 않지만 약간의 긴장감과 반전 등 볼만한 스릴러‥
8,비슷한 장르 많이봐서 그런지 그다지 무섭거나 놀라진않음
9,모든 것이 뒤집어 엎어지는 쾌감과 공포
9,이런게 영화지....
8,재밌음.  독창적이고 세련된것같으면서 촌스러운느낌이 들었음.
8,흥미로운 전개 좋은 캐스팅
8,명작..근데 진짜 음청 무서웠음... 설계 오지고요 지리고요...레리꼬요!
10,곱씹을수록 소름돋는다..
10,소름돋는영화 이제까지 보던영화가 아니다  결국 신체적  예술적으로 게다가 인성 면에서도 흑인이        낫다는뜻?
10,최고의 영화 두번봐야 제대로 이해됨
10,감독의 재능이 돋보인다 지루할꺼라 생각했는데 숨도 안쉬고 본듯.. 강력추천
9,"보는 내내 소름이 그냥 쫙. 유령? 연쇄 살인마?,,노노. 이런게 진짜 공포지. 굿 최고!  그 옛날 신장개업이 생각난다."
10,재밌는데?마지막 통쾌함
10,"짜임새 있는 복선들과 풍자, 소름돋는 연기와 장치들,, 잘만들었다"
10,"너무나 정갈하고 정제된 분할, 필요한것만 보여주고 후려쳐내는 씬,영화가 지지부진 하지 않다.짧지만 흥분되는 롤러코스터를 타고온 기분이 든다."
10,이래저래 완벽했다...
10,와 진짜 숨도 안쉬고 봤네.. 긴장감 복선 연기력 햐 감탄스럽습니다. 간만에 재미있게 영화 봤네요.
10,머야 이거 별점안줬네?? 이건 10점이지
9,"익숙한 공식을 따르지만 묘하게 신선하다. 인종차별, 뇌수술, 최면 등 무섭고 잔인한 내용이 독특한 분위기와의 시너지를 일으키는데 정말 환상적이다."
10,기대하고 봤는데 그 기대 이상으로 재미있다
10,볼까말까하다 봤는데 스릴있게 잘 봤음
10,최고의 해외영화입니다
10,꼭 보세요...진짜 재밌어요. 생각치도 못했어요.. 많은 걸 느끼게 해주는 영화기도 하네여. 신선했어요... 예고편만 볼땐 공포영화인줄...
10,어미어마하네요 ㄷㄷㄷ
10,첫장면에서 흑인남자 납치하던 흰색 차가 후반 주인공이도망칠때 타던 차였네여.첨부터 복선 지대로에여..장면하나하나가 의미가 있어여..연출대박!!
10,반전에 코미디까지 완벽그자체 사이다를 좋아하는 나로서는 완벽한 수작
10,모든 장면이 의미있다결론: 이상하게도 날 좋아해주는 사람 조심스켈레톤키 라는 영화보고 소름돋았는데 이 영화랑 비슷하다고해서 봄여운?이남으시면 스켈레톤키 라는 영화보세요비슷한데 잼씁니다 분위기도 비슷
8,왜 제목이 Get out인지 알겟네 ㅋㅋ
10,내용의아쉬움빼고 연출이 좋아서 끝까지긴장감있게보았습니다
10,재밌당 공백 채우기 쨩쨩맨
10,요즘들어 영화를 많이보는데 겟아웃 아주 오랜만에 몰입한 좋은영화였습니다?
10,난 이런 미친 스릴러가 너무 좋더라
10,goood so good
10,"연출, 음악, 연기 전부 다 최고ㅠㅠ"
9,인간의 참 간사하고도 이기적인 부분을 적나라하게 보여주는 영화가 아닐까.
10,오랜만에 제대로 된 영화 봤어요. 최고!!!
9,독창적이고 강렬한 느낌
10,창의적인 영화  뻔한 영화만 보다가 이거 보니까 진짜 재밌네요.
10,이야기를 풀어가는 방식 그리고 상상하지 못했던 반전. 몰입감 최고.
8,이런 공포영화도 이제 한국에서 만들어져야한다..
5,예고편보고 결말만 스포일러  들었더니 핵노잼 영화
9,"최근 본 영화 중에 가장 인상 깊게 봤음, 웰메이드 영화"
8,"은근한 공포와 스릴, 그 안에 스며있는 사회의 편견과 부조리. 볼만한 영화였음."
9,흑인이  역시  좋아~~~~
10,와 이제서야 봤는데 존잼
9,재밌었다...이번에개봉한 해비데쓰데이에비하면...
7,킬링~~타임 머신을 타고
8,겟아웃..외국영화를 별로안좋아하지만 이건 재밌게봤었네요
8,깜짝놀라는 반전있는 영화 주인공 연기는대박!!
9,넘나리 꿀잼 다음에 한번 더봐야딩
9,딸아이와 친구가 무섭지만 재미있게 봤고 관람을 추천한 영화
9,좋았습니다. 잘 만든 영화입니다.
8,마지막으로 갈수록 얼핏 다른 영화들이 떠오르는...
7,어쩜 누구나 한번쯤 그런 생각 해보지 않았은까
8,소설적 상상력이 멋지게 구현된걸 보는 것은 아주 즐거움!
8,재밌습니다감명깊은영화입니다
7,ㅠ보는내내고통스럽...
8,내용이 신박하네요 ㅋㅋ
9,기대했던거 보다는 별루였지만 그래도 꿀잼!
9,진짜재밌게본영화..너무소름 ㅜㅜ
8,오 재미잇어요 추천합니다!
4,이상한나라에엘리스 ㅇㅈ
8,ㅍ오오얒ㅍ탸츄야쥬탸튜
10,심리적 압박감과 함께 관객이 뭘 원하는지 아는 영리한 각본. 굿굿
8,할머니 할아버지 만수무강하세요
9,기대보다 재미있습니다
8,최근들어본공포영화중엔 나름선방?
8,재미있게봤었어요~^^
10,완전 재밌다 완전 재밌어
8,배우들 연기 쩐다ㅋㅋ.
6,무섭고 살떨림~~~!~!!~
8,기대가 컷던안큼 아쉬움도 큰 영화엿닫예고편이너무기대작이엿던가 영화는 마니아쉬웟던 그런영화다
8,재미있게잘버봣습니다ㅎㅎ
9,마지막 추격씬만 자제했다면
10,말이 필요없슴다.. 꼭 보세요ㅠㅜㅠ!!!!
5,재밌다 재밌다 재밌다 와
8,참 재미있게 봤습니다 나의 점수는요~~!
9,기대이상으로 스토리구성도 좋앗구재미잇엇어요..
9,"흐름을 따라가는 영상 ,. 괜찮은 시나리오"
8,역시 여자를 잘 만나야 되 ~
7,예고편이 나왔을때 기대를 많이 한 영화였고 영화를 보고 나서도 실망하지 않고 만족했습니다!
5,진심 ... 놀라긴엄청놀라면서봤네
8,마지막 반전에 한표 ㅎㅎ
7,두번 다시 보고 싶지 않을 끔찍함.
9,흥미진진한 진행 반전이나 결말은 기대보다 쏘쏘
8,갯어윳 반전의반전 꾸르자미오
9,인간의 생존본능은 몸을 바꿔서라도 살아남으려 애를 쓴다는 것을 묘사한 듯한 영화 같습니다.
9,마지막 장면에서 공포영화의 클리셰 깨줘서 고맙습니다 ㅠ
8,"인종차별을 소재로한 새로운 호러무비, 놀랍다."
7,소리가 다한 영화입니다. 재밌었습니다.
9,예고편과 시선끌기식 표지가 영화를 망쳐놓은 전형적인 예다. 흑인이 최면당한다는 것부터 이미 영화 90퍼센트 스포한셈. 정말 열받는다
10,잘만들었다 싶어서 찾아보면 5에 3은 블루하우스인듯... 그냥 믿고봐야겠다! 후후
8,깜짝깜짝놀라는재미는있었음
8,히든피겨스를 찾는 재미가 쏠쏠 결말을 알고나서야 과정을 이해할 수 있는 영화
7,나름 괜찮음 근데 마지막에 갑자기 후두두 다 죽음
10,"맨인다크처럼 오싹햇다.  패신져스, 아메리칸메이드, 겟아웃 / 현재 2017 탑3"
7,감독의 코미디언으로서 이력을 알면 더욱 즐길 수 있다.
8,나름 재밌지만!!아쉬운 소재.
10,다시 봐야 진짜가 보임. 경찰에게 면허증 제시 바로바로 합시다!
4,진짜 내용없던 영화 실망 엄청
8,재밋다재밌다 재미있다 재미지다
9,무섭고 재밌습니다 스릴넘쳐요
9,겟아웃~겟아웃~겟아웃~겟아웃~
6,그야말로 소재가 다 한 영화
4,설정이 너무 ㅋㅋㅋ난 그냥그랬네
8,스릴감 넘치고 무서운 영화였습니다. 배우들의 연기도 좋아서 몰입도가 높았습니다. 호러스릴러추리 모든 장르가 섞여있는듯 합니다. 재밌어요. 놀래키는 부분도 많고 무엇보다 반전이 깜짝 놀라는 영화
8,재미있습니당 ~~~ㅎ
9,가서팝콘엎고옴 무서움 깜짝놀라는 장면 많음 마지막에 극혐장면있음 그래도 통틀어봤을때 나쁘진않았음
9,사람이 무서웠다 먼저 본 친구가 곳곳에 복선 있다고 했는데 나중에 찾아보니 소름
7,흑인여자분 너무 무서워요
9,노노노 노 가 아직도 기억에 남음  잼잇씀
8,엔딩이  너무  시시기대를 너무하구 봤네요
8,스포가 넘 많아서 기대는 안했지만 그래도 나름 무서운 장면은 무섭기도 한듯
8,나락으로 떨어지며 생생하게 화면을 통해 바라보며 소리지르던 장면은 중학교 가기 전까지 자주 꾸던 꿈이랑 완전 똑같네요. 뭔가에 갇혀서 아득한 어둠속으로 떨어지던  꿈..
10,숨막히는 긴장감...
5,재미있었습니다겟아웃한번씩보세요
9,핵 꿀잼 대재밋우용 꿀꿀
9,생각할게 참 많은 영화였다. 영생의 가능성인간을 수단으로 삼는 백인들의 부조리함
10,하 ㅋ 오랜만에 재밌는 스릴러 영화를 봤네요 평점이 높은 이유가 있군요 ㅎ
8,재밌어요ㅎ재밌어요ㅎ
7,으윽...너뮤무섭ㅡ ㅡ;;; 정보없이가서 보구 깜놀ㅠ
9,아무정보없이 영화를 본게 신의 한수ㅋㅋ 다시 한번 보면 캐치할 수 있는 장면이 굉장히 많을 듯!!
10,이런느낌은 처음받아본다
8,생각보다는 재미있었지만 구성이 알찬 영화는 아닌듯.
8,키의 시도는 신선했다. 근데 깜짝 놀라면서 웃겼음
7,스릴러와 공포가 있는 영화
7,재밌엇어요. 추천해요 ^^~~
7,너무 기대를 하고 봐서 그런가 생각보다는 별로...
9,재미있어요 한번 보세요~
9,넘나 무서웠지만 완주해버리긔!
6,알게된 숨은 의미에 별다른 깊이는 없었으니..
8,무서웠습니다 잔인한 장면은 그닥 나오진 않았지만
7,너무나 재밌는용화입니다
9,신선한 소재라 좋았고 재미있었어요
10,"충격이다 연출, 연기력, 음악 모두 최고다. 감독 대단하다"
8,반전이 있는영화 대박!
7,걍 그냑그냥그냥 그랬또
9,반전!! 너무 재밌었어요 추천합니당
10,이래서 친구를 잘 둬야함~ 대박이었음
7,잘봤습니다. 스릴있고 재밌네요.
8,소름끼치게 무서운 영화는 아님
9,복선 개지림ㄷㄷ 영화 너무 스릴있고 재미있게 봤습니다
9,"신선하고, 충격적이다"
10,마지막에 눈물이 났음 그정도로 주인공에 공감가고 내용이 충격적임
9,참신하고 재미있습니다 ㅎㅎㅎㅎ간만이네요
8,소재가 신선했습니다.  기대 안라고 봤는데 기대이상 즐거웠습니다~
10,재밌게잘봤습니다 진짜 경찰올때 ㄷㄷ 했습니다
10,영화를 다 보고 구간별로 다시 보면 소름 끼친다. 그만큼 치밀했고 몰입도와 연기력 또한 훌륭하다.
6,ㅎㅎ... 할말하않 킬링타임용
7,중반까지 섬뜩하하다가 결말은 좀 휙휙 지나가는 느낌
9,"여친집 흑인 하인 아저씨 달려올때가 제일 소오름...막판 반전도 좋았고, 뚱땡이 친구 섹슬레이브!! 외치는거 졸웃김"
9,재밋겟봣어요 스토리더 좋고 긴장감 넘치구
10,영화관에서 못본게 한.아직도 심장이 두근두근
7,예고편이 다했다는...
8,무서운데 욱곀ㅋㅋㅋㅋ
8,몰입도가 좋아서 볼만하네요
9,조금 지루했지만재미있었어요.
8,인종차별의 끝은 어디인가
7,볼만했습니다 또 보고싶네요
5,겟아웃 넘나 재밌었습니당
8,런레빗런레빗런런런 런레빗
8,기대했던 것 보단 실망스러웠던 작품입니다.  예고편이 영화의 엑기스가 되면 어떡합니까...!
8,곡성이랑 느낌이 비슷함 아주재밌음
8,결말이 아쉽지만 초중반내용은 굳
7,소오름!보는내내긴장긴장마지막은정말믿을사람없다.
9,"신선하고, 특이한 분위기 연출로 시간 가는 줄 몰랐던 영화!"
5,나는 공포영화치고 별로..
8,영화 보고나서 후기까지 다 읽으니깐 소름이 쫙 돋았던 영화. 신선했다 !
9,매우 무서웠습니다그치만 영화의 내용이 대체적으로 매우 탄탄해서 좋았습니다
8,아주 재미있었더ㅏ드.
10,아직도 무의식 속에 흑인을 지배하고자 하는 백인들의 잠재의식이 반영된 공포영화. 최면으로 내 몸이 조종당할 수 있을 것이란 공포심이 감정이입을 불러일으킨 영화. 사랑하는 사람에게 배신당하는 공포심까지. 불신지옥!!!...
9,아빠랑 같이봤는데 좋아욤~ 스릴있네요
9,영화가...영화가 멋지네요
10,"뻔하지 않은 호러무비, 감독센스가 쩌네요~"
9,배우들이 정말 한 몫한 영화.
8,첨에는 이해가 잘안됐어요
8,재미있는 호러물 입니다
10,흑형한테 깝치면 어떻게  되는지 보여주는 영화
9,인종차별을 신박하게 풀어 흥미진진했어욥
10,콩고왕자 라비 헐리웃 진출한 줄 암
9,기대했던것보다는 그저그럼
7,세상에서 젤 무서운것은 사람이라는 생각이 든다
9,스토리가 기발하여 보면서도 계속 상상하고 기대하게 되는 독특하고 재밌는 영화네요
5,예고편보고 상상하는게 더 재밌었을듯
10,결말이 찝찝하지 않아서 좋았다. 몰입도 최고!
10,왕잼잇음 꼭 보삼 히히 무셔웡
7,"생각지 못한 전개, 재밌었어요."
10,스릴있는 인종차별 영화!
10,볼만했어요 영화 안가리는 편이긴 한데 좋았아요
8,너무 기대가 컸던 것일까..?
6,여자가소름..마지막반전
10,시간가눈쥴 모르고 봤음!!!
8,생각지도못한 반전이있음
7,스릴러 좋아하는 사람들한테 추천추천!!
10,교통경찰 진심 형사해도 되겠다
9,많은 생각을 하게되는 영화!
10,너무너무너무너무너무너무너무너무너무잼
9,시간이 어떻게 지나간지 모르겠다
8,고전적인 스릴러 영화의 형태였지만 신선했다
8,반전의 소름끼가 쫘악끼치는걸
8,재밋어요!!! 추천입니다
7,배우들 연기가 소름돋아요~
10,몰입도 100% 무섭지 않은 듯 무서운 영화
9,무섭지 않은 공포 영화 ㅋㅋㅋ 마지막 뚱떙이의 하드캐리와 반전인듯 반전 아닌 ㅋㅋ
9,평범한 소재지만 복선과 암시 긴장감이 훌륭한 영화. 적절한 개그까지
9,심장 쫄깃해지는 영화.
9,뒤돌아서보면 퍼즐이 맟춰진다 보는내내 긴장하면서 봤다
9,흑인에 의한 흑인을 위한 영화
9,조흔 스릴러였다...
7,반전을 어느정도 예상하지만 괜챠음
7,딸과 친구와 셋이서 재밌게 봤습니다.
10,보고나서 다시 영화해석을 보면 영화 한 편 다시 보게되는 느낌. 1시간 넘게 뭘 보고 무슨 생각을 했었나 싶어진다.
8,영화를 보고 싶은데 뭘 봐야 될지 모르겠을 때 보기 괜찮은 영화
10,"긴장을 늦출 수 없어요,배우들의 독특한 캐릭터와연기력 또한 볼만합니다"
9,짧은시간. 전달력 명확. 배우들의 좋은연기좋은 영화였습니다.
9,스릴있고 재미있게봤어요
7,결말이 많이 아쉬운거 같다
10,재밌게봤어요~ 반전 쩌네요
9,커피잔과 티스푼을보면 떠오를거같아요남자친구한테 써먹고싶네요
10,조지나보고 똥쌌음;;
8,다양한감정이교차하는시간이였어요
8,깜짝 놀래서 심장 떨어지는 줄. ㅋ
10,구굳  재미써염ㅎㅇㅎ헤힣
10,너무무서웠다 포스터만보고 코믹인줄알았는데ㅠㅜ 극장에서 소리지른건 안비밀ㅜ
10,굿. 많이 무서웠습니다.
8,충격과 공포의 영화! 몰입도도 소재도 장난아니었네요
10,아웃인다스트릿 머더 에~~
6,평범합니다.. 반전이 인위적이에요ㅎ 최면걸린 사람들은 코미디배우가 되고ㅋㅋㅋ경찰 3명 한패인줄ㅋㅋ최면걸린 상태랑 표정똑같고 나사없음
9,꼭 잔인한 장면이 나와야 섬뜩한게 아니다.. 오랜만에 만나는 신선한 영화..
9,저예산 영화라는게 느껴지지 않게 잚 만들어진 영화다. 이런 영화라면 강력 추천
10,지린다... 와 개지린다.
10,"하나 같이 소름돋는 영화. 복선이며 연출력이며 하나같이 한씬이라도 놓치면 안될 영화같다. 이건 다시 봐야 진짜 소름돋는 영화. 마지막에 경찰차가 올때, 분명 모든 관객들은 백인경찰이 크리스 밟을꺼라 생각했겠지...감..."
10,"외국 사람들은 이런것이 생소한 모양이지만, 우리는 물 맑고 경치 좋은 신안에서부터 아름다운 전라도에서 항상 있는 일이기에 크게 위화감 없이 즐거운 감상을 했다고 생각함."
9,마지막 장면이 제일 현실적...당연하게 손을 드는 모습에 마음이 아팠다. 2017년인데도 아직도 이런 영화가 나온다는게..차별이 정말 심할땐 눈에 보이지 않는다던데 생각이 많아진다. 겟아웃이 그런 의미인진 몰랐지.....
5,투수의 다음공 구질과 코스를 맞출때 재미와 같은 즐거움이 있는 영화.난 부모인적사항과 첫식사때부터 주인공이 어찌될지 예측했고 이웃사람파티때 이웃 딱 두사람보고 파티의 목적도 맞춤.다만 첫장면과 주인공 얼굴 헷갈려서 ...
10,나만 영화보면서 짜증났냐?? 스토리상 짜증나는게 아니라 진짜... 뭔가 마음속에서 올라오는 짜증남??
8,신선한 소재였습니다~  단지 반전의 낌새를 느끼게 된 순간부터는 살짝 예상대로 흘러가는 느낌이네요 ^^
10,진짜 시간 가는 줄 모르고 몰입해서 봤다.... 완전 추천!
9,와...개소름.. 지렷다
10,소재가 신선하고 복선도 너무 복잡하고 어려운건 아니라서 직접 찾는재미도잇고 재밋어여
10,감독의 천재적 발상과 예리한 관찰력이 더 공포스럽다. 쵝오
10,영화 속 한장면 한장면이 모두 복선
10,예상과는 다른 반전. 마지막 경찰차 보고 소름 !!!
10,와....정말 반전이 있네요!
10,개~~~~재밌음 추천!
9,기막힌 스토리. 강추.여주가 아주~~놀라워요 ㅎ
9,미스테리하고 복잡 미묘한 감정선을 디테일하게 묘사했다
10,소름돋늗다... 이걸 이제야보다니
10,완전 대박 영화. 소름 무지하게 돋음.
10,"내가 인생 공포영화 컨저링1,2밖에 없는데 드디어 하나 더 생겼다. 개꿀잼... 모든 퍼즐이 맞춰지는 순간 소름이 돋았다."
10,모든게 다 설계구만....
10,"3번 봤어요, 또 볼 예정"
8,"전혀 경험하지 못했던 스릴감과 긴장감이었다. 더 재밌게 보고 싶다면, 2번 보는걸 추천한다."
7,꼼꼼하고 정교하게 뚜렷하고 어렴풋하지 않게
10,좋다 꼭 다시 보고 싶은 영화
10,재미있네요~~~평점올리기
10,흑인 여자 하녀.. 그 the eyes of my mother 떠올라서 개 무서웠다ㅋㅋㅋ
9,솜뭉치 당신은 대체.. 신선한 소재의 공포스릴러였다..
10,왜 곡성과 평행이론이라고 하는지 알았다 복선들의 향연이란..이 영화를 곱씹어보면 가장 큰 매력을 느낄 수 있다영화에서의 카타르시스를 느낀달까
9,소재도 신선하고 재미있네요. 재미있습니다.
8,흔치않은 훌륭한 스릴러영화
7,예고나 영화소개 프로그램을 먼저 접했다면 크게 재밌다는 생각이 안 들 수 있어요. 딱 그게 다이고 결말도 큰 반전이 있진 않았어요>_< 사전 정보없이 보시길 추천합니다.
10,너무 신선했음 내용 전혀모르고공포좋아하니 봐봐라 한마디만듣고줄거리도 안읽고 감상기대이상
10,소름~ 휴유증 남았어ㅠㅠ
10,2017년 나의 올해의영화ㅋㅋ
7,그냥 그럭저럭 무난했다
10,보면서 오줌 안마려울 정도로 집중하는 영화
10,아.... 눈물흘리면서 웃는연기 진짜 소름
10,예고편의 힘이정말 큰듯...이거 예고편 재미없어보여서..개봉당시에는안봤었음...뒤늦게 다운받아서 봤는데ㅜ하이걸 왜 영화관에서 안봤지..후회ㅜ진짜 2번보게 만드는영화
8,"역시 반전영화는 소름을 끼치기충분하다.근데 가족을너무쉽게죽인다,크리스를속이기에완벽한연기소~~~름"
10,불편한영화 엔딩이 사이다라 다행
10,빙고 게임 할 때 뭐하는건가 했더니 누가 새로운 건강한 몸을 차지할지 경매하는거였음 ㄷㄷ 완전 소름..
8,영화는 그냥 그랬지만 앞으로 인종차별은 없었으면 좋겠다
10,스릴러 좋아하는분들.. 망설이지말고 보세요감히 최고의 영화입니다~~
9,진짜 아무런 정보 없이 호러영화다 라는 것만 알고 갔는데 그게 신의 한 수 였던 듯 굳굳 이런 영화 더 자주 나왔으면!!! 여친 차키 찾는 연기 진짜 대박이더라 너
8,"시나리오 잘만들었다. 괜찮았음. 스릴도 있고, 근데 이거 어디서 많이 본 시나리오의 조합인 듯.. 그거 있었는데, 데드캠프비슷한 거랑,, 인디밴드 공연하러갔는데 KKK단 소굴인 영화 그거 ..KKK단 관련영화는 다 ..."
9,화려하게 치장을해도 지루한영화가있는가하면겟아웃은 조용히 사람을 쫄리게했다 영화가끝날때까지 아슬아슬심리전펼치는기분
10,영화를 다보고 복선과 해석을 보고 소름이 한번 더 돋음;;연출부터 브금까지 엄청난 수작이다. 와 충격.
7,참신하긴 한데 좀 더 고어적이거나 공포스러웠으면 더 좋았을듯..
10,이런 느낌 아주 오랜만임 취향에 딱 맞는 영화를 봄 아주 아주 십점
8,진짜 상상력은 무한한거 같네 이런영화가 나오다니...ㅎㅎ
9,왠지 마지막에 여자와 주인공의 혼이 바뀐거 아닌가???  하는.   뒤에 더 있을것같아 끝났는데 계속보고있었음.
10,끝내주는 영화 ㅋㅋㅋ 기대 안했는데  정말  재밌었어요  정원사랑 가정부때문에 깜짝깜짝 놀라고 어쩜그리 차별쩔거 같은 외모의 백인들만 캐스팅했는지ㅋ 마지막에 개사이다 스프라이트 샤워였습니다. 흑인친구 캐스팅은 정말 ...
10,오랜만에 상상을 뛰어넘는 반전을 보여준 영화 두 번 봤을 때 더 크게 다가온다
10,사슴을 싫어하는 아버지 크리스에게 죽다.
8,다 죽여서 통쾌하다 ㅋㅋㅋ
10,흑인연기자들 연기가 기가막히게 잘함.
10,타란티노 냄새가 난다. 대박
10,아 진정 공포가 뭐지 알려줌
10,귀신나오고 억지로 깜짝깜짝 놀래키는 영화보다 100배 무섭다
9,오랜만에 괜찮은 영화봤다 역시 사람이 무섭다 귀신영화는 졸려 ㅠ
9,신선하다. 잘만들었다. 그래서 재밌었다.
10,세상에서 제일 무섭고 잔인한게 인간이다
10,재미있습니다....
10,"공포영화를  좋아하지 않는데, 그리 무섭지 않으면서도 굉장히 짜릿한 기분을 느꼈어요."
10,하녀의 연기가 진짜 소름돋을정도로 좋았습니다 :)
9,사진으로 찍었을때 몸을 뺏앗긴 흑인의 의식이 일시적으로 돌아왔음~ 그래서 get out!  이라고 어서 여길 떠나라고 크리스에게 전한거였고 자기 의식이 사라지기전에~
10,생각보다 평점이 낮아서 달아봄 ㅜㅜ
9,인종차별 영화인줄 알고 봤다가 호러영화인줄몰랐네ㅋㅋ아무런 생각없이 봤다가 소름돋는다
9,내용이 인종차별 뭐 그런거 인줄 알았는데 ㅎㅎ 감독은 미끼를 던진것뿐이고 나는 덥석 물었을뿐이고  사이다결말은 좋았음
10,와... 정말 간만에 어마어마한 영화!!!
10,2017년 최고의 영화였음
9,마지막에 경찰차 왔을때여친이 백인경찰한테 피해자 코스프레 할까봐 진짜 걱정했는데 친구여서 개사이다!!!
9,"그렇게 무섭진 않음.... 선량한 피해자 크리스가 복수하는 시나리오가 펼쳐지기 때문에... 오히려 통쾌한 느낌이... 다른 공포영화들은 선량한 등장인물들이 처참히당하는 경우가 많아서, 기분나쁜 경우가 많은데...."
9,이래서 친구를 잘둬야해
10,졸잼이다.  흑인은 우월한  유전자
10,50000% 정확한 평점. 이 영화 미쳤다... 꼭 봐라.... 재밌음
9,신선하고 재밌다 소재가 좋아서 적은자본으로 대박났네
10,잔인하거나 놀래키는 요소가 적었다는게 오히려 이 영화를 볼까말까 망설이는 분들께 추천해주고픈 영화임. 나도 약간 놀래키고 잔인한 요소가 많으면 안좋아하는데 이건 딱 적당해서 누구나 봐도 재밌어할 영화인듯. 무거운 소...
9,언젠부턴가 관객들이 평론가병에 걸린거 같다. 대중문화로써의 영화는 쉽고 재미있게 봤다면 충분히 좋은 영화라고 생각한다. 어렵지 않고 반전이 없고 논란의 여지가 없다고 못 만든영화인가? 의도한 메시지가 재미를 놓치지 ...
4,재밌게 보다가 막판에서 b급 영화.. 마무리를 너무 빨리한 느낌
7,초반에 너무 힌트를 많이 줘서 살짝 김샌느낌
10,흑인들이 얼마나 사소한 인종차별과 위화감 등을 숨쉬듯 느끼는지 현실적으로 잘 보여준 영화인것같아요 영화를 보고나니 스토리보다도 생각해볼만한 여러 포인트들 덕분에 여운 남는 영화네요
10,여기 영화한편 봤다고 내용으로  주절거리는것들여기 평점 달러오지를 마라..좋다고 추천박은 것들도 오지말고 .. 가면 갈수록 인간들이 막장이네
5,마케팅의 승리다!! 중반이후 올드하다.
10,아주 속시원하게 끝나 9->10점
7,아 너무 깔끔하다 이토록 교통정리를 잘할줄이야
9,간담이 서늘해지는 스릴러... 아무런 기대 안하고 봤는데 기대안하고 봐서인지 시원시원한 복수극이었다.
10,복선 곱씹어보면 소름돋는다 와 진짜 ..
8,완전 꿀잼~ 최면에 취한다~
10,아직까지도 멍함 진짜무서웠음ㅠㅠ귀신나오는것보다 더 무서워ㅠㅠㅠㅠ
7,신박한 반전과 강한 메세지
10,난 여자친구가 백에서 키찾을때랑 키가 ×××할때 그때부터 긴장시작
10,아주 만족한다. 깔끔하다. 시종일관 억지스럽게 답답한 마음을 가지게 했던 곡성보다 훨 낫다.
10,오랜만에 웰메이드스릴러봤네요!!! 진심 넘나 쫄깃하고 무서웠어요~~~ A+++
8,강렬하지는 않다 하지만 시간 가는 줄은 몰랐다
10,예고편보지말고 봐야함. 연기 정말 잘하고 재밌었습니다 ㅠㅠ심야로 보시는걸 추천합니다
10,너무재밌게 봤어요.  파티 사람들도 단체 최면같은거에 걸렸나.. 계속 뭘까뭘까 하면서봤네요. 왜 관리인흑인은 스스로 좋아서하는 일이라고했는지 로즈의 칭찬을 왜그렇게했는지 왜 마지막에 사진은 보여지게놔둔건지.. 보는내...
10,재밌습니다 볼만합니다.
7,너무 과대평가된 영화.물론 잘 만들긴 했지만서론이 너무 길고 후반가서 맥아리가 소멸된 느낌.전형적인 용두사미 전개 케이스라고 본다.
7,"퍼니게임같은 느낌의 영화. 귀신이나 괴물이 나와서 무서운 게 아닌, 우리들과 같은 평범한 사람이 위협을 해서 무서운 영화."
3,소문만무성한 양산형영화
5,별로인데... 내가 영화볼줄 모르나?? ㅋㅋ진심 별로임 긴장감도 제로
2,개노잼 보다가 잤음ㅋㅋ
3,시간이 아가운 영화....
10,개핵꿀잼 스토리 쓴사람은 정말 센스있는거
10,아무런 정보없이 보는게 좋은 영화 몰입감과 복선이 매우 좋다 이런건 10점!
10,영화를 진짜 무섭고 스릴있게  잘 만든것 같아요 마지막에 반전이 저금 많이 충격적이었지만요 ㅋㅋㅋ 이런일이 실제로벌어지면 안되겠다는 생각이 드네요
10,긴장감이랑 몰입감이 대박인듯 꿀잼이었다
10,이런 신선한 영화가 많이 나왔으면 하는 바램이네요bb
10,진짜 심장 쫄깃쫄깃하면서 봤다웬만한 공포영화는 저리가라 할정도로 긴장의 연속이였다스토리 구성도 전개도 음악도 배우연기도 소름돋았다
10,몰입도 장난아님 이런 장르는 첨 접해보는데 재밌음
6,내가 너무 기대를 많이 했나.. 재미있는데 음... 연기는 진짜 잘하는데 음... 그렇게 무섭지도 않고 충격적이지도 않고 그렇게 잔인하지도 않고 그냥 모든게 좀 애매한 영화...
10,영화 디테일이 굿굿굿!! 영화 보는 내내 등땀 흘리며 봤네요!!
6,광고만든사람한테 10점준다 그냥 뻔한 내용을 뭔가 특별해보이게 광고하다니 오졌음 ㅎㅎ
9,영화가 끝나면 감독의 천재성에 리스펙~ 시작부터 작은소품까지도 하나하나 의미가 있었던 디테일한 연출력 쩔! 영화가 끝나면 5분후부터 뒤늦게 밀려오는 소름~
10,정원사의 달리기=올림필 출전 할아범의 달리기
10,이런영화가 많이 나왔으면 좋겠습니다
8,흑인메이드 울면서 웃는 연기...소름;;;
10,관객의 왠지 모를 찝찝함과 불안한 감정선을 영화 후반부까지 극으로 끌어올라 영화
7,팽팽한 긴장감은 아주 좋은 듯~ 근데 얘기를 많이 듣고 너무 기대를 하고 봤기 때문일까..? 난리 칠 정도로 대단한 영화는 아니었던 듯; 요즘 영화 같은 영화가 그닥 없어서 득 본? ㅋ
10,보는 내내 긴장감  최고ㅎㅎ
7,한국영화 '더 게임'을 봤던 사람이라면 결말과 반전을 충분히 예상할수있었다... 친절한 복선은 참신했다
10,재밌다. 재밌다.굿.
10,오 재미있어요 영화는 상업용인데 이래야지진짜오랜만에 두번더보고싶은 영화발견
10,대박이다 좀 강하게 말하면 닥치고 보세요.. 말필요없음
9,지금까지 경험하지 못했던 부류의 영화였어요. 신선합니다
10,기발하다. 상영시간 내내 전혀 지루하지 않았다.
8,반전이랄것도 없이 어떻게 흘러갈지 빤히 보여주지만 그래도 섬뜩하다. 소소한 부분도 신경쓰는 디테일한 연출에 박수를 보낸다. .. 인간의 욕망에는 끝이없다.
7,과대평가된 B급 실험작
7,뛰어난 아이디어에 비해 허술한 구성이 아쉽다
10,재미있었지만 인생영화정도의 충격이 아님 그냥 스쳐지나가는영화
10,긴장감 넘치고 스토리도 좋고 재밌게 봤어요
10,이 영화에 10점을 주지 않는다면 어떤 영화에 10점을 준단말인가. 근래 본 영화중 최고인 것 같다.
9,"반전을 들어버림 ㅠ 그래도 인물들 행동, 대사 하나하나 놓치지 않고 보니 더 재밌었어요~"
10,긴장감 너무 좋았음. 최고 영화
10,오랜만에 몰입도 최고였던 영화. 강추
10,처음부터 끝까지 지루할틈 없이 재밌음 완전강추ㅎ 사운드 대박ㅋ심장쫄깃ㅠ
10,오래간만에 손에 진땀흘리며 봤다.스릴러 영화 요즘 그게 그거라 이런 재미 느끼기 힘든데 간만에 수작!
10,허 진짜 끝나고 또 보고 싶어지는 영화네. 지리게 잘만들었다. 복선도 대단한듯 이런 아이디어는 어케 내는거니
8,"국산 영화 곡성이랑 비교되는 영화국산영화는 쓸데없이 부여하는 3류 90년대 복선기법 , 의미 부여에 보고 나서 의문만 갖는 영화에 비해 새롭고 독창적이진 않지만 적어도 논리적인 전개 및 복선이 영화를 보고나서 깨닫게..."
10,영화가 진행되면서  일어나는  소소한  일들이 마지막에  소름으로  다가옴....헐~~
9,"긴장을 놓치기 힘들었던 영화시사하는 바는 뭔지 알겠는데 보는 내내, 그리고 영화관을 나와서까지 사람을 찝찝하게 만드는 여러 잔상들"
10,진짜 재미있게 봤어요 인종차별이란 주제로 이런 소재도 나올 수 있구나싶고 많은 생각을 하게 하는 영화였습니다.배우들 연기도 너무 출중해서 몰입하기에 너무 좋았고요.p.s.다니엘칼루야 너무 멋져요오
10,"마지막 장면에 경찰차 왔다고 손 드는 건 차별을 당연 시 여기는 게 아니라 개기면 총 쳐 맞으니 드는 거고, 난 이 영화에서 주인공 친구가 개 멋있었음 ㅋㅋ 오덕력으로 주인공인 친구를 살림 ㅋ"
9,구성이 너무 좋았네요.
10,뻔할거같지만 뻔하지않은 결말 재밌었어요
10,"상징적인 의미가 독보였던, 흑인감독의 영화!!!!"
8,다른 건 차치하고 너랑 봐서 좋았다
8,한국개봉한다고해서기대했는데재미져 재미져ㅋ 다무명배우들이라집중이더잘된듯ㅋ 좀짧은느낌이지만스토리엔맞는시간 자극적인장면은 자동 필터링되서 보기 편했음ㅋㅋ
10,와 허를찌르는것까지 완벽했다
