review,score
2.편을 제작하겠다는 강력한 의지 ,7
다 모르겠고 흑형 핏 살아숨쉬어 ,10
아만다 진짜 상여자임...존멋..간지오짐 ㅠㅠㅠㅠ잔인하고자극적인장면없어서 재밌게봄 ,8
자막에 상금 1만달러라고 오타있었어요 1만달러면 1000만원이라 상금이 싸다생각했는데  100만 달러였네요 ,5
관람객상금안줘서 빡친다 인간적으로 줄건줘야지 ,10
조조로 봤는데 영화관에 혼자있어서 내가 방탈출하게 만드는 대리체험 영화 ,10
모두가 예 할때 아니오 할 수 있는 용기 ,8
난 오히려 잔인하지않고 스릴있어서 좋았음! 볼만한 영화예요 ,8
와 방탈출 진짜 좋아하는데 영화 개꿀잼임ㅋㅋㅋㅋ ,10
초반부터 몰입감 쩌니까 오프닝 놓치지 마십시오 ,9
잔인하지않은 쏘우느낌? ,8
밍... 난 완전 재밌었는데 이런 탈출영화 넘좋 하 ,10
비수기 극장가에 단비같은 영화. 간만에 흥미롭게 본 영화. ,10
"오히려 질질 안 끌고, 빠른전개가 너무 좋았음. 지루하지않고, 꽤 잘만든 영화. 2편이 기대되는 영화. 실제로 방탈출게임 좋아하시는분은 무조건 추천. ",8
영화 자체가 노잼인건 아닌데 퍼즐 푸는 재미가 하나도 없음.시리즈로 만들 생각인거 같은데 딱 프롤로그 느낌나서 그정도로만 기대하고 볼만한 킬링타임용.2편 기대중. ,7
청소년용 큐브라고 보시면 됩니다 이런장르 관심있지만 잔인할까봐 못봤던 분들은 이걸 보세요 절대 후회안해요 ,10
수수께끼를 푸는데 너무 휙휙 푼다..흐음~~ 한번하더니 아!!  하는 느낌이랄까 ,6
관람객초반엔 몰입이 굉장히 잘되었다가 마지막에 살짝 뒤엉킨 느낌이 들어서 살짝 아쉬웠네요 큐브만큼은 아니지만 나름 재미있게 봤습니다ㅎㅎ ,8
큐브 순한맛. 아만다 존예존멋 ㅜㅜ ,7
관람객정말 별로 기대 안하고 보러갔는데 문제 푸는 과정도 재밌고 신박했으며 쓸데없이 잔인하거나 그런 장면없이 꿀잼이었다. 2편도 기대된다. ,10
이상하지는 않았고 나름 재미있음 후속작 나오면 보고싶긴 함 ,10
알바 아니구용 전 재밌었어용 ,10
관람객2까지 생각해서 만든거같은데개인적으로 이런류 영화는 큐브가 최고인듯..ㅎㅎ그래도 나름대로 볼만해요! 딱 잔인하고 무서운거 잘 못보는데 보고는 싶어하는 분들 추천! ,7
조이가 다 했음. 조이 없었으면 다 죽었다 ,8
요거 재밌음ㅋㅋㅋ 꽤 스릴있음 ,10
애인이랑 보고내려오다 에스컬레이터 갑자기 돌아가서 개놀랬네.. ,10
이스케이프룸= 지루할틈없는 영화 ,8
영화 10억 + 헝거게임 + 큐브 역시나 시리즈로 나누네요 또 기다려야하네 ,8
손발에 땀이나 죽는줄.. ,10
여전사 아만다가 참 멋있는 캐릭터였는데 빨리 죽으니 아쉬웠어요... ,8
전문가가 와도 탈출 못해ㅠ 으어어허엉 ,10
관람객난 개꿀잼 재밋게 봄 레알 ,10
"몰입감은 좋았으나 시작에 비해 끝이 너무 아쉬운 영화...풀리지 않는 떡밥이 너무 많고 뜬금없는, 뭔가 이해하기 어려운 장면들이 많았다. 그러고선 오글거리는 유치함으로 마무리...후속작 낼거면 신중하시길. 조이가 총...",3
마지막에 여주 소리지를 때 같이 지르고 싶었딘 ,7
관람객생각보다 너무 재밌게봣는데 방탈출카페는 한동안 무서워서 못갈듯ㅋㅋㅋㅋ ,10
"정말 재밌긴한데, 애초에 그들만이 이기는 게임에 산소통을 뒀을리가 없지않나 싶어서 조이가 살아난건 좀 억지였다는 느낌이 들었음 ",9
이거 잘 보고왔음~흑인여자애 똑똑해서 맘에 들었다 ,8
관람객시간킬링용으로 딱 좋습니다. 영화관에서 보면 4D본 것 처럼 머리가 어질어질해서 나와요. 재미는 있습니다. ,10
솔직히 쫄렸다...ㅇㅈ? ,10
생존자들 끼리 모아서 2탄나올듯 소롬 ㅎㄷㄷ 직쏘개 언제부터 부자임 ,10
관람객그 다음 편 기대가 됩니다요 ,10
재밌게봤는뎀... 브금선정을 진짜 잘한거같음 ,10
이정도면 보러갈만함~~ ,9
관람객 짱재미따룽 또보고싶다룽 ,10
어제 저녁에 보고왔는데 재밌어요!주인공들도 연기 다 잘하고ㅋㅋㅋㅋ 조이 귀여움 ,10
아만다 8번 공던지기는 정말 명장면 ,8
와 나는 ㄹㅇ개꿀재무아 다한증이라 손에 땀 에바였음요 다한증있으신분들 휴지나 암튼 닦을거 필수임요 저 혼자 손에다 시원한바람 불고 있었다니깐여 전 개꿀잼 또보고셒음 ,10
아쉬움이 많은 영화입니다.쏘우랑 비교를 하시는분들도 있는데훨씬 못미치는것 같습니다. ,6
심장이 쫄깃쫄깃ㅎㅎ목동 메가박스 09시 10분 G열 6번자리에서 보았습니당 ,10
이상하지는 않았고 나름 재미있음 후속작 나오면 보고싶긴 함 ,10
관람객재밋엇어요 ㅎ 왠지 2편이 나올거같은예감 ,10
쏘우+큐브 마지막 대사는 2편을 암시 ,8
이런류 영화는 꼭 사람 갈거나 사지 분리시키는 잔인한 장면 넣는데  이건 그런거 없어서 좋음 ,9
돈같은 쓰1레기 국산영화보다 `1000배는 더 재밌게봤음 ,10
오늘 보고 왔다. 신선해서 볼만했음 ㅋ ,10
"시나리오는 물론 배우들까지, A급은 아니지만 그래도 C급은 아니었던 B급 정도. 방 탈출 게임이란 소재로 접근한 것은 좋았지만 관객이 어느 정도 추리하며 나아갈 틈은 만들어줬다면 더 박진감 넘치게 볼 수 있지 않았을...",8
재밌었음!!!! 2편은 더 재밌을듯 ,10
"기대이상이었고, 후속작이 기대된다 ",8
사람마다 개인의 취향이란게 있지만 이 영화를 인생영화다 라고까지 극찬하는 사람들은 너무 알바인거 티내는거 아니냐? 적당히 해야지... ,1
죽음 앞에서 게임에 몰입에 되나? ㅋ 참..나같음 얼음나라에서 어떻게라도 원두막 그안에 들가거나 불태웠음.. ,6
이런 류의 영화를 하도많이봐서 별 감흥이 없음. 페르마의 밀실 이라는 영화 한번 보고오시길. ,7
관람객무서운 영화인줄 알고 긴장하고 봤는데 너무너무 집중해서 재밌게 본 것 같아요!!!작가님과 감독이 대단하다는 생각 드네욤~!~! ,9
기대이상으로 졸잼임 2편나와줘요 ,10
관람객2편 만들기 위해 만든 영화랄까? 그래서 더 기대되고 재밌었다 ,10
기대는 안해서있지  재미는좋아요 여자조이   마지막에 대단한데  영화시간도그리길지않고 딱좋아  혹시  또 2편이.? ,9
"눈치가 빠르진않지만 클리쉐를 너무 따라가는 플롯인듯. 똑똑하고 소극적인 여자아이가 살아남을거라는건 너무 뻔했고, 띨빵하게 아는척하는놈이 먼저 나가리된다는건 뭐 거의 공식아닌가? 마지막 살아남은 남자는 왜 굳이 살렸는...",4
"초반부터 중후반까진 매우 스릴넘쳤지만, 결말 부분이 아쉽다. 그러나 여주.. 미X거 아닌가. 거길 왜 또감? 남주 잘살아보려고 하는데 밥상 엎어버리네. ",8
1만달러는 넘 작지않냐? ,10
큐브+쏘우인데 끝까지 안 잔인하다는게 반전. 그런데도 재미있다는게 또 반전 ,10
댓글에 무슨 결말 유치하다 뒤로 갈수록 별로다 이래서 별기대 안하고 봤는데 안유치하고 재밌기만 하구만 ㅋㅋㅋ 나하고 엄마는 큐브보다 더 재밌었음 ,10
영화 잘만들었다..이런 영화 대부분 결론이 없이 끝나는데...결론이 있어 더 잼있었던것 같았다 ,8
관람객꿀잼 2편이 기대되는영화 ,8
재밌다  2편이기대된다 ,10
뭔가 조잡한 트릭.... 영화 연출을 위해서 그랬다고 생각해도 이해안되는 몇몇장면 ,5
겨우 1만달러(1천만원)에 사람목숨으로 상금을.... 난안함 ,8
"미쳣슴 .,아니 그냥 ,,5시간 본 줄 ,,, 손에 땀이 흥건했습니다,,,꼭 보세요 와후 ",10
관람객흥미진진하나 쏘우와 큐브 약한버전을 보는느낌 ,8
관람객아주 재밌습니다~~~!!!! ,10
긴장감 대박 지린다. 이런게 영화지 ,10
난 방금보고나왓는데 엄청재밋든데 사람들은다다르구나...내가방탈출을좋아해서 그런건가?? ,10
방 탈출이 하고싶어진다 ,10
개연성 안따지고 편안하게 보면 재밌음방마다 특색있어서 보는맛이있음 ,9
2편각이고 존나 살벌하면서도 존나 재밌다반전 지리네 ,10
와우 진짜 이번년도 꿀잼영화 보고왔음 추천!! ,10
존잼..간만에쫄깃하게봤음 ,10
간만에 재미있는 영화 봤습니다 ,9
관람객큐브같은 영화 좋아하는데 그런 느낌의 영화네요 재밌게봤어요 ,8
스토리와 메세지 등 모두 괜찮음. 잼있음. 흑인소녀 짱임. ,9
스릴러충인데 재밋워요!! ,10
관람객진짜 숨죽이면서ㅜ봤어요ㅋㅌㅋ ,10
관람객제가스릴러를좋아하는데  재미있게본거같아요 ,10
관람객계속 집중적으로 봣어요스릴넘치고 너무 재밋게봣어요!!팝콘먹을틈을 안주네요 ㅋㅋ ,10
재밌대 안재밌다는 개취이니 평가 패스하고.꼭 영화관에서 봐야 할 영화가 있고 그냥 침대누워서 집에서 봐야 할 영화가 있는데.이 영화는 볼거면 반드시 영화관에서 봐야 한다. ,7
큐브나 쏘우같은 인간 내면의 깊은 선악의 모습을 비춘게 아닌 그저 흉내만 낸 영화 이거 볼려고 결제하고 두번이나 못본 내가 의심스럽군 ,1
이건 최소 8점 이상이다. 꿀잼 ,8
진짜재밌게봤는데 다들 눈이 너무 높은듯; ,10
잔인하지도 않고... 쫄깃하니 잼나네.ㅎ ,10
관람객방탈출 대리체험 재밌네요 ,9
관람객생각보다 나쁘지 않았음 끝 ,8
"(큐브+ 페르마의밀실+ 쏘우) 세가지를 고어적요소나 난해한걸 잘 못보는사람들이 보기쉽게 짬뽕한 느낌. 이런장르를 많이본사람에겐 조금 밋밋할수있고, 잘모르는사람에겐 잔인한 장면없이 가볍게 보기 좋은영화. ",7
"방 탈출이라는 소재로 무작정 잔인하지도 않고, 스릴 넘쳤습니다. 그리고 무엇보다 스토리가 나름대로 탄탄해서 정말 몰입해서 봤습니다! 짱잼!! ",10
굿재밋어 몰입쩜 잔인하지도않고 ,10
몰입도 100% 진짜 재밋음 대박 ㅜㅜㅜ그리고 방탈출 할때마다 방 마다 퀄리티 개쩔고아이디어좋음 ,10
탈출영화여서 기대안하고 봐야지 하면서 기대하면서 봄 ㅋㅋㅋ 재밌게 잘봤다. 여자애 성격 바뀐거같아서 잘됐다 싶엇는데 끝이 똥닦다 만느낌 ,9
아침에 혼자 조조로 보는데문 앞뒤로 3개가 갑자기 쾅 하고 닫힘무서워 놀람긴장감 극도 흥분 최대 ,10
재밋다시간순식간에감 ,10
재밌지만 큐브는 넘사벽이다 ,9
시간가는줄 모르고 봤닼ㅋㅋㅋㅋ재밌어 ,10
cgv 21시 30분 / 개인적으로 가볍게 볼려고 들어갔는데 의외로 집중해서 봤네요. 나름 괜찮은 영화로 잘 만들었다고 생각합니다. ,9
신박 그 자체  끝나고 그냥 멍때림 ,10
손에 땀 주르륵.... ,10
다음편도 기대되는 엄청 꿀잼영화 시간가는 느낌도 모르고 흠집없고완벽한 영화다 진짜 하나도 놓치는장면도없고 다음편이 궁금한 영화!!!! ,10
마무리가 쪼금 아쉬웠지만 너무너무 재밌었다. 2편이 나와도 재밌을 것 같다. ,9
관람객굿굿 큐브같은 영화 좋아하는데 완전 강추!!! ,8
Ifc 18:40 봄. 재밌어요. 2편 나오는 듯! ,10
처음부터 끝까지 스릴 짱~~! ,10
흥미진진하고 스릴넘쳤던거같다 ,8
전 재밌게 봤어요 뻔한 전개일수있긴한데 볼만했어요 ,8
스포일러가 포함된 감상평입니다. 감상평 보기ㅠ 아만다 죽기 넘 아까운 캐릭터였음.. 그리고 조이 병실에서 죽은 척하다가 관계자들 줘팰 때 넘 박력 있고 멋있다 진짜ㅠ 제이슨은 몸 좋은 쓰레기ㅜ ,8
"생각보다 재밌네 .,.,.,. ",8
"무조건 외화 디스하지말고,  영화로서 평가해주소.시나리오, 연기, 스릴, 모두 훌륭하다.2탄은 비행기 씬으로부터 출발~~ ",9
관람객재미있다 하하하하 소소 ,10
관람객별로 기대안했는대 볼만함 ,7
관람객솔직히꿀잼인거같은데... ,10
아무리 경마가 끝났다고 말을 죽이진 않잖아.. ,6
동종류 영화 중 가장 재밌음 ,7
오랫만에 짜릿한 영화였습니다..정말 집중하게 만드네요 ,10
누구나 나쁜 기억이 있다. 그것을 잊어야 한다. ,9
이런영화 많이 만들어주셈 쏘우 큐브이후 끊겼음 ,10
"초대장은 청첩장,돌잔치만 받자 ",8
깔끔하다.. 이게 영화지ㅋ ,8
스포일러가 포함된 감상평입니다. 감상평 보기아만다 살 줄 알았는데... 언니 멋있었어요... ,10
충분히 볼만하다. 속편도 제작확정 이라는데 궁금해진다 ,10
캐릭터 개성이 각자 잘 두드러져서 흥미로웠다 ,8
"진심 시간가는줄도 모르고 봤네 이 영화 아만다,조이가 다함 ",10
혼자 집에서 킬링으로 봤는데 재밌는데??ㅋㅋㅋ 개인적으로 당구장방에서 손에 땀이ㅠㅠ ,8
잔인하지않은데 재밌는 탈출류는 이영화가 유일한거같다. 큐브 직쏘 등의 영화로 익숙한 플롯과 클리셰지만 잔인한장면을 넣지않으면서도긴박한 연출을 한다는것만으로도 높은점점수를 줄수밖에없다. 10점까진아니지만 평점이너무낮아...,10
냉동실에서 얼음을 손으로 녹이고있네 ,6
오락영화가 이 정도면 훌륭하지 뭘 더 바래. 비슷한 이름의 방탈출 영화 보다 이 영화 한 편이 모든걸 말해 준다. ,10
관람객극한상황에서 살아남기.아무리 상금이 많아서 체험하긴싫다 ,8
ㅋㅋ심장병환잔데 보다가 관객탈출하고 저도 죽을뻔했어요절대 혈압이나 심장병있는 사람은 보지마요 ,10
관람객스릴 대박이었음!!! ,10
관람객재미있게봤습니다 감사합니다 ,10
개유치하다 진짜로... ,1
관람객흥미롭게 봤어요 몰입감 있음 ,8
관람객재미있어요 충분히 영화관에서 볼만한영화 ,8
관람객진짜 첨부터 끝까지 몰입하고 봤어여 심장 쫄깃함 ㅠㅠ ,10
관람객긴장해서 보고 재밋었어요 ! 부모님도 재밋게보심 ,9
관람객스릴넘치는 장면의 연속이었습니다 ,10
관람객뭔가 시즌으로 갈 영화같음 마무리가 그랫음 ,8
졸잼인데 관객수가왜케적어 ㅋㅋㅋ 개잼졸잼 ,10
자꾸 댓글 알바 지 ㄹ ㅏㄹ 하는데 똑바로 보고 댓글 다는건가 ㅋㅋ 영화 안보고 주무셨는지 ?  1초도 딴생각 안하고 재밌게 봤음 기대그이상 ,10
꿀잼. 나 같았음 풀지도 못 했을거다. 지켜보는 입장이라 짜릿해하며 보는거지. ,9
"좋아하는 소재라서 재밌게 봤음, 캡마보다 더 재밌었음 ",8
지루할 틈 없이 초 집중해서 봄 ㅋㅋㅋ 직접적인 잔인한 장면 없이 쫄깃하게 해줘서 좋아요 ,10
"입소문좀 날거같아요 공포,스릴러라는 흥행하기 쉽지 않은 장르라서 150만정도 예상합니다. ",10
영화 재미있음 고어한 것이 안 나와서 더 조음ㅋㅋ ,9
방문열고 자야겠네 수벌 ,10
띠용 재밌구만~ 쏘우 + 큐브라고 그러는데 합친것보다 더 재밌구나 ,10
대박 ..♥....★ ,10
읭 이게 캡틴마블 보다 평점이 낮다고?? 왜???? ,10
재밌는데 왜 지루할까? ,9
"로튼토마토 보고오세요. 그게 진짜평점임. 같이 추리하려 하면 안됨. 지들끼리 문제 뚝딱풀어버림. 캐릭터를 주어진 시간에 묘사하기엔 역량이 부족한 감독, 3명정도 집중하려했지만 실패. 마지막 헝거게임, 메이즈러너 처럼...",2
영화관에서 탈출하고싶었다 ,4
쏘우 큐브 그런영화들 짜집기 한거 같은데 스토리도 없고 감동도 없고 반전도 없고.. 영화보고 나면 뭐지? 어쩌라고? 라는 생각이 드는 영화영화비 아깝다 후속편도 내지마라 ,1
생각 없이 봤다가 빠져들어서 봤어요 시즌물이면 2가 나온다는 건가요? 실제로 다음 시즌을 노린 엔딩으로 끝나긴 했는데 나온다면 저는 볼거에요 ,8
잔인하지고 않고 딱재밌음 7점대는 아니고 8점대 중후반은 된다! ,10
볼만함 ,8
스포일러가 포함된 감상평입니다. 감상평 보기뭐야 기대안하고봐서 그런가 시간가는줄 모르고봤음 스릴있고 캐릭터들을 파악해나가는 재미가 있음. 빠른전개와 잔인하지않아 몰입하기 더 좋았던것같고 조이가 독극물방에서 살아남은건 많이 어거지같긴함 어떻게해서 안죽었는지 보...,8
간만에본 넷플릭스 긴장감 넘치는 방탈출 영화. ,8
근데 소니새끼들이 계속 일본 사상 주입해 넣으려는 꼬락서니가 보여서 별로인 영화. ,6
연출이 문과네스토리는 좋은데 연출이 몰입감을 깬다컵에 무게를 주기 위한게 넘쳐나는데 물만 따르고 있고여기서부터 몰입감은 확 사라진다무식하면 뭘 해도 안 된다 ,4
영화 큐브와 쏘우를 따라한 아류작인데 볼만은 하네요. ,7
굳 방탈출 대리만족 재밌음 ,9
영화가 재미없진 않은데 나사빠진 느낌이 듦 ,6
20여년전에 만든 큐브가 얼마나 잘 만든건지 새삼 다시 깨닫게 해주는구나. ,5
이정도면 그냥 볼만한정도네 ,7
"예전 어렸을때 봤던 탈출영화(이스케이프(?))를 기대하며 봤는데, 실망했습니다. 연기는 대체적으로 평이했으나 중간중간마다 몰입을 깨는 과도한 연기에 '영화'라는 허구에서 벗어나지 못했습니다. 여기에 여...",6
쏘우랑 큐브 짝퉁... ,7
처음부터 끝까지 한 순간도 긴장의 끈을 놓을 수 없음. 영화 끝나고도 심장에 여운이...하..진짜 꼭 봤으면 좋겠다 진짜;..ㅠㅠㅠ아. 그리고 여기 배우/제작진 프로필 올라와 있는 순서. 스포일러니까 보지 말길 ,9
기대않고 봤는데 꿀잼 ㅎㅎ폭력적인 장면없이 스릴있고 좋았음엄빠도 같이 잼나게 봤음. 캐릭터들 개성이 강해서 누가 먼저죽을까 맞추는 재미도 있고 ㅋㅋㅋ 제이슨 몸매 너무 좋음 옷입지마... ,10
아..대박^^ 재밌네요.. 스릴만점~^^* ,9
탈출액션이 의외로 볼 만 했다. ,7
최고의 긴장감 미쳤다ㅎㅎ ,10
어마무시하다 보는내내 쫄깃하게 이입하며 봐서 정말 스릴있었다 나라면 ..  생각하기도 싫다.. ,10
스포일러가 포함된 감상평입니다. 감상평 보기보면서 데보라 앤 월 (아만다)가 이뻐서 아만다만은 살아남기를 계속 빌었는데 ㅠㅠ ,8
1만달러 맞는데 뭔소리지 ,8
2편 어떻게든 만들려고 의지가 보임 ,8
시간낭비‥ 왜봤을까 소잰좋은데 구성이 ,4
관객과 몰입되어 함께하는 방탈출 게임 !조잡한 면도 있지만 즐기기에 좋다. ,7
그냥 저냥 볼만한듯. 큐브가 생각나는데 아류작정도. 딱히 2편도 기대가 안네요. 킬링타임으로는 끝내줌 ,8
생각보다 괜찮은 영화. ,8
뭐야 재밌잖아ㅋㅋㅋㅋ ,10
웰메이드 오락영화. 2편도 만들고 싶어! ,7
2편이 기대됩니다.안무서운 쏘우 ㅎㅎ ,7
그냥 뭐 대단한거 안바라고 보면 볼만함. 딱히 큐브급은 아닌듯. 살짝 모자라는 정도? ,8
관람객재밌게 보고왔습니다 뻔한결말이지만볼만한듯 ,10
첫부분이 긴장감있어서 기대하고 봤는데 재밌게 잘봤습니다. 보통 기대하고보면 별론데 괜찮았어요~ ,9
본 뒤 재밌었다 하고 흘리면 되는 영화 너무 깊게 생각할거 없음 ,10
관람객스릴잇고 볼만햇음~~ ,8
적은 예산으로 잘 만든 영화인듯 ㅋㅋㅋ ,8
재밌음 ㅋㅋ 회시켜서 회먹으면서 봤는데도 몰입도굿 ,8
큐브랑 너무 비슷해서 신선하지는 않다 ,7
2편이 기다려진다 방탈출인데 잔인하지않은 쏘우버전 ,8
그 옛날 큐브를 보던때의 그 긴장감보다는 못미치지만 아류작으로서 나름 잘 만든거 같음 ,8
빠른 전개....긴장감... 아주 흥미로움 ,10
숨도 못쉬고봤네;;; ,10
그럭저럭 볼만함 시간때우기용 ,7
큐브가 생각나는 잘 만든 킬링타임용 영화 ,7
관람객재미있었는데 너무 무서웠다 ,8
지루할틈없이 봤음 재밌재밌 ㅎ ,10
관람객초반의 전개가 좀 신선했음 ,9
나름 재미있게 보았네요.. 마지막 장면이 후속편을 예고 한다고 할수도 있고..   이 게임에 참가한 사람은 절대  벗어나지 못하고 죽을수 밖에 없다는 느낌도 있네요... 탈출방(?) 만든 사람들은 엄청난 재력가들인듯...,8
2편을 제작할거 같이 결말을 만들어 놈 ,10
기대안하고 봤는데 괜찮다. 후반부에 흑인여자가 총들고 목조르던 남자 찾으러 걸어갈때 뒤에 어떤 스태프 보이는 옥에티 발견ㅋ ,7
아만다 상여자 ㅜㅜ 잔인한 부분이 없어서 너무 좋았고 몰입감과 스릴있었네요 후속작 기대되요 ㅎㅎ 꼭 봅니다 ,8
잔인하지 않고 스릴있고 몰입도 있고 재밌게 봤음! ,10
큐브의 순한맛... 꽤 볼만해요~ ,8
뻔한 내용이긴 하지만 이런 영화류의 재미는 탈출과정과 다음은 어떤 방이 기다릴까? 아니겠어? ^^ ,8
아만다 언니 멋쪄요 bb양자 제논 효과 bb ,9
아니 일단 베댓에 자막 상금 1만달러가 오타라고 하는데 상금 텐싸우전드 달러라고 분명하게 말하는데 무슨 ㅋㅋㅋㅋ ,9
"나만 당할 순 없다는 심보로 일부러 점수 높게 준 건가? 내용 진짜 형편 없었다. 이걸 보느니 1997년작 ""큐브"" 보는 걸 백만 번 추천한다. ",1
이정도가 적당하겠다 좀 유치하네 ,6
연출도 감각적이고 꽤 볼만 한데요? 그저그런 영화일 줄 알았는데 괜찮아서 놀랐습니다. ,9
오랜만에 적당하게 쫄깃한 영화 ,10
크게 잔인한게없어서 좋아요 ,10
소재가 참신하다면 참신하고 진부하다면 진부하지만 후속편을 기대하게 만드는 흡입력이 있었다. ,8
이런거 첨 적어본다처음부터 끝까지 스릴굿 빈전굿 잼씀 ,9
"돈, 어스 보고나니 이스케이프룸이 젤 재밋엇다 최근영화중에 ㅎㅎ보는내내 몰입도와긴장감!!2편이기다려짐 보러가야징~~ ",9
스릴최고 ㅠㅠ긴장감몰입간 최고입니다 기대이상입니다 ,10
방탈출좋아하는데 요즘 본 영화 중 젤 재밌네용 ,10
관람객이 정도면 예산만 많이 들인 실속없는 한국 영화들 보다는 훨씬 재밌는 오락 영화였다. ,8
2편 빨리 나와라 개꿀잼 ,10
"여러 이상한 영화만 봐서 요즘 씁쓸했는데, 이건 진짜 끝장난다, 물론 10점쩌리는 아니지만.. 그래도 상대적으로 끝내주는 경험을 제공해줬기에 기분삼아 10점 준다 ㅋㅋ ",10
영화 진짜 재밋어요 !! ㅋㅋ ,10
2편이 기대되는 영화네요 방탈출 무서움 ,8
큐브가 생각나긴 하지만 볼만함 ,7
"몰입감  너무 좋아요,,, 공포영화도 아닌데  심장이 쫄깃했던 ",10
볼만함 흥미진진 리얼하더라 ,8
생각보다 재미있었다. 평점이 왜 7점대인지 의아.. 손에 땀이 계속난다 ,8
2편을 꼭 봐야할 이유!Maze Runner 를 압도할 영화!!! ,10
정말정말 재밌게봤어요 ㅋㅋㅋㅋ딱히 볼거없어서 봤는데 전혀 후회안함!! 손에 땀 범벅되도록 긴장하면서 봤습니닼ㅋㅋㅋ2편도 나올거같던데 매우 기대중!다만 중간중간 연기나 연출이 좀 읭? 스러웠던 부분들이 있어서 1점만 ...,9
잔인하지 않고 재밌는 스릴러 영화입니다 ,10
한국 영화 알바들한테 평점테러 당한 영화 ,10
2개봉하자마자 바로 볼꺼다 ,10
2d영화가 몰입감이 이렇게 좋을수가 있다니 ,10
재밌고 진짜 잘만든 영화인데 너무 심장 쫄리게 긴장하고 무서워서 보는내내 힘들었음.. ,10
잼있다~간만에 재밌는 영화봤다 ,10
관람객흑형 솔직히 넘나 멋있음 진짜 ,10
여자혼자 심야영화로 혼자 봤어요. 캡틴마블 보다가 잤는데 이스케이프는 한순간도 눈을떼지못하게 하더군요 손발에 땀을쥐고 봤습니다.영화관이 혼자라 나오는데 카운터에 사람도 없고 불다끄고 직원들 퇴근한 메가박스 부티끄.....,10
"개꿀잼. 각 방마다 연출이 뛰어나고, 배우들도 대단함 ",10
난 개인적으로 정말 재밌었음 방탈출  게임을 좋아해서 그런것도있지만지루할틈없이 빠른전개가 좋았음 ,10
관람객푹 빠져서 본 것 같아요~잔인함이 없어서 더 좋았고 스릴 넘치고 조이 반전~담에 기대 되는 영화네요~^^ ,8
너무 재밌구 흥미롭구 신선해요 ,10
정신없지만 재밌다. 캐쥬얼한 큐브? ,9
관람객영화 시작하자마자부터 몰입감 쩔었음 ,10
큐브 순한 맛인 영화임 중간에 마약장면 머리 빠게지는 줄 ,5
캡틴마블보다 재밌다고 봄 ,8
밀실 영화에도 해피 엔딩은 존재한다는 것을 일깨워주는 영화 ,8
꿀잼이다 그래도 소재를 좀더 살릴수있었지않았을까 ,8
진짜 이렇게 밍밍한 공포 영화는 처음이야 정신 없이 비명 지르고 저 여자애 혼자 다 해먹는 ,3
관람객심리를 이용한 스릴러 재밌게 봤어요 ,10
졸잼이었다. 기대이상 ,10
보는 순간순간이 아찔하고 긴장감 넘치네요. 하지만 여자 주인공이 어떻게 살아나게 되었는디 정말 궁금하네요.해석이 안되어 아쉽습니다.2편 예고 기대합니다 ,8
기대안하고 봤는데 너무 재밌었음 개인적으로 시즌 2 나올거같음 ,10
잔인한 장면은 없었는데 스릴갑 ,10
관람객몰입감 최고! 자칫 비급 영화로 될 수 있는 소재인데 너무 잘 살린것 같다 ,8
머리가 나쁘면 개고생이라고 말한  박평식 평론가를 2편주연으로 추천합니다.평점 4점 주셨으니 끝까지 살아남으시겠죠?ㅎㅎ전 제일 먼저 죽는다에 한표 ^^ ,8
개쌉노잼 무슨 연개성은 다 말아먹었고 스토리 얘기하고싶은건 알겠는데 너무 질질끌면서 딱 나오는 해답도 안주는 개쌉노잼영화 ,1
저는 엄청재밌게봣네요 추천추천! ,10
"아이디어, 소재는 좋았지만 3류 b급 영화급 연출과 전개, 껼말. 보는 내내 짜증만. ",1
관람객생각보다 재밌었음 속편나왔음좋겠음 제발 ,10
손발에 땀나 죽는줄....개재밌어요 ,10
관람객조마조마 하면서  재미있는영화 ,10
안잔인한 쏘우 + 덜 재밌는 큐브 ,6
관람객이거 보고 방탈출 가니 하나도 안무섭네 ,8
"나름 재밌는데, 스크린 상한제랑 홍보에 뒤쳐져 빛 못 본 영화인듯 ",10
관람객닥터 우탄유 No way out ,8
너무 허접하다.재미없다.궁금하지도 않고 ,3
클리셰 집합소.. 긴장되고 숨막히는 느낌보다는 하품만 계속 나왔다 ,3
재미없어 미안...ㄴㅇ ,6
진짜 재밌게 봤어요 ㅋㅋ 후기 잘 안남기는데 캡틴마블보다 훨씬 재밌게 봤습니다 ,10
간만에 띵작입니다. 후회안함 다들나올때 재밋어하더라 ,10
이거 재미없다는 사람은 죄다 평론가냐? ,10
쉴틈이 없다. 오락영화로 보면 좋음 ,10
흑형 기럭지+몸 밖에 생각안남. ,8
예상 가능한전개에 긴박함도없고 뭐가재밌다는건지 그냥 b급 그이상도아닌영환데 ,3
딱 킬링타임 영화. 같이 추리하면서 보려그러면 100%실망하지만 관객들을 같이 긴장시키는 연출과 배우의 연기에 감탄했다. 10점대는 아니고 8점대 초반 정도의영화 ,10
"흑인쿼터제와 함께 전개되는 어설픈 긴장감깝치면 제일 먼저죽고, 가장 나약해보이는 자가 끝까지 살아남는 전형적인 스토리누가, 왜 이 방탈출게임을 하는 것인지에 대한 설명부족으로 방에서는 탈출하나, 스토리는 여전히 갇혀...",7
전 재미있게 봤어요 ㅎㅎ ,10
재미잇엇어요무섭고내용도 ,8
관람객킬링타임용으로 나쁘지 않음 조이 넘 똑똑하고 용감해ㅠㅠ ,7
최근에 영화들 보면 노답들많은데 단비 같은 영화임 돈아깝진않으니 고민하지말고 고고 ,10
조별과제가 영화로 나왔구나^^ ,8
음 괜찮았어요 생각 보다 ㅎㅎㅎ  쏘우 마지막 편보다 나음 ,10
관람객2편이 기대되네요..재미져요 ,10
관람객재미있네요 간만에 재미있는영화봄 ,10
예고편 보니 큐브 시리즈 최신작 보는거 같아요 ,10
관람객굿입니다아아아아앙. ,10
스릴있고 잼나네요ㅋㅋ근데 뭔가 2프로 부족한느낌?? ,8
"스릴 넘쳐서 영화관에서 외마디 비명도 질러버렸어요,, 킬링타임용 그 이상입니다!! ",10
"몰입도 쩔음,,! 큐브랑 쏘우 섞은 느낌 ",10
스토리 짜임새가 아쉽지만 방 하나하나의 개성이 뚜렷하고 맘에 들어서 10점ㅎㅎ ,10
어휴 너무 재밌었어요 ㅠㅠㅠ ,10
색다른 영화였음 진짜 재미남^^ ,10
저 방에 들어가면 바로 인생퇴장해서 탈출해야겠다! 5분도 이ㅆ고싶지않아 ㅠㅠ ,9
관람객증말루다가 잼있어유~~굿굿 ,10
쓰레기 몰입감 1도없고 재미도 없고 주인공 캐암 캐릭터 ,4
너무 뻔하당.. 내시간 돌리도 ,2
아만다 살려내라!!!! ,10
관람객스릴넘치고 재밌었어요 ㅎㅎ ,8
네이버 평점 다음부터는 믿고거르기로함인생영화같은소리하네 혹시 백색소음들어야 잘수있는사람은 가서 보세여 잠 잘옴 ,1
일단 영화에 대한 몰입감이나 배우들의 연기? 그런건 그저 그렇지만 나쁘지는 않았습니다... 하지만 진짜 문제는 스토리 전개입니다. 뭔가 죄다 떡밥만 뿌려놓고 회수하지 않은게 너무나 많습니다. 2편이 나온다고 해도 별...,4
개연성 전혀 없고 회수하지 못한 떡밥들만 가득 ,4
음주충이 내로남불 하는거 진짜 개 역겨움. 흑형은 나름 당위성이라도 있지 음주충은 이미 사형당했어야 할 쓰레기가 뭐가 그리 당당한지. 그리고 여주인공은 아무런 능력도 없으면서 흑막 찾아가겠다고 하는거 무슨 생각인지 ...,1
킬링 타임용으로 확실한 잼있는영화 ,10
숨쉴틈없이 봤어요옆에 사람은 계속 움찔움찔해서 그덕에 저까지 움찔했네요ㅋㅋ ,10
28년 인생 역대급영화... 0.1 초도 지루한순간이 없었다 ,10
영화 시작 전이라지만 큰소리로 떠들지 좀 말아 주세요... 다 큰 대학생이 그러면 못 써요 ,8
왠만하면 안적는데 이건 알바쓰레기들의 평점 조작이다 겁나 재밌다 진짜 큐브랑 쏘우 합쳐논건데 그것들보다 딱 2배 재밌음 아쉬운것도 있지만  ㅋㅋ ,10
안본사람 없게 해주세요 ㅠㅠ 영화보는 내내 엄청낭 긴장감에 손이 땀 범벅인채로 봤어요 몰입감 최고 ㅠㅠ 엄청납니다 꼭 보세요 !!! ,10
"낚였다 평점에,, 영화 끝날때까지 예측되는 줄거리 ",4
방탈출 생각보다 재미짐 ,9
"솔직 노잼까진아닙니다. 진짜 볼만함, 2가 기대되는데...평점테러하시는분들은 취향이 정말 다른분야이신듯... ",8
이 영화는 발암물질 그 자체다. ,1
큐브도 아니고 쏘우도 아니고. 예측과는 다를줄 알았지만 예측대로 흘러감에 놀랐고 반전이 있을줄 알았지만 반전이 없는것에 또한번 놀랐다. ,2
별로임돈아까웟어요에휴 ,4
"혹평다는 알바들 종종보이는데,, 확실히 승릴있고 볼만합니다~ 이거보고 재미없다는건 진짜 알바라고 생각됩니다아 ",10
DVD로 돌아다녀야 할 수준임.진짜 개연성도 없고 스토리도 빈약해서 아무나 2~3일 동안 야 방탈출에다가 살인 접목시켜서 어떻게 줄거리 짜지? 하면 누구나 짤 수 있는 수준임 거기에다가 돈떡칠. 영화 설명 끝 답없음...,2
정말할말이없습니다.. ,4
최고다 캡틴마블보다몇배는 재있다 ,10
재미없다진짜 ;;평점에낚였네 ,1
난 별로 큐브급을 기대했지만... ,4
그냥 죽여주세요 현기증 난단 말이에요ㅠㅜㅜㅜ 처음부터 끝까지 긴장감 최고!!! ,10
별점 하나도 아깝다.. 2편제작 실화냐 ,1
방탈출 영화인줄 알았는데 영화관을 탈출하고싶네요 ,1
방탈출 덕후라면 더 재밌게 즐길 영화 이런 방탈출 카페 있으면 한번쯤 체험해보고 싶은ㅎㅎ ,10
제발보지마세요 차라리 치킨사드시길 ,1
왠만해서는 댓글 안다는데...영화보다 영화관을 탈출했음 ,2
박평식의 평론은 주로 옳다. ,4
너무 재미있게 봄 2가 너무 기대됨 ,10
생각보다 재밌음 2편 기대중!! ,8
아무 기대없이 봤는데 예상 외로 스토리가 매우 흥미롭네요 잔인하거나 폭력적인 영화 싫어해도 볼 수 있을 듯 완벽하진않지만 충분히 재밌는 영화 ,8
인도새끼 진심 죽이고 싶었음 ,10
어휴 내 100분 돌려주라짧다고 봤는데 그냥 킬링타임용도 안되는 2편을 위한 영화네.왜 그들을 가뒀는지 어떤놈들이 그랬는지에 대한 떡밥이 어떻게 전~~혀 없을수있냐ㅎㅎㅎ진짜 노잼이다.. ,2
직소가 큐브를 만났을 때 ,1
질질 끌지 않고 빠른전개가 맘에 드네 볼만함 ,8
킬링타임용으로 좋음 집에서 넷플 볼때 끝까지 집중해서 안보는 경향이 있는데 이 영화는 잘봤네요 2편을 만들기위한 의지가 보임 ,8
,10
볼만했습니다 추천 ㅎㅎ ,8
긴장감있게 잘 봤네요! 약간 잔인하지 않은 쏘우같은 느낌도 드네요. ,8
방탈출류 중에 반전과 몰입도 최고 ,10
아 잔인하고 자극적인 장면없이 진짜 박진감 넘치고 몰입감 최고인 재밌는 영화네요 조이짱 ,10
묘하게 실제로 존재할것 같아서 무서웠다.. 돈 있음 다 할 수 있는 세상이니까.. 스릴 있게 봤다 ,8
잔인한 걸 못보는데 다행히도 잔인하지않아서 좋았어요!스릴러물답게 긴장감있고딱 제 수준 ㅠㅠ ,8
정말 재밌었다. 잔인하지 않은 스릴러였다. ,10
쫄깃 쫄깃합니다 추천추천 ,10
몰입감 짱 처음부터 끝까지 손에 땀을 쥐고 보게 한다한시도 지루할 틈이 없다 소름 ,10
몰입해서 잘봤어요! 그런데 결말이 좀 햇갈리네요ㅠㅠ ,10
2가 나오길 기다려지네 ,10
,8
 로스트인스페이스에 나온 여자애네요 연기더잘하고 이뿜 ㅎㅎ 영화잼써요 ,10
그래도 이번달에 나온것중 젤 괜찮은것 같은데 ,10
평점이 왜 7.94점 밖에 안돼죠???노이해ㅋㅋㅋㅋ손에 땀나네요2나오면 영화관에서 볼거에요!!! ,10
전개가 빨라서 시간가는 줄 모를정도 완전 킬링타임용 굿 ,7
"스포일러가 포함된 감상평입니다. 감상평 보기대놓고 아류작이라 떠오르는 작품이 많지만 기대 보다는 볼만했고 오락성이 다분해서 보는데 지루하진 않기때문에 킬링타임용으로 제격인 영화, 자신들이 과거의 겪은 경험으로 퍼즐을 풀어나가기 때문에 빠르게 풀어나가서 관객이...",6
머 그럭저럭 괜찮은 볼만한 영화 ,7
,10
간만에 스릴있네   연기도  괜찮고  후속작 무지 기대된다 ,10
,10
진정한 스릴러... 손에 땀을 쥐게 함 ,9
,10
,6
"잔인한 장면은 없지만 왠지 모르게 쏘우가 생각나네요, 전체적인 분위기랑 대사들. 넷플릭스에서 무서운 영화 보려고 호러 카테고리 들어가니 있기에 봤는데 호러보다 스릴러가 아닐까 싶은.. 영화관에서 봤다 쳐도 돈 아까울...",7
무난하게 볼만한 방탈출게임 이랄까...큐브+쏘우 느낌. 7점 ,7
두번 봤는데 너무 재밌게 잘 봤습니다. 진짜 인생영화  보려고 고민중이시라면 보는걸 꼭 추천 드릴게요 ,10
스포일러가 포함된 감상평입니다. 감상평 보기한명한명 사라지면서 공포감을 증폭시키는스릴러영호ㅏ 맨 마지막에 2편이 나올거라는기대감을 주고 엔딩 이편 기대되내요 ,9
끝까지 계속 넘치는 긴장감..! 역대급 리얼 방탈출!! ,10
"한국영화 ""10억"" 이랑 비슷한 느낌이네요 ",6
큐브보다 순하단 것 빼곤 다를게 없단 평이 많은 것 같은데 큐브를 본 적 없는 입장에서 꽤 재밌게 봤음 큐브도 보고싶네... ,8
진짜 재밌게 봤다. 기대이상이고 몰입감 높고 스펙타클하다. 가족들이 다 같이 보기에도 좋다. 불편한 부분이 없다. 엔딩까지 진짜 좋았다 ,10
자극적이지않으면서도 지루하지않게 내내 볼슈있엇어요~옛날의 큐브만큼은 아니지만 재밌게봤습니다 ,10
우와 포스터만 보고 3류영화일줄 알았는데 대박영화네요 ㅋㅋ 큐브나 쏘우류 영화인데 잔인한 장면없이 스릴감있게 잘만들었음 저처럼 이런류의 영화보고싶지만 잔인할까봐 못보시는분들은 꼭 보시길!2도 나오기를~~ ,10
,10
손에 땀을쥐게 했으니 합격! ,7
잔인한 면에선 쏘우의 하위버전 적당히 짜임새있는 스토리와 연출면에선 상위버전이다. 오락영화로 충분히 합격점을 받을만하다. 맥주와 땅콩이 아깝지 않을 영화다. ,6
,10
2편이 기대되는 영화 ,10
,10
잔인하지 않아서 너무 좋았음~~^^ ,6
잔인한장면 없이 지루하지않고 심장 쫄깃하게 봄 결말로 갈수록 살짝 아쉽지만 후속을 기대하게 함 ,8
"퀴즈를 풀어나가는 것이 아닌, 열쇠 찾기. 그저 어떻게 죽일 지만 고민한 흔적이 보인다. ",7
킬링타임 최고 ㅋㅋㅋ케 ,10
몰입감 좋고 빠른전개 좋고 재미지게 잘보았어요2탄  기대되네요~ ,10
긴장하며 보게 되는 영화. ,8
8점대 영화다. 평점 조절 ,10
완전재밌어요 스릴 대박 ,10
"방탈출게임을 소재로 했는데 방탈출 자체도 꽤나 흥미로웠고, 전개과정 역시 나쁘지 않고, 지루하지 않았다. 최근 형편없는 영화를 많이 본 탓에 이 정도 영화면 훌륭하게 느껴졌다. ",9
보는 내내 긴장감이 미쳤어요.. 적당히 잔인하니 너무 재밌게 봤어요! ,10
전체적인 스토리는 갠적으로 좋아하는 큐브 이런 느낌 같네요(살짝 쏘우도?)잔인한 은없지만 즐겨보면서 사람들의 능력 을 보는 느낌 재미있어요 ,8
잘 만든 영화. 적극추천 ,10
영화가 끝났지만여전히 탈출하지못한 찝찝한..느낌이 남는 영화 ,5
"초반과 중반까지는 긴장감 넘치며 흥미로운데, 결말은 김빠진다. ",6
나름 스릴있고 흥미진진한영화 재밌었다!근데 노골적인 2암시...는 좀 ,7
큐브와 직쏘와 같은 장르들이 비빔면 마냥 짬뽕 되어 있긴 하지만 나름 또 신선하게 봤던 것 같다. ,8
지루 하지 않고 게임즐기는듯함 괜찮 ,6
매우 재미있었습니다... 배우분들의 연기력도 좋았고 감사합니다.ㅎㅎ ,9
사장 개때리고싶다. 죽은애들은 멍청 ,6
'방탈출 게임'이란 소재에 쏘우와 큐브를 혼용한 어딘가 덜 떨어져보이는 혼합물 ,6
마지막까지 몰입력은 최고근데 엔딩 뭐냐 이 찝찝함 ,8
상금과 흥미로 시작한 게임이 예상과 다르게 탈출구가 전혀 보이지 않는 거대한 미로에 갇힌 공포로 밀려온다. 인생은 연극과도 같다. 연극이 끝나면 오직 죽음만이 있을 뿐이다. ,8
2편이 넘 기대되는 영화 ,9
그래도 꿀잼이었다 한번봐 ,10
나름 집중 잘 되는 영화 마지막이 조금 너무 2편을 강조 ,9
새가슴이라서 무서운 장면 없는데도 무서웠다... ,8
"쏘우, 큐브가 생각나는 영화. 순한맛도 좋았습니다. ",7
스릴있다 재밌음 짜증난다회사 ,10
방탈출 게임이 현실화 된다면 이런 식이겠지? 전체적인 틀은 큐브 나 쏘우의 아류작 같으나 요즘 인기인 방탈출 소재로 잡은 면에선 괜찮은 스릴러였다 ,7
속편 못나올듯 ㅋㅋㅋㅋ ,4
기대안하고 봤는데 재밌었음! 반전도 좋고 마지막에 사이다가 아니네? 하는데 2편 제작의도보고 아하 했음ㅋㅋ ,10
큐브 다시 보고싶게 만드는 영화 ,7
이런거 좋아하시는 분은 재미있게 보실수있습니다. 꽤 잘 만들었어요 잔인하지도 않구요. 다만 퍼즐에 대해서 심도있게 다루기를 원하시는 분들은 좀 시시할 수 있겠네요. ,8
이렇게 몰입 잘 된 영화 처음이다.손에 땀이 차게 하는 영화 잘 없는데 재밌음 ,10
나름 나쁘지않음 킬링타임정도로 보기 좋은 영화 ,8
생각보다 흥미진진하고 몰입감이 최고인 방탈출 ,7
몰입감좋아요추천합니다 ,8
흔한 설정이지만 킬링타임용으로 적당합니다. 방탈출카페가 급 땡기네요. ,7
끝맛이 아쉽긴 한데 이정도면 수작 ㅎ몰입감 있었어요 ,8
몰입감있고 재미있는 영화였음 ,8
딱 킬링타임용으로 좋음! 개연성은 없지만 잔인한 장면 바로 안보여주고 괜찮아요! ,10
이 정도면 볼만한데 좀 더 중심  배후 인물. 그 놈의 비밀이 안 밝혀져서 아쉽다. ,8
큐브 순한맛ㅋㅋㅋ몰입도 최고 ,8
관람객적당한 스릴 적당한 재미 ,7
룸이스케이프를 본후 보니 이건 대작띵작 ,10
기대이상! 영화관에서 봤으면 더흥미진진 했을듯! 잔인한 장면 없이도 긴박함 + 스릴있게 재미있었고 질질끄는것없이 빠른전개에 스토리가 있어서 좋았음! 2탄이 나올것같은데 기대중!!! 꼭 영화관에서 봐야지! ,10
나는 너무 재밌었다ㅠㅠ궁금증 해결해가는 재미도 있고 근데 속 시원한 설명 없이 찜찜함 그리고 마이크 죽은게 너무 허무했고 캐릭터 설정도 좀 많이 바뀌고 설명이 부족해서 제대로 해석이 안 되니까 답답함ㅠ누가 마지막에 ...,9
꽤 연출이 잘 된 영환데? 2편도 기대하겠음...퍼즐이 어설프지 않어... ,8
와... 몰입도 진짜 쩐다 ,10
몰입감 높다. 볼만한 영화네 ,10
오랜만에 괜찮은 영화를 봤다.. ,10
킬탐용whsjtfd ,4
결말을 각오하고 봐야되는 영화 ,1
2 나오겠군 그럭저럭 볼만함 ,6
그냥그냥 볼만했는데 무섭진 않았어요결말이 시시하고ㅜ ,7
7.6 (10자 제한) ,7
재밌어요 방탈출 하고 싶어지는 영화네요 2편도 나오면 꼭 볼게요 얼른 나와줘요ㅠㅠ ,10
꾀 흥미진진했다. 소프트한 쏘우 혹은 큐브라는 표현이 맞다. ,9
평점보고 재밌을거같아서 보고선 OOOO영화라서 욕할라고들어왓는데 내가본게 2017이스케이룸이였음ㅡㅡ 2019년도꺼는그냥저냥볼만함 2017년도꺼OOOO입니다 보지마셈 ,7
근래 본 영화중에 이전 본 큐브와 가장 근접한 영화. 현대적 감각에 맞게 잘 살렸네요. 평점은 9점인데 점수 깍아먹는 놈들 때문에 10점 줌. ,10
깔끔하고 스릴있음.. ,9
관람객뻔할것같지만    그러나   나쁘지않은  전개 ,8
개꿀잼 방탈출 좋아하면 한번쯤 볼만해요조이 아만다 사랑해ㅜㅜㅜ ,10
큐브? 직소류의 잘만든 아류작! ,7
오 재밌어!! 굿굿2 나오는게 봐야지 ,10
9점. 탈출하고 병원에서 24시간동안 현장에 안가봤다는게 신기. 디테일적으로 보면 말이 안됨. 24시간이면 다 치우고도 남지.. 그리고.. 우텐유는 너무 어거지다..ㅋㅋ그리고 시뮬레이션 하는것도 소름. 마지막에 조이...,9
지루할틈이없다 존잼 크 ,10
다시 보고싶은 맘은 없지만 보면서 흐트러짐없이 몰입할 수 있는 영화.. 플러스가 부족할지언정 마이너스는 없는 영화.. ,8
재밌네~ 아무생각없이 보기에 딱이네 ,10
관람객시간도 잘 떼우고 돈 아깝지 않은 영화. ,7
♥?재미있어요 잔인한 장면이 직접적이지 않아 좋아요 ,10
방탈출판 쏘우. 쏘 쏘. ,7
몰입도도 좋고 캐릭터 설정도 좋았어요 ,8
큐브1의 열화판... 속편 제작을 위한 엔딩부분이 너무 별로 였음 ,6
이 영화과 실화를 극화했다니 ㄷㄷㄷ ,10
상당히 큐브스럽다. 볼만은 했음. ,8
큐브보다 더 잼있는데 후속 기대된다 ,10
2편까지 잘봐야 10점 줄듯 ,8
2편에서의 발전을 기대하며 ,5
마지막까지 완전 쏘우인데? ,7
"쏘우,큐브같은 영화 좋아하는 사람이라면 재밌게 볼 수 있을듯 ",10
기대안하고 봤는데 나름 ㄱㅊ ,8
게임을다시시작하지2편 나오겠어요 ,8
평점이 괜찮아서 봤는데 결말이 전체적 전개랑 맞질않다고 생각하는건 나뿐인건가..나쁘진 않았지만 끝이 왠지 이질적이랄까 아쉬웠다.긴장감있게 몰입해서 보다가 한순간 김빠진 콜라처럼 맥이 빠지는 느낌.납득이 안되네.왓더....,5
빠져나와도 여전히 감시 받는게 너무 섬뜩하네요. ,10
그냥 시간때우기용. 시간은 잘 가지만... 이런류의 영화를 좋아한다면 큐브를 보시길... ,4
단순 킬링타임용 수준을 벗어나지 못한다. 쏘우도 아니고 뭔 게임을 그리 좋아하는지 ,5
쏘우도 아니고 주인공들한테 어떤 원한이 있는지 이유도 안나오고 천재 여자애랑 폐인이랑 둘이 2탄을 새로 꾸미면 알려준다는거임?? 근데 캐릭터들이 좀 발암임. ,7
퍼즐은 재미없고 인물들은 쓸데없이 시끄러움+ 클리셰 ,2
진짜 방탈출 게임을 간접적으로 체험하려면 강추한다! 다만 폐쇄공포층 생길지도 모르겠네! ,7
몰입도있고 볼만합니다. ,8
2편애선 이러지말자.. ,4
"이렇게 몰입감있고 재미있을수가...시간도 적절했고,시간 가는줄도 몰르고봤네 ",10
"정말 흥미진진하고 재밌게 시간가는줄 모르고 봤는데, 평점이 너무 낮네요~ ",10
기대를 안해서 그런지 생각보다 갠춘함... ,8
오 시간가는줄 모르고 재밌게 봤네 ,9
전형적인 킬링 타임용 오락물. 볼거리도 있고 내용도 흥미진진하니 볼만했다. ,7
방탈출게임 대리체험. 재미는 있다 ,6
이영화를 큐브에 비비네... 내취향은 좀 아닌듯 ,1
시간이 빨리가는 신기한 방 ,8
영화 '큐브'에 조금의 현실감을 불어넣은 듯한 느낌. ,8
나쁘진 않았다. 근데 좋지도 않았다. ,6
인간의 극 흑인배우들이 너무 매력있게나옴 ,10
중반까지는 페르마 밀실같이 흥미진진하다가 몸매담당이 죽은뒤부터 개판되는 ~ 흑여동생 짜증남~ 2편 만들지마라 제발 ,5
얼음 장면은 어이가 없었다. 볼만은 하지만  어디 추천하기는 좀... ,6
관람객그냥 쏘쏘 흑형 핏 지리는것만 기억남뒷태보고 우와 오.. ,6
"오래전 큐브란 영화를 꽤 인상깊게 봤는데, 쏘우와 큐브를 아주 절묘하게 잘 섞은 업그레이드 작품... 잔인하거나 무서운 장면은 없으나 진짜 심장이 쫄깃해져서 엄청 재밌게봄. ",10
쏘우보다는 잔인하지 않아서 좋고. 큐브보다는 좀 아쉽지만 오랜만에 재미나게 봤다. 후속편도 궁그메 ,10
"ㄱ그럭저럭 볼만은 한데, 고작 상금 1만달러 준다고 꼬셔서 사람을 재미로 죽이는 설정은 납득이 안 된다. ",5
방 별로 테마가 뚜렷해서 좋다. 특히 바와 당구장이 어우러진 방은 극한의 스릴이 있다. 그저 방안에 갇힌게 아닌 스토리가 있어서 남달랐던 영화. ,8
"밀폐된 공간에서 극한의 상황이 주어졌을 때, 사람들의 반응을 보여준 점도 좋았고, 스토리 자체도 나쁘진 않지만 뻔한 점이 있어서 놀라움이 떨어진 게 아쉬웠음. 2편 나왔으면 좋겠긴한데 어떻게 될지... 그리고 1만달...",8
 청소년 미국드라마 같아요 방탈출시리즈 ,6
대놓고 '큐브' & '쏘우'를 접붙이기 해서 탄식만 엄청 나옴. 미국 출장 가는 기내에서 손바닥만한 화면으로 본다면 딱 그정도에 적당 ,2
"[가장 현실적인 평점] 1~3점:쓰레기 / 4~5점:살면서 모르고 살아도 무방 / 6점:뭔가 나사빠진듯 2% 부족 / 7점:그런데로 평타 / 8점:이정도면 남에게 추천가능한 수작 / 9점:소름, 전율이 느껴지는걸작 ...",6
큐브에 쏘우를 결합해서 시리즈물을 노린다. 2탄 나오겠는데. ,7
억지 탈출에 좀 유치함. ,4
재밋긴함 관객이 같이고민하고 퍼즐을풀어나갈수 있는 상황이면 더재밋었겠지만 너무 숨겨진 개인사정이야기라 ,8
정말 재미있게 봤습니다!!! 적극 추천합니다!!! ^ ^ ,10
게임 통과했으면 살려줘야지 운영자 통수 지리네ㅡㅡ ,10
몰입도 높아요. 긴장감 있구요. 꼭 쏘우처럼 피흘리며 잔인하지 않은데도 말이죠. ,8
관람객2편 은제나오냐 얼른 나와라 죽이지말고 ,8
감정적으로 움직이는 애들 때문에 답답한 면이 있긴 했지만 전체적으로 볼만했다. 근데 ten thousand dollars 천만원 맞는데 베스트 리뷰 왜 저렇지? 그 번역가 때문에 번역가에 대한 불신이 커진건가? 여러...,8
보면서 메이즈러너가 생각나는 건 나뿐인가?위키드라는 회사나 탈출하고 나니 또다른 세계가 있다는 설정 등 비슷한게 많네...오히려 큐브나 쏘우같이 19세로 했으면 더 좋았을 걸... ,4
흥미로운 소재와 초반의 흡입력은 좋았는데 장르적인 재미가 부족하고 중후반에 긴장감이 떨어진다. ,4
새롭진 않지만 큐브와 쏘우를 적절히 잘 섞은 느낌. 오븐 룸과 뒤집힌 방의 방구현도 인상적. 흑인 여주인공 테일러 러셀도 매력적 ,7
오랜만에 엄청 몰입하면서 본 스릴러 영화. 2편은 더욱 탄탄해져서 돌아오기를 ,10
"2편 나오겠군큐브같은 영화,지루함없이 시간 잘감재밌음 스티브가 범인임 ",6
입맛만 다시다 옴~~ 어디선가 전부  본거같은 느낌~~  제목을 데자뷰라고  했어야...나름 긴장을 준다고 주는데  하품이 나옴~~그래도 3점은 돼겠죠 ,3
이 영화를 보면서 내용에 대해 운운하는 사람이 있는데.. 니네 방탈출 게임 안해봤지? 며칠씩 고민하며 방 하나씩 깨는 재미 안 느껴 보고 이 영화 평하는거지? ㅋ 에효... 이건 방탈출 게임을 영화한 거야. 방탈출 ...,9
평식이형 평가는 잘못되었다. 때론 몸을 써야될껄 머리만 굴리느라 개고생 할 때도 있다. ,6
2편꼭봐야지 ㅋㅋㅋ 간만에 재밌게봤음 ,10
난 재밌는뎅..? 평점 왜케 낮아요 ,10
잼있는데 평점 낮네 나름 킬링타임용으로 추천 ,9
재미있음. 긴장감도 있고. 시리즈 계속 나올만함.킬타임으로 완전 최고.추천. ,9
극장에서 안본게 넘 아쉬움. 대박 재밌게 봤네요 ,10
생각보다 잼있음 ㅋㅋㅋ ,10
평식이형한테 방탈출게임 시키고싶다. ,9
"이런 류 영화는 항상 개 잔인했는데, 애들도 볼 수 있을듯 ",8
그럭저럭 잘 만들었네.. ,7
이따구로 영화 만드냐 평점보고 영화본다 ,2
재밌게봤긴한데 왜 갑자기 실검1위냐 ,10
수많은 탈출 게임의 아류작. 그럼에도 끝까지 집중하게 만드는.. ,7
와 기대안하고 봤는데 대박왜 흥행못했으까 싶네요속편나오면바로봅니다 ,10
방금 올레티비로 보고 바로 평남기려달려왔음 개꿀잼 지루한부분없이 끝까지 스릴있게 달려감 개인적으로 만족 2편나오면 바로 볼 예정 ,8
간만에수작 2편도 기대중 ,10
우와 심장이 쫄깃해짐 ㅋ ,10
소재가 좋아서 그런지 재미는 있다. 단지 디테일이 부족하다. ,7
뭔가 허술하단 말이지.. 긴장감도 떨어지고... ,6
탈출하는 방법이 극적이거나 감탄할 정도는 아니다 ,5
긴장감보다는 어수선한 ,6
관람객재밌어요 좀 어지러워서 멀미났지만 ㅠㅠ ,10
돈 안 주네?ㅋㅋㅋ이게 바로 현실이지 ,8
"스토리,연기,연출 모든게 다완벽ㄱ ",10
관람객다음편이 나올 것 같은 내용입니다 ,10
난 이거 기대안하고 그냥봣는데손에 좀 땀낫음 이탄나오묜 볼의향 99.9 ,8
"개인적으로 꽤 재밌었음,중간에 긴장감유발하는장면도있고 반전도있고...엔딩엔 2편제작한다는거도 떡하니 떡밥뿌려놨고, 큐브,쏘우 이런거처럼 잔인하지도않음(시각적으로는) 걍 19금 잔인한거싫어하는사람들이보기엔 좋은거같음벤...",10
요런 스릴러 예전까지는 잘 안 보러갔는데 이건 좀 재밌었음 ,7
관람객B급 영화 기준으로 봤을땐 재밌음 ,7
관람객불만합니다 ㅋㅋ 2편기대합니다 ,8
관람객몰입감이 상당함 ! 2편이 기대되네요 ,7
관람객집중도최고 너무재밌게봤어요 ,10
관람객시간가는줄 못랐던 영화네요~ ,9
킬링타임용으로는 괜찮은영화. 어스보단 훨 낫습니다. ,8
난 재밌었음~^^ㅎㅎㅎㅎ ,10
재밌는데요 ㅋㅋ 지루할 틈없이 흘러가고 눈쌀찌푸리는 잔인한장면 없어서 좋았어요. 2탄예고는 좀더 미스테리학 했음 좋았을듯 너무 많이 보여준듯하네요ㅋ ,10
관람객정말 재밌게 봤어요 !! ,10
관람객생각보다잼있었음 나름 신선ㅋㅋㅋ ,10
관람객지루하지않고 재밋습니다 ,10
으~~~어뜨케~~하면서 다 본 영화 ,8
큐브보다 아쉽습니다 조금만 다듬으면하는 아쉬움 ,7
2편이 나오면 꼭 보러갈듯 100분이 10분마냥 흘러가버릴정도의 몰입감 ,10
재밌게봤습니다 보세요 ,10
관람객긴장감 쩌는영화 스릴있어요! 방탈출좋아하면 재밌게볼듯 ,8
관람객2가 기대됩니다. 젭라 제작 좀. ,8
관람객볼만해요볼만해요볼만 ,8
관람객2편보고싶다 빨리나와라 ,8
관람객꿀잼입니다 꼭보십시오 ,10
여친이랑보다 오줌쌀뻔 ,2
관람객스릴이 넘쳐소 손에 땀이 좔좔 재미있었습니다 ,10
그냥별로 노잼이었어요 ,5
재밋당재미재미잼잼잼 ,8
여자친구가 별로라 함 ㅠ ,5
관람객재미있었어요 2편 나오면 또 봐야겠어요 ,10
관람객쏘우를 기대했다가 큐브를 본 느낌. 신선하게 잘 섞였다. ,9
아 영화관독점 너무심하네요 상영관좀 더 늘려요 쫌 ,8
관람객진짜 뻔하디 뻔한 나용 2편을 만들겠다는 강력크한 의지 ,2
존잼이엇음ㅋㅋ 1초도 딴생각안남 ,10
숨 참으면서 봤습니다 역대급 재밌네요 ,10
관람객예상보다 꿀잼이넴ㅎㅎ ,8
전 되게 재밌게 봤어요 그리 참신하지는 않았지만 나름 흥미진진? ,10
관람객보고나서 방탈출게임 하고 싶어짐 2편 보고싶다 ,8
관람객생각보다 은근 긴장하면서 봄 ,6
관람객스릴러나 공포로 기대하고 가면 실망하는데 가볍게 보기 재밌음 ,7
볼만하네요...캡틴마블이나 악질경찰보다 차라리 이게 낫네요큐브나 쏘우의 연장선...그때처럼 신선하진 않아도 후회는 안새요 ,8
관람객2가 나올꺼같은 강한 의지 ㅋ그냥 볼만햇어요 ㅋㅋ 실감 잇엇다능 ,7
관람객음 이거완전 아닌거 같은데 ,8
관람객강호동 나오는 방탈출이 훨씬 재밌어요 ,6
꿀잼. 킬링타임용으로 최선의 선택 ,10
"글래본 영화중에 잴 났다  캅틴,사바하,엄복동 기대이하 ",10
"내용적인 재미(방탈출 문제 해결)가 아니라 눈으로 보는 재미가 있습니다. 내용은 좀 아쉬워요. 나만 빼고 배우들끼리 방탈출하는 느낌,,, 왜 이렇게 해결되는지 설명이 너무 부족해요 ",6
관람객잔인한데 재밌네요~보시길 추천드려용~ ,10
텐 싸우전드 달러라고 똑똑히 들리더만 뭔 만달러가 오역이래? ,8
보는 내내 손에 땀이... ,10
대박!! 두근두근! 재밌어요! ,10
잔인하지않고 흥미진진했음 ,10
지금보고 나왔는데 재미있었음 근데 이렇게재미있는데 보는사람이 합쳐서 20명도 안된거같음..그리고나는  공포장르는 무서워서 안보는데 맨처음 cgv라고 나올때가 재일무서웠고 그다음부턴 별로 안무서웠음ㅋ재미있는데 광고많이...,10
관람객재밌게 봤어요2편나오면 보러갈것같아요. ,10
볼만했어요 이런영화 좋아함 2편 나오면 보고싶을것같음 ,8
진심 존잼잠시도 지루할틈이 없었음혼자보는데 중간에 깜짝 놀라는 부분에서 크게 놀라서 개쪽팔렸음;;진짜 잘 만들었다 강추 ,10
관람객그럭저럭 볼만한 영화입니다 ,7
관람객아만다 사랑해요 여자가 봐도 섹시함 ,10
짱잼 2편 나와라 !!!! ,10
전날 일부러 큐브보고 갔는데 핵잼ㅎㅎㅎ 진작 볼껄!!! 스릴만땅 ,10
재밋음 긴장 쫄깃쫄깃흠 ,8
쏘우같은 끈적하고 잔인한 살인게임을 생각했다면 오산. 제목그대로 방탈출게임. 각자의 스토리라인과 누구나 갖는 약점들이 돋보여서 무난하게 볼 수 있었음. ,6
"재미없다고 하시는 분들이 많아서 걱정 했는데,의외로 몰입감도 좋고 지루하지 않아서 재밌게 봤습니다.저처럼 방탈출 좋아하시는 분들은 대리만족도 느껴져서 재밌게 보실겁니다.영화에 스토리도 오히려 탄탄하고 현실적인 요소들...",10
진짜 괜찮았습니다! 스릴있고 좋았어요!! ,10
정말 긴장되고 손에 땀이 날 정도로 소름끼쳤다 극한 상황에  처했을때 인간 본연의 모습을 볼수 있어 좋았다 ,9
방탈출게임 영화라고만 생각했는데 그 안에서 사람들의 본질적 성향과 사회에서의 위치가 이어져 공감이 많이 되었습니다. 나는 과연 어떤 유형의 사람일지 생각하게하네요 ,10
와 ㅈㄴ 재밌음 ㅋㅋㅋ 손에 땀 엄청 남 ;; 이렇게 흥미진진하고 스토리 탄탄한 영화 오랜만이다 ,10
숨도 못쉬고 재밌게 봤습니다! ,10
와 긴장감 대박.. 시원시원하게 흘러가서 좋았지만 확실히 떡밥들을 마니 흘려놓고 가심 2편 잇고 막 그런 영화 안 좋아하는데 2편 나오면 기꺼이 보러 갈거임.. 킬링타임용으로 굳굳 ,10
관람객2편 기대됩니다 재밌어요 ,8
관람객쫄아서봤는데 막 잔인하지않고 내용흐름이 명확해서 좋았어요! ,8
이정도면 무난하게 볼 수 있다. ,6
방탈출게임 옛 큐브라는 영화가 생각났지만 그것과는 조금 다른영화. ,9
"유사한 영화들이 기존에도 여럿 있어 방 탈출하는 과정엣의 도전, 감동, 패닉 등 대략적인 흐름은 예상 되었지만, 확실히 감독이 기존 작품들과 다르게 스토리를 끌어갔고 각 캐릭터마다 나름대로의 스토리가 있어서 아주 흥...",10
재밌었음 같이 보러간 언니도 만족 ^^ ,10
재밌기만한디ㅋㅋ감독님이똑똑하시네 ,9
나름 긴장감 넘쳐서 재밌게 봄. 근데 방탈출할때 뭐 단서 찾으면 먼저 말하고 나서 행동하는게 국룰아님?! ,8
관람객스토리는 좋은데 스릴은 없네요... ,6
몰입도 최고! 시간 순삭! 그래서 2편은 언제 나옵니까?! ,10
긴장의 끈을 놓칠수 없다 ,10
2편ㅠㅠㅠㅠ꼭만들어주석요 ,10
큐브를 받는 순간주터 끝까지 긴장감 ,9
킬링타임용Soso ,7
15세라 아쉬움 ㅜ 큐브 생각하고 보면 심심할 수 있는 영화임 ,5
관람객킬링타임용으로 딱 좋다는 생각. 후속작 낼 계획인거 같아보이네요. ,8
관람객재밌었네요 2편나오면 또 볼게요 ,10
숫자도 모르는 사람이 자막 넣었나;;; 번역가 누구임?? ,9
관람객재밌어요 엄청나게 깊은 이야기는 없고 가벼운 오락영화라고 느꼈습니다 ,8
관람객재밌어요 2편도 기대되요! ,10
광명롯시] '쏘우'나 '메이즈 러너'류의 탈출영화인데 그냥 양산형 느낌이다. 뭔가 너무 착착 맞아 떨어지는 인위적 설정이 거슬리고 저 예산스러웠다. 2부가 나올 수 있을지는 모르겠다. 식...,7
최근 1년 간 본 영화 중 제일 몰입감 있게 봤음 ,10
역시 영화는 내가 직접 봐야해 나름 재밌고 긴장감도있었는데 평점보구 안볼뻔했네 ㅎㅎ ,8
징그러운 장면 하나 없이 스릴있고 재밌었습니다!! 2편 빨리 제작해주세용 ㅎㅎㅎ ,9
관람객보는내내긴장을늦출수가없엇다.. ,10
관람객정신없이 봤어요ㅎㅎ 2편도 나올거같아요! ,10
완전 재미났음. 빨리 2편 나왔으면. ,10
관람객2편이 나온다는건 당연한 얘기혼자 봤는데 시간 잘 보냈어요 ,8
신선했고 재밌었어요ㅎㅎ약간 무섭기도 하고처음부터 끝까지 스릴도 있고 내내 긴장하면서 봤음. 이정도면 만족! 볼만합니다. ,10
"이거  후속작 나오고 만약  범인이  조이 교수님이면 그나마 스토리 좀있겟다막 그래서 땡스기브 전날에 교수가 조이한테 ""도전해봐라""  그런거고 떡밥 던지듯이..  뭔가 스토리상으로 아쉬움 ",9
와 지금보고나왔는데 스릴쩌러여 졸ㅈ오오올잼ㅋㄱㄱ ㄱㅋ ,10
나름괜춘!!!볼만해용 ,8
관람객시간떼우기에는 매우 좋았다. ,8
"방금 봤슴. 볼만함.돈,시간 안아까움. Final destination 같은 느낌. ",8
관람객적당히 시간 때울만한 영화입니다. ,8
기대 하나도 안하고 봤는데 진짜 재밌게 봤어용 !! ,10
관람객재밋네요2편나오면볼거에요ㅎㅎ ,8
재미있음 정말로  2편기대 ,8
관람객우얄꼬 우리 대니...다음생엔 게임 마스터로 태어나렴.... ,8
관람객영화보는뎅 완전 스릴넘쳥 ㅎㄷㄷ ,8
영화내내긴장하며롤러코스터탄거처럼빠져들며봤어요영화끝나서도결말이아닌속편이나올꺼같은엔디이었어요 ,10
관람객스릴은 넘침 마지막이 조금 아쉬울뿐 ,8
관람객인생영화 등극. 초반부터 끝까지 손에 담을 쥐고 봣ㅆ어요 ,10
와 시간 가는 줄 모르고 봄 진짜 개잼 ,10
결말이 좀 그래서 그렇지 중간과정은 흥미진진하게 봤내요. 그럭저럭 볼만은 한것 같습니다. ,7
관람객나름대로재밋었음 ㅎㅎ 기대는하지말고보세욯 ,8
절대 큐브 짝퉁이 아님... 큐브보다 볼거리 다양하고 재밌었음 손땀 장난아님ㅜㅜ ,10
관람객안무서운 쏘우 재밌었음 ,8
그냥 평범했어요 생각없이 보긴좋은 킬링타임용 ,7
관람객재밌었어요~~~>< ,6
관람객2편 나오면 볼듯 비급 영화치고 재밌습 ,10
힌트들은 좀 뻔했지만 몰입감 최고였어요 ,9
평점이 별로 안좋길래 그냥 기대 안하고 봤는데 진짜 방탈출 하는 느낌에 몰입감 좋고 전개도 답답하지 않게 나가서 더 마음에 들었어요 탈출하는 룸 각각도 실감나고 흔하지 않아서 재미있게 봤습니다. 2 얼른 보고싶어여ㅠ...,10
조금더 잔인해도 나쁘지 않았을듯한데~ 나름 볼만한 영화~ ,8
뻔한 스토리지만 캐릭터들을 아주 잘살렸다 ,8
오프닝부터 끝까지 몰입해서 본 영화. 무엇보다 제이슨 핏 예술인듯 ,10
근데 이거 보고 방탈출 못가겠더라 예약했가가 나오면서 취소함 ㅋ ,8
흥미진진하고 볼만한영화였어요~ !! ,10
평안좋아서 걱정했는데 생각보다 괜찮네요~ ,8
정말 집중해서 봐서 시간 가는지도 모르고 봤어요 신선한 소재라 재밌게 본것같네요 ! 재밌어요 ! 스릴도 있고 자극적인 장면도 없어서 추천추천 ,9
관람객너모 재밌었어요 짝짝 2편나오면 꼭봅니다 ,10
첫장면이 스포일줄이야 ,8
영화를 보는내내 쫄깃쫄깃했습니다. 나오면서 단서를 찾아야겠다는 느낌부터 드는 영화 ,10
쏘우 와 큐브를 교묘하게 짱뽕한 영화           제일 먼저 죽은 사람 너무 뜬금 포로 죽음             말많고 나대기 좋아하면 제일 먼저 요단강 건넌다는 걸 보여 주고 싶었던건가?? ㅋ ,6
관람객생각외로 몰입되서본영화 재밋어요 ,10
얼음 언제 깨지나 조마조마 ,8
편의점 레시피를 먹은듯한 느낌. 내가 먹는게 떡볶이인가 아님 스파게티인가. ,7
지루할틈이 없음 꼭한번보세요 ,8
"방탈출 게임의 묘미를 적당히 집어넣고, 캐릭터도 적당히 맞추고, 전개에 필요한 설명 적당히 짜고, 속편 암시도 적당히 넣었다. 잔인하지도 않고, 킬링타임으로 참 적당한 영화. ",6
잔인한거 잘 못보는 사람으로서 이런 장르의 영화를 잔인하지 않게 만들어준거에 만족. 근데 자막 아쉽.. 상금 뿐만 아니라 중간중간 뭔가 번역이 애매한 부분들 여럿있음 ,8
"솔직히 이런 영화가 있는지 영화 보는 당일까지도 몰랐다. 하지만 예상보다 재밌고, 2편이 기대된다. ",8
관람객킬링타임용~~~~.. ,8
관람객초입부는 재미있으나 후반으로 갈수록 지루하다 ,6
2편울 내놓아라 ㅎㅎ 탈출 소재영화 존나 좋다 ,10
와.... 보고왔는데 ㄹㅇ 우리반 담임쌤 넣고싶다 ,10
지루할틈없이봤네요이편기대됩니다!! ,10
재미있네요 흥미진진합니다 ,10
관람객시간가는줄모르고 봤어요 강추해요 ,10
관람객긴장감이 계속되는 좋은영화 ,8
관람객캡틴마블 보다 더 잼나게봤음 후속편 기대됨 ,8
"최근 트렌드(방탈출 게임)를 잘 반영한 오락 스릴러 영화임, 긴장감과 연출이 좋았음, 큐브 쏘우같은 밀실 영화 매니아라면 좋아할것임 ",10
관람객역시 쏘우를 보는듯한 누뀜~속편을 만들겠다는 의지 ㅎㅎㅎ ,6
반전도있고 재밌게 봤어요.2편 나오면 또 볼꺼에요. ,8
떡밥 회수를 못한점이 없잖아 있는데 결말을 보면 2편 나올것에 대한 복선이 있으니 그러려니. 방탈출이라 추리물을 기대하고 본다면 노잼이고 오직 스릴러를 기대하고 본다면 재밌음. 난 후자였기 때문에 재밌게 봄. 별로 ...,9
관람객손에 땀나더라고요 재밌았음 ,8
스릴 액션 장면들은 즐겁다 ,8
관람객이런느낌의 영화는 처음이라 신박하고 재미있었다 볼만함 ,8
관람객집중해서 보게 되는 영화 기빨림 ,6
관람객재밌게봤어용속편기대 ,8
큐브와 쏘우느낌의 긴장감 아쉬운 마무리..초중반까진 아주 좋았는뎅.. ,8
"외국스릴러,액션영화를 엄청좋아하는데 졸린상태여서 보면서 졸면어쩌지했는데 보는순간 잠 다깨고 진짜 재밌게 봤습니다!! ",10
관람객재밌습니당~ 2편 나온다면 볼 의사가 있어요 ,10
생각보다 존나볼만했음. ,9
처음 5분이 제일 재밌는 영화. 방이 6개인데 3번째 방에서 이미 심각하게 질린다. B급인데 양산형이기까지 한 요따위 영화는 이제 어디서도 안통한다. 2편 예고는 진심이냐고 묻고 싶었다 ,5
관람객큐브와 소우의 발전형 방탈출게임. 이런 스타일은 물리지 않는다.... ,7
관람객괜찮게 봐써요 쬐금 허무하지만 ,10
쏘우를 봤다면 심심했을것이고 그렇지 않다면 볼만했을듯 ,6
관람객스릴넘치고 재미있게 봤습니다^^ ,10
관람객부모님이 재밌게 보셨어요 ,8
관람객잔인한 장면이 있을거라 생각하고 봤는데 오히려 진짜 재미있게 잘 보고 나온것같습니다!! ,10
관람객너무너무너무너무너무너무너무 ,10
최고!!2편 빨리보고싶어요 ,10
관람객공포 스릴러 싫어하는데 흥미롭게 봤어요! 영화 끝났는데도 직원분들이 문 안열어서 직접 문 열고 나가고 팝콘 정리하시는 분들도 안계시고 선반만 있어서 뭔가 탈출 성공한 기분이었어요ㅋㅋㅋ ,8
그다지 잔인하지않고 첨부터 끝까지 스릴넘침 ,10
진짜 시간가는줄 몰랐다. ,10
관람객한 번의 지루함 없이 처음부터 끝까지 쭉 스릴 있었음. 너무 복잡하지 않아서 전개도 매끄러웠으나 치밀함과 결말은 조금 아쉬움. 조이 역할 배우 매력있음 ,9
진짜 내 취향 저격 방탈출 같은거 좋아하는사람한테는 강추 단 폐소 공포증 있으면 비추천 이거 보고 잘 수 있나 겁나 시끄러운데 ㅋㅋ ,10
쌉오짐 ㄷㄷㄷㄷ진심5+5^?% ,10
꿀잼 꼭보거라 중생들아 ,10
이런 영화는 재미 없을수가 없음 몰입도 대박임 ,10
관람객결말이 좀 아쉽긴해도 내용전개는 재밌었음 ,9
몰입감 쩐다 ㄷㄷㄷ 속편이 기대됨 ,10
관람객게임을 시작하지.낄낄낄ㄹㄹ ,8
관람객쏘우 청소년 버전입니다 ,8
관람객첫장면에서 스포만 하지않았다면 끝까지 긴장감이 유지되었을텐데... 그것이 아쉬웠지만 나머지는 정말 좋았습니다 ,9
좀 에바임...이건 너무했다  처음부터 2편갈려고 작정하고만든영화 ,6
나도모르게 몰입됐다. 아 어깨아파ㅜㅜ긴장하고봄ㅋㅋ ,9
진짜재미있었음 친구랑 봤는데 하루종일 영화얘기만함 ,10
"2편각이다보는내내 손발에 땀 엄청났고 팝콘다부수면서봄,,,손으로 ",10
관람객볼만했습니다2편 나오겠네요 ,8
기대안하고 봐서 그런지 재밌었음. 그냥 가볍게 보세요. 잔인한거 안나옵니다.. ,9
관람객원래 방탕출좋아해서 시간가는줄몰랐음 2편나왔으면 ,8
큰 기대하지않고 봤는데 심장 쫄깃하고 시간가는줄 모르고 봤어요. 엔딩이 속시원하진않지만 고구마답답은 아니었어요. ,10
볼때는 재밌는데 보고나서 현타오는 영화 ,8
재밌다....진짜...재미도있고....스토리도 괜찮은데...멘탈약하거나 트라우마같은거 있는사람은 비추해용....저 멘탈강한데 중간부터 토할뻔했어요....2편 나오면 볼거같긴한데 하....ㅠㅜ 그래도 재미는있었으니.....,8
관람객대단한 영화에요! 소름돋았던 부분이 많음 ,8
걍 개꾸르~~~~잼ㅇ이에요ㅋㅋㅋ ,10
진짜재밌게봤음 ㅋㅋㅋ ,10
반전의 반전으로 2편 예고하시넴 ,7
그냥 그렇다.   더도말고 덜도말고 그냥그래 ,6
영화 큐브의 이미테이션 시나리오 ,6
빠지는 부분도 없고 특출란것도 없다 ,6
흠.... 두근두근하다가 푹 꺼지네요 ,6
크러쉬 룸에서 내 뼈가 다 아픈 기분 ,8
관람객큐브 같은 영화 기대했는데 큐브가 나온 시절 이랑 비교해보면 큐브가 잘만든거구나..하고 생각했습니다 ,6
만달러 맞는데??  영어 ten thousand 달러라고하는거 안들리나ㅋㅋㅋ 100만달러가말이되냐 ,10
조오오오오온나 잼있다 한번 더 보고 바로 방탈출 하러갈꺼임!!!! ,10
용두사미식 영화.초반 몰입감 높고 스릴있지만 퍼즐을 푸는 방식에서 개연성이 많이 떨어지고 결말이 심각할 정도로 허접함. ,4
심각하네 수준이... ,1
큐브 이후로 하나도 발전한 것이 없다. ,4
넷플로봤은데 몰입감 장난 아니었음.. ,10
꼭 봐라 진짜 개꿀잼이다 ,10
스포일러가 포함된 감상평입니다. 감상평 보기결국은 모든 방들안의 물건들은 홀로그램으로 제작된 것이었다. 그래서 탈출 후 다시 찾아가봐도 텅빈 방뿐이 발견되지 않아 경찰이 단서를 잡을수 없었던것. 그리고 살아남은 주인공을 위해 또 다른 홀로그램을 (비행기 안)...,8
재밌는데 왜 평점낮지 이해무 ,10
조올라 재밋네 ㅋㅋ 2 꼭 나와라ㅜㅜ 간만에 쫄릿하고 재밋는영화 발견평점 최소 9점이니 꼭 보세여쏘우나 큐브 같은거에용 ,10
뇌보단 몸으로 해결하는 신개념 방탈출 ,1
와 손에 땀 오짐 개재밌어 구성도 좋다 ,10
재밌네~영화관에서 봤으면 더 재밌었겠당다음편도 기대되네~ ,8
좀뻔한그리고 유치한영화 ,3
뭔가 있을줄 알았는데...망한 이유가 알겠네..떡밥만 오지고 ,1
관람객재미졋음 좋았음... ,10
관람객초반부터 몰입감 쩌니까 오프닝 ,7
난잼있게봤음 몰입감 쩔었고 큐브 쏘우 페르마의밀실 합쳐논거같았다 이런종류 영화 잼있게 보신분은 분명 잼있게볼거임 평점 8은된다고봄 ,10
내가 본 올해 최악의 영화. 개연성도 없고 몰입감도 없음 ,1
초반에 너무 지루해요 무슨 말 하는지도 모르겠고 초반에 쓸데없이 질질끌어요 ,6
짧은 러닝타임으로 인해 캐릭터 분량이나 개연성이 아쉬웠지만 뛰어난 연기력과 연출로 인해 충분히 아깝지 않은 100분 ,9
스릴있고 재밌게 봤어요. 지루할 틈없이 빠져듭니다. ,10
최근에 본영화중에서 제일 긴장도 높고 재밌는 듯 ,10
훌륭한 타임킬링 영화. 어디 어설픈 방탈출가서 2~3만원 버리고 오느니 이거 한편보는게 더 신남. ,9
진짜 식상하고 재미없습니다. 쏘우시리즈나 큐브  안 보셨다면 꼭 보세요. 그럼 왜 제가 재미없다고하는지 아시게될껍니다. ,4
너무 재밌다!!! 완전 몰입해서 봄 ㅋㅋㅋ난 너무 재밌어서 평점 기대했는데 의외로 평점이 그저그러네 ~ 하기사 사람마다 취향이 다르니까.뭐..이건 남들이 아니오하는 와중에 예!해야되는 상황인가?ㅋ 난 너무 재밌었음 ...,10
텐 사우전드 달러라 1만 달러가 맞는데 상금 오타고백만달러라는 말에 공감 이렇게 많은건 무엇? ,7
반전.생각.추리력이 요구되는 스릴러 영화는 전혀 아니다. 관객이 어두워진 영화관을 돈내고 탈출해야 하는게 스릴러였던거 같다. ,3
재미없는데 평점이 생각외로 높네.. 별루임 ,4
존나 허접한 삼류영화그이상 그이하도 아님 ,4
관람객흥미진진. 2편도 기대해볼만 ,10
지루하지않고 재미있습니다 ,10
관람객ㅇ이런 좋은 영화들이 많이 나왔으면 하네요. 추천합니다 ,10
관람객재밋긴한데 엄청까진 아니엇당 ,6
"오락영화로써는 충분, 하지만  잘만들어진 영화라고하기에는 글쎄... ",5
관람객킬링타임으로는 멍때리고 보기엔 아주 괜찮은 영화지만추리좋아하시는 분들께는 추천하고싶진않네요전체적으로 개연성이 떨어지는 것도 흠입니다그래도 간만에 아무생각없이 볼수잇는 재밌는 영화네요ㅎ시간가는줄몰랐어요 ,8
다 필요없고 이건 꼭 봐야 한다 ,10
관람객좀뻔한스토리에 수준이좀낮은듯한연출이었습니다.좀실망요 ,6
관람객손에 땀이나요!!!! ,10
"영화가 끝나면 직원분이 문열어놓고 퇴장안내해주는데,,문 늦게열어주셔서 우리도 갇힌줄알았네여... ",10
꿀잼인데... 평점 왜 낮지....영화끝나고 한 10초는 사람들 다 멍하니 앉아있었음... ,10
영화끝나고 나가려하는데 좀 늦게일어나느라 사람들 다 나가고 저랑 친구랑 둘만남았는데 괜히 갑자기 문닫히면서 영화처럼 될까봐 친구데리고 빨리나왔습니다....저는 그정도로 몰입감 쩔..!! ,10
관람객잔인하지않지만 스릴넘침 ,7
영화끝나고 출입문나가려면 단서를 찾아야 하는지 순간 기대했다. 이런이벤트 한번 해볼만하지않나요ㅎㅎ ,9
관람객이거보고나서 기괴한 일 겪음.엘베를 분명 1층을 눌렀는데 화살표는 내려가는데 층은 계속 올라가고 16층까지감근데 그 건물은 15층까지밖에없음.사람이 좀 있어서 덜 무서웠지만ㅋㅋ영화보고나서 이용한 엘베라 다들 이 영화...,10
관람객재미일도엊ㅅ었름 놀라지도안고 15세괌람다움 ,2
개인적으로 기대를 거의 안하고 본 영화지만 전개의 마지막 부분에서의 허무함을 제외하곤 전반적인 내용은 충분히 즐겼슺니다  수수께끼 요소보다 극한의 상황 속 인간심리와 생존을 위한 사투에 초점을 맞추시고 보신다면 좀 ...,9
똥싸러 가서 오줌만 싸고나온듯한 결말. 2편을 만들겟다는 강한의지. 왜 만들었는지 의미를 모를 방 하나. 돈 아깝다 씨발 ,2
큐브랑쏘우를거의 베끼듯이 만들어서스토리는 평범하고 뻔하지만 첨부터 끝까지 긴장감은장난아니여서 계속 손에땀날정도로몰입하면서봄 특히 방마다 아이디어 ㅈㄴ신선하고 담편예고도하는데 구지보고싶진않음ㅋㅋ ,8
관람객생각보다 재밌음! 큐브보단 덜 잔인하네여 잔인한거 못보는 저는 재밌게 봤슴!! ,8
진짜 노잼도 이런노잼이있나8점대 평점믿고 봣더만 진짜 다 알바들인가1점도 아깝다... ,1
솔까 너무  허접함. .돈아깝다.  누가 큐브얘길했는데 택도없고..킬링타임으로도 시간이 아까운 영화. 위디 120원 이상도 이하도 아님 ,6
스릴감 있고 충분히 볼만한 영화 !개인적으로 캡틴 마블보다 훨씬 덜 지루했음 !! ,10
긴장감이 끝까지 유지가 돼요. 재미있게 봤습니다. ,9
ㅡ 그간 쏘우 큐브 등 다봐온 사람으로써 알바아닌 진솔한 후기  ㅡ영화보는 내내 영화관 탈출하고 싶었다... ,3
방탈출게임을 좋아하는 나로써 같이 풀면서 굉장히 두근두근거리며 잼나게봄 ,10
"그저 그런 탈출영화 후반으로 갈수록 말도 안되는 전개, 큐브를 본 사람이라면 보지 않는걸 추천. 큐브를 한번 더 보는게 나을 정도. ",5
좆노잼 억지로 쥐어짜고 개연성 하나고 없음 보지마세요 ㅡㅡ 3류 쏘우 보는느낌 평점왜이리높나했네 ,2
2편 나올거 같고 뭔가 ocn에서 해주는 영화 한편 돈주고 본기분 ,6
처음 중간 맘에듭니다 . 결말 ....보고 ???? 했습니다 ^^  사람들 헐 하는사람 많더라구요. 2편제작하면 글쎄요  또 3편 떡밥낼듯 ,5
개꿀잼방탈출덕후들침흘릴영화...! ,10
관람객넘 재미슴시간가는 줄랐음 ,10
씹노잼 쏘우 어설프게 따라한 영화 자막부터 오류잇죠~ ,4
개인적으로 완전 무서웠다. 인간의 오감을 자극했다고나 할까.. ,10
관람객보는 내내 내가 힘들고 머리아프고 진빠진 만큼 몰입감 최고ㅜㅜ ,10
관람객내가 하는 방탈출은 소꿉놀이정도..? ,8
총몇명이 30분짜리 이스케이프  영상만들면 관객수 더 많을껄 ,2
나름재밋엇는데 결말이 뭔지 몰르겟어요 기대하지말고 보새요 .. ,6
관람객재밌었어용 스릴감 굿굿 ,8
몰입감 오짐.. 기대안했는데 넘재밌게봤다 ,10
관람객박진감과 스릴감이 느껴지는 영화~ 반전도 숨겨져있다 ,9
관람객진짜 잼있었어요! 보는 내내 긴장감 있었고.빠른전개는 시간가는줄모르구 봤네요간만에 즐건 시간 보냈네요! 2편기대된다 ,10
관람객정말 재미 있게 잘 봤습니다 ,10
관람객킬링타임으론 추천. 전반부터 후반까지 스릴의 연속임. 연출도 좋고. 근데 뭔가 이상하게 지루했음. 밤새고 조조로 봐서 근가. ,8
영화 보고 화장실 갔는데 뭔가 갇힌 느낌ㅋㅋㅋㅋ풀어서 나가야할거같은 느낌ㅋㅋㅋ ,10
관람객볼만하다 재미있어요 꽤 ,8
관람객방마다 전부다 예측가능한 뻔한영화 ,8
보고왔는데.. 노잼ㅡㅡ ,1
관람객음...으음..걍 그래요 ,6
관람객2편이 기대가 안되는 이유는 무엇? ,7
"관람객그저그럼니다.,.,.,.,,,? ",2
관람객이영화저영화짬뽕  임펙트도 없고 ,4
범인을 찾아내서 지가 뭘 어쩐다고 여주인공 개발암 으로 마무리. ,2
관람객생각보다 실망이었어요ㅠ ,6
관람객정말 볼게 없으면 보세요 ,5
솔직하게 처음엔 흥미진진 했음. 최후의 1인 남을 때 부터 진짜 욕이란 욕은 다 나온거같음. 그리고 후속을 위한 떡밥인진 몰라도 그냥 미친 사람 같았음 왜? 그걸 왜 또 ? ㅋㅋㅋ 진짜 써커펀치 이후로 리스펙 하게 ...,1
관람객그냥 만13세  쏘우 ㅋㅋ ,7
진짜 너무재미없다 댓글들 다 알바씅거임 세상에서 제일재미없었다 하 돈아까워 ,1
관람객진짜 정말 재미없어요소름돋게 그냥 집중도 안되고 ,4
관람객별로 긴장되는요소가 별로 없었던거같음 걍 그럼  만약 티비에서 상영되면 심심할때 티비로 보셈 ,5
아 이스케이프 룸이라는게 영화에서 탈출이아니고 영화관을 탈출하란 소리였나 ,1
관람객긴장만 되고 재미는 없는.. ,5
최악 알바생많네요 별로였는데 ,1
솔직히 진짜 올해본영화중에 최악 이거볼빠에는 캡틴마블 쿠키영상만 보고 나오는게 횔씬 이득 ,1
OCN에서 틀어줘도 안볼정도. 특히 후반부는 정말 최악이네요 ,1
어쩐지 고작 천만원에 목숨을 걸어?100만 달러였군. ,2
근본없는 개연성과 결말 퀄리티도 어중간 ,3
그렇게 뻔한 내용도 아니고 재밌었음.... ,10
관람객꿀잼인데 살짝  아쉽기도?  그래도  스릴있고  볼만함 ,9
관람객긴장하면서봣네요ㅋㅋ ,10
"스토리,영상 모두 괜찮습니다.보는동안 계속 집중해서 볼수밖에 없는영화. ",9
존잼 그오빠 피지컬 쩔더라 ,10
이거 재밌다고하면 개돼지인증 ,1
평식이 평점 많이 줬네... ,1
관람객ㅇ킬링타임용으로 아주 좋아요 ,10
하도 긴장하고봐서 끝나고 가슴쪽에 담걸렸다.. ,10
ㅋㅋ잼씀 진짜내가방탈출하는것같김함근데이건영화관에서봐야함 ,8
관람객재미는있어요 재미는 ㅋㅋ ,7
관람객내가아는그줄거리. 그 이상도 그 이하도 아님.기대는 하지마라. 시간떼우고싶은사람만 보삼.소개팅용으로는 비추. ,3
"페르마의 밀실, 큐브, 쏘우 등 스릴러좀 본사람이라면 절대보지마세요.. 2019년에 나올 영화퀄아닙니다 내용,등장인물 캐릭터 등등 OOO기임..뻔하고 졸라오그라듦. 마무리는 뭐 말도안나옴.. ",1
관람객꿀잠잤습니다 감사합니다 ,6
"관람객흥미로운 캐릭터들과 설정, 약한 구성과 지루한 진행, ",7
미성년자용 큐브... ,1
저런 허접한 인공적으로 만든 게임같은 가상영화를 보면...지독한 인공조미료 냄새에 두통과 구토가 나온다! ,1
관람객진짜 왜 재밋다고하는지 노이해.. ,2
영화 별로임영화보다 중간에 나왓어요내생에 영화보다 나온건 처음이에요...ㅠㅠ평점에 재미잇다  한건 머임 진짜 ,1
쏘우 큐브 짬뽕..하지만 두 영화에 비교하면 엉성한 트랩..그리고 트랩을 탈출하는 과정에서 카타르시스같은게 느껴져야 하는데 그냥 그렇다..후반부로 갈수록 실망..쪼였다 풀었다 하는 스릴이 아니라 보고나면 피로감이 어...,4
스토리도 없고 개연성도 없고 재미도 없고 의미도 없음. ,1
우리 엄마가 각본써도 이것보다 잘써요 남친이랑 영화 끝나자마자 어땟어? 하는데 서로 둘다 최근에 이렇게 별로인거 첨봤다고 막 웃음 재미도 없고 개연성도 떨어지고 긴장감도 없고 평점 진심 노이해걍 너무 뻔해요 후속작 ...,1
관람객최악입니다내돈 돌려줘 ,1
알바풀었나? 진짜 재미없는 영화임 돈아까움 ,1
관람객호들갑+쓸때없는고퀄 방탈출방=이스케이프룸 ,5
알바 드럽게많네~~~ ,1
별로였다....재미없음 진짜. ,1
방탈출게임을 이용한 서바이벌 영화.. 근데 등장인물들이.. 이해가 안된다.. 목적없는 B급 영화... ,4
영화관에서 탈출못해서 잠듬-_-;; ,1
어디선가 마니 본듯한 큐브  짝퉁 ,3
방탈출 영화버전. 소재를 정말 잘 살렸는데 개연성이 ㅜㅜ 2에서 다 회수할려나 ,8
"명작이나 대작에서 얻는 인생의 진리나 여운만을 원하시는 분이라면 별것도 아닌 영화겠지만, 평소에 스릴을 즐기고 명작에 연연하지 않는 사람이라면 꽤 재미있게 시간을 보낼 수 있습니다.. 오래된 작품임에도 큐브에 비해서...",4
2탄 보니 1탄이 기억이 났네 ㅋㅋ ,4
시간 때울려고 보다 흥미진진하게 봤네~후속작 기대됨 ,7
스릴만점 흥미진짆ㅎㅎㅎㅎ ,10
극중에서 방탈출게임  만든 악마같은ㄴ들 정말 악마들 화가난다 화가나 ,10
재밌긴한데... 어딘가 찜찜한 영화. 잔인한 장면이나 엄청난 거북함을 주진 않지만 공포가 강하지도 않음. 큐브가 압승인건 확실. 하지만 2가 곧 나오니 볼 생각은 있다.. 끊기는건 못참지 ,7
스포일러가 포함된 감상평입니다. 감상평 보기연출은 나쁘지 않은데 주인공 중간에 독가스마시고 죽은척하다가 반격하는데 좀 어이없음.. 독가스 면역임? ,4
충분히 긴장감 있고 몰입도 높았지만 영화 쏘우와 큐브를 보지 않고 높은 점수를 준다면 예의가 아닌 것같다.. ,6
전형적인 킬링타임용 영화. ,7
아직 방탈출게임 안해봤는데못할 것 같다 ㅎㅎ ,8
방탈출게임. 가볍게 볼 만. ,5
추리영화 좋아하는데 나름 괜찮았습니다 ,8
졸작.. 리얼 과 수준 비슷 ,2
진짜 짱재밌어요ㅠ.ㅠ ,10
재밌네요 몰입도 최고ㅎㅎ ,10
속편에 대한 결말 부분이 스토리상 억지 스럽지만 충분히 속편이 기대되는 영화였다 ,8
개꿀잼 온 가족끼리 봤는데 재밌게 봤어요 ,10
재밌어요 ㅋㅋㅋ!! 흥미진진 했어요 개꿀잼 ,9
우연히 티비영화채널서 하는거 잠깐봤는데 티비로는 못봤고 후에 다운받아서봤는데 잼남.ㅋ ,8
"210526[8]볼만함. 큐브 시리즈처럼 미지의 조직을 뒷 배경으로 하는 소재는 지겹지만, 그래도 볼만함. ",8
"휴... 재미도 없고 감동도 없고 쏘우, 큐브, 데스티네이션 다 짬뽕시킨 이도 저도 아닌 병맛 영화 ",4
심장쫄깃하가  요즘엔 외국영화만봄 개 잼있네... ,10
기대하고 봐서 그런가 노잼... ,3
생각지안케  틀어서 나옹 영화인데  후반부 부터보았지만 재미있네여  정주행해야겟어여! ,10
스포일러가 포함된 감상평입니다. 감상평 보기남자들이 좀...여자들에 대한 배려심이 없어서 아쉽네요. ,6
,8
너무너무  잼나요  예전  큐브 쓰리라  보면  됩니다 ,10
"미스터리,공포,퍼즐게임 영화 덕후인데 생각보다 재미있게 봤습니다. ",10
웰메이드 킬링타임용 영화였음 ,8
흑인 남주 나쁜 놈. 근데 완전 OO시하네ㅎㅎ ,10
많이 있던 소재로 참신하게 연출했지만 당구장 미션 빼곤 아쉽네요ㅋㅋ 거기다 뒤로 갈수록 아쉬운 구성ㅠ ,6
간만에 박진감 넘치고 킬링타임하기 좋은 영화다 ,9
영화 도입부부분 놓치지 마세요!!!몰입감이 좋고 재미있었습니다!! ,10
,9
완전 재밌어요. 기대 이상 ,10
"방탈출하는 코드가 좀 허접스럽긴데, 직소느낌이 물씬나서 좋았음,2탄나올꺼 같은데 언제나오냐ㅋㅋ ",8
뭐야뭐야 킬링타임용 아니고 그냥 핵잼임!! 손에 땀나서 죽는 줄 ㅋㅋㅋ ,10
큐브를 뺏겼지만  나름재미있었음 ,8
흑형빼고 다 연기 못함... 오글거려서 못보겠네 ,2
조금 덜 잔인한 쏘우 보는 느낌~ ,10
스토리  너무 빈약.. 2편을 염두해뒀어도 궁금하지 않은 스토리.. ,4
,8
느므 무서워요ㅜㅜ더ㄹ덫덜 ,10
속편이 필요한 영화 ,8
스포일러가 포함된 감상평입니다. 감상평 보기눈을 뗄 수가 없고 재밌음. 특히 2편을 기대하게 만드는 떡밥이 좋다. 그리고  제이슨은 마지막까지 비행기 타자는 부탁을 들어주고 참 착하다. 또 게임이 시작되면 조이 엄청 원망할듯 ㅠ ,8
방탈출 입덕 영화. 힌트를 주며 게임처럼 나가는 전개가 재밌었습니다 ,8
"기발한 소재, 시작부터 스피드하게 집중하고 끝까지 몰입한 영화. 시간이 순식간에 갔다. 킬링타임으로는 괜찮은 영화. ",8
재미있음. 2편 기대된다 ,10
솔직히 보는내내 심장 졸이면서 봤습니다긴박감 장난 아니네요 ,9
큐브같은 방탈출 추리영화 많이 나왔지만 대부분 실패한거 보면 이정도면 충분히 볼만했다. 일부러 찾아본 사람중에 재미없다는 사람은 그냥 지 아이큐가 낮아서 그런듯..ㅋㅋ ,8
초중반까진 볼만 했지만 쏘우에 비비는건 아닌듯; 마지막 조이랑 벤도 개 발암임 그걸 왜 또 쳐가 븅 ,2
방탈출게임영화 많아서 진부할수도 있겠다 싶었는데 너무 재밌고 끝까지 몰입해서 봄 !!! 얼른 2편 나왔으면 좋겠다 ,10
클라쉐 범벅에 예측은 그대로 비관적결말 뻔한내용. 흑인여자랑 음주운전하다 친구 다죽인 놈 삶. 게임 마스터 총 맞아뒈짐. 암유발 전개 개노잼 ,1
큐브와 비슷한 콘텐츠를 찾고 있다면 바로 이 영화 ,7
쫄깃쫄깃하게봤네요 방탈출 무서워서못가겠음.. ,9
하...메이즈러너랑 헝거게임보다 빡침...인간의 존엄성을 너무 무시함ㅜㅜ그래도 졸잼 ,10
"시간 순식간에 지나갔네..긴장감 최고..스토리, 영상 모두 깔끔 ",10
티비에서 해줘서 봤는데 꽤 재밌다 ,8
엄청 몰입해서 봤어요이런 장르를 좋아해서..속편도 빨리 나오면 좋겠네요!^^ ,10
마무리가 조금은 아쉬웠음 3분의 2 부터는 몰입감 떨어짐.. ,6
등장인물들이 방탈출 고수들이라 쳐도 관객들을 배려하지 않고 휙휙 푼다. 난 아직 추리도 못했는데 자기들은 벌써 문 따고 저만치 나가있다. ,6
2탄도 나오겠네 ㅎㅎ ,7
몰입감 좋았고 볼만했는데 마지막이 좀.. 그래도 2탄 기대함 ,9
와우 겁나 재밌음 !! ,10
2탄 나왔으면 좋겠어요 ,6
"50000% 정확한 평점. 평점 8.4점. 이렇게 재밌을거라고 기대 안했다. 너무 재밌었다. 잔인하지 않고 스릴 넘쳤고, 스토리 디테일은 아쉬웠다. ",8
아무 생각도 안 하고 보기만 하면 재미있다 ,5
스릴있네요 볼만합니다 ,9
잡탕찌개 12세버전 쏘우 ,5
몰입도도 좋고 재미도 있고 마지막 대사가 맘에 드네...Let's play again ,7
화면을 드럽게 어둡게 처리해서 더 개짜증났음 ,6
,7
몰입감 대박이다..진짜 재밌음 ,10
또 보고싶네요 몰입감도 좋고 넘 재밌음.. 이거 보려다가 이름 헷갈려서 2017 이스케이프룸 보고 시간 낭비하고 이거 봤는데 존잼..2 기다려집니댜 ,10
더도말고 덜도말고 5점임 쏘우 큐브를 개연성없이 만든 유아용임 말그대로 전개빠르고 눈 즐겁게 휙휙 지나가서 멍때리면서 보게됨 밀실두뇌영화 요즘 별로 없는데 이런장르 좋아하는사람들은 아쉽겠지만 킬링용으로 볼만함 근데 ...,5
와 진짜 긴장감 에바임 꼭 다시 볼 예정 ,10
,10
요즘 대유행 중인 방탈출 게임을 스크린에 옮겼다. 거기다 생명을 걸어야 된다는건 덤. ,8
생각보다 빠르게 전개되어 답답하지 않았습니다. 결말 부분이 처음에는 이해 못했는데 2편이 나온다는 뜻이었네요..! ,10
몰입감 있고 볼만했음!! ,8
스포일러가 포함된 감상평입니다. 감상평 보기초반부터 스포당함.. 그래도 몰입감 ,8
영화 '10억'방 탈출 버전. 전체적으로 깔끔하면서 킬링타임으로 가볍게 즐기기 좋은 영화. ,7
스포일러가 포함된 감상평입니다. 감상평 보기아만다ㅜㅜ어째서 졸라사랑했는디 ,9
나는 못 나오고 죽겠네. 바닦떨어지는 것도 너무 억지스러운 설정아닌가 ,4
한마디로  잼읍다!  재미읍다! ,2
올만에 꿀잼 영화고2아들이랑 같이봄 ,10
재미있다. 기대감을 충족시킨 영화. ,10
알바 아니구요ㅋㅋ진짜 몰입도 장난 아니에요 정말 진짜 큐브 보는 느낌 재밌게 봣어요 ,10
그냥  그랬다.. 리얼한 방탈출게임 보는 느낌..? ,5
난 잼있었음 ㅇㅈ ?어 ㅇㅈ ,10
심심하지도 않고 흥미롭지도 않은 하지만 재밌는 킬링타임용 B급 아류작 ,5
세트디테일은 좋은데 인물진행이 넘 답답하다 ,7
관람객그냥그런 결말. 2편은 재미있을려나 ,6
관람객흘미진진라네용 ㅋㅋㅋ ,6
지루하지 않은 영화  일단 재미있다. ,8
관람객너무 잔인하지도 않고 스릴있게 잘 봤어요! ,8
아만다 벽타기할때 멋있다. 툼레이더 라라크로포드 보는줄... ,7
관람객생각보단 별로.. 생각안하면 좋았을듯 ,10
생각보다 잔인하지 않고 스릴 있어서 좋음. ,7
일단 이런영화가 개취이기때문에 점수를 많이준다이런소재는 완전스토리가엉망이아닌이상 몰입도가 상당하다아쉬운 서바이벌이지만 이런ㄴ영화라면 계속 나와도 재미있겠다2류느낌의 영화면서 시리즈물 이정도만해도 부담없이 몰입해서 보...,9
너무햇다... 나웬만해선점수후하게주는데.. 10점은알바다진짜 ,5
간만에 재밌게본 영화네유 ,10
세상에  이런 억지는 없었다 ,1
그래도 할건 다하는 아류작 ,7
큐브 따라하다 망한 영화. 2편 제작하겠다는 의지만 보여준 영화. ,1
재밌네요. . 새벽 2시인데. . . 언제자나. . ㅠ ,10
영화 후반부에 환각제 묻은 다음부터 몰입감 개쩔음. 결말도 마음에 들고 ,10
괜찮네요 큐브가 갑이지만가볍게보기좋은듯 ,8
쿠소영화 쿠우소영화. ,1
재밌네요! 2편나오면 보러가야지 ,8
와...진심 몰입해서봤어요...이게왜 평점이 7점대인지 이해불가... ,10
몰입감 대박이에요!! 별루 안잔인해서 좋음 ,9
역시 밀페된 탈출서바이벌 게임은 반은 가는구나 작품성있는영화는아닌데 시간때우기용으로 간단히 볼만한 오락영화 개연성이나현실성을 보지말고 머리비우고편히보면될듯 ,7
싸구려 쓰레기 삼류인줄 알았더니 스케일도 짱크고 재밌넹... 마지막이 이해 안됐지만 빡머가리라 ㅜㅜ ,10
오히려 여주인공은 그들의 상술에 맞춰주는영화 ,8
글쎄 그럭저럭 그닥 안봐도될 영화 ,6
2편에 대한 기대  딱 거기까지.. ,4
너무 영화가 단순하고 방탈출 게임 해보신분들은 이 영화보면 대박 실망하실듯.쩝 ,4
금새 지처버리는 아이큐낮은 방탈출~ ,3
그럭저럭 괸찮음....2편 기대.... ,9
참신한 방들. 그렇지만 약간 틴에이저들을 위한 영화처럼 보일수도. ,8
쏘우를 표방한 아류작 정도.. ,5
간만에 몰입감 괜찮은영화 하나 나왔네 ,10
극장에서 봤는데  빠른전개가좋았고 또 가장 첫번째방 오븐룸과 엔딩크레딧에서 나오는 음악이 넘 좋았어요~ ,8
비교적 매력적이아서 한국영화보다도 10배는 훨씬 나았다. 한번 볼만한 영화다.. ,10
기대에 한참 못미치는... 마지막에 후속작 만들겠다는 의지를 강력하게 보여줌으로서 더 비급이 된듯하다. 마지막 장면은 뭔가 파이널데스티네이션 마냥 후속작을 줄줄이 뽑아내겠다는 느낌을 줌. ,3
잼있음.예전에 큐브랑 비슷함.최근에 쓰레기 국산영화만 보다가 이거보니 확실히 다르네. ,8
유치하고 진부하고... 특히 그래픽 쌈마이 느낌 많이남 ,2
시간가는줄모르고바써염잔인한거없어 괜찬았어요 ,10
긴장감있고 좋네요~~ 끝까지 잘 봤어요 ,10
기대가 컸나보다. 비기닝 정도로 생각하고 다음편을 기대해 본다. ,5
킬링타임으로 재밌게 봤습니다^^ ,10
재미있다.  2편도 기대되게 만드네 ,7
방 탈출계의 쏘우. 2편 나오면 볼듯. 그러나 수수께끼등이 좀 빈약 ,8
역시 똑똑하고 착해야한다 ,9
얼음을 몸으로 녹이는 부분에서 대충 견적 나왔다. ,7
잔인한장면 억지장면은없어서 보기편했는데 한편으로는 조금 박진감이 부족해보였음 그동안 이런장르에서 자극적인 장면에 익숙해서였을지도.. 그래도 보는데 큰불편함없이 재밌었음 ,8
삭제된 씬 중에서 조이가 퍼즐책을 보다가 학교 강의실로 뛰어 가는 장면이 있는데  그 장면이 엔딩이었다면 공포영화로서의 긴장감은 더 좋았을 듯 ㅇㅇ 지금 엔딩이 오락성 면에서는 더 유쾌하긴 하지만. ,8
퍼즐이고 나발이고 그냥 죽으라고 만들어놓은거지 집중이 안된다 하면서 보다가 최종단계에서 게임 마스터라는놈이 결과까지 조작질 ㅋㅋ 개연성도 없으니 집중이 안될 수 밖에 엄청 얄팍한 영화임 ,6
"뭐 그냥 특별할 것 없는, 영화 '큐브'시리즈를 비롯하여 어느 영화에선가 봤던 것 같은 그런. 그래도 시간은 잘 간 것 같아서 그래서 점수 준다. ",6
그냥뭐그럭저럭..완전재미없지도않고..그냥킬링타임용으로괜찮음 ,6
방탈출이라는 흥미로문 생존 큐브버전 그것뿐 이였고 별다른게 없었다 하지만 다음 후속작 떡밥을 뿌리던데 이런소재를 좋아해서 인지 괜히 또 기다려진다 ,4
동명의 2017년 영화 보다가 중간에 끄고 다시 이 영화 제대로 찾아서 봄그 전에 워낙 질 낮은걸 봐서그런지 재밌게 봤음 ,7
쫄깃쫄깃하니 재밌었는데 후반부에서 좀 억지스러움이 있지 않았나 싶다~ 사람이 그렇게 쉽게 죽지 않아요~ ,7
큐브의 발톱에 때 정도는 되는듯.. ,6
안경잡이 첨에 OO서속시원 ,8
"이런 방탈출은 개연성과 논리적인 퍼즐추리가 생명인데, 개연성을 어디 갖다 버린건지... 실소를 머금케 만든다. 그냥 팝콘 타임 킬링으론 괜찮. ",6
흑인년  암 유발하는데 뭐 있네 ,1
정말 오랜만에 심장 쫄깃하게 본 영화임 강력추천이고 큐브같은 밀실 스릴러 좋아하는 분들은 꼭 보시길 바래요 ,10
오랫만에 괜찮은 오락영화 본듯 ,6
무섭지도 짜임새가 좋지도 않음 ,6
잼나요^^2기대ㄷ요 ,10
처음엔 흥미로웠지만....점점 익숙해져가네 ,8
기발한 장면이 단 하나도 없어... ,3
"뻔한반전, 억지전개 1점 ",1
아오 십탱 짜증나ㅡㅡ 개노잼 ,2
"그저그런 폐쇄 방탈출 게임.. 헌티드힐, 헌티드하우스, 큐브, 쏘우 등등을 다시 보시길.. ",6
2편은 집에서 보는걸로 ,5
적당히 몰입감도있으며 잔인하지않고 짧아서 좋네요.ㅎㅎ ,7
2편 나오면 무조건 본다 ,8
뻔한 스토리지만 잘만든영화인듯 스케일이 저예산일줄알았는데 꽤나세트에 공을많이들인듯 ,8
큐브나 이런거에 비하면 별로 일지 몰라도 마음 비우고 관람하면 괜찮음!! 솔직히 큐브는 보면서 너무 잔인해서 스트레스 받았는데 (큐브를 초6때 처음봐서 충격받음.. 커서봐도 잔인한 편임) 주인공들이 똑똑하지 않고 우...,10
목숨 왔다갔다하는 긴박한 상황인데도 서로 말싸움하고 있음. ,6
큐브느낌 나는 쏘우 속편도 꼭 나왔으면 좋겠다 ,8
굉장히 신선한 영화. 평점이 낮네요 ,9
큐브랑 쏘우랑 전혀 관계없음 ,1
페르마의 밀실+큐브같은 느낌 ,8
솔직히 재밌었다10점까지는 아니지만한번 보라고 10점 준다 ,10
쏘우(범죄자)+큐브(방탈출 ver.) 끝은 다음편의 몫으로.. ,8
큐브와 방탈출 게임의 결합. 이 놈의 지루한 인생에 그 놈의 게임 게임 게임. '지켜보고 있으면 움직일 수가 없다.' ,7
영화 자체는 나쁘지 않은데 돈 많은 싸이코들이 돈 걸고 게임에 목숨 쥐락펴락하는거 신물남; 보고나면 마음이 불편한 영호ㅏ 짜증 ,5
저기 같히면 환각제 만지고 죽는게 제일 낮겠네 ,6
이런류의 영화는 정말 재미있지 킬링타임용으로도 훌륭하고 ,10
어떤 식으로 전개될지 잘 알지만 긴장하게 하고 몰입하게 하는 그런 류의 영화 너무 좋다. ,7
아만다가 이뻣다 킬링타임으론 제격 ,7
그저그런 전형적인 탈출 영화인줄 알았는데 역시 전형적인 탈출영화였네ㅋㅋㅋㅋ하지만 긴장감도 높았고 나름 후속편 생각까지 충실히 했네 ,10
예상을 한 치도 벗어나지 않는 생존 스토리 ,6
새벽에 생각나서봤는데수작임 재밋네트루스오브데어 같은느낌 ,10
직쏘!?직쏘는 죽지 않는다.... ,10
후속작을 만들기 위해 원작영화를 찍은듯한.. ,7
"스토리는 억지, 그냥  아무생각 없이는 볼만함 ",6
난 재밋었음 ㅋㅋㅋ아두좋아요 ,10
처음부터 마지막까지 흥미진진. 오랜만에 제대로 된 영화를 본 것 같아서 기분이 좋다.  몰입감도 최고였고 방탈출에 관한 영화는 처음 보는데 재밌었다. 마지막 생존자 2명에 대한 게임을 시작하지? 라고 하던데 2탄 나...,8
"관람객기대 했던 것보단 그렇게 막 재밌지는,, 내가 기대를 많이 해싸봐 ",7
대니의 입방정을 보는순간 먼저 가겠구나 믿어 의심치 않았다. ,6
최근본 스릴러중 최고입니당 ,10
중간 중간  생각이 필요하지만 겁나게 잼있음 내스타일 ,10
쏘우 큐브에 잔인함을 빼더라도 이것보단 재미있다 퀴즈를 푸는데있어서공감이 가질않는다 추리영화좋아해서 기대하고봤지만배우들끼리 그냥 후다닥 풀어버리는게 아쉬움...관객들에게도 추리할시간과 단서를 줬으면 더 좋았을거란 아...,7
아쉽지만.. 후속편을 생각한다해도 마무리는 영 어설펐음.. ,6
간만에 재미있었던 영화 ,9
아만다같은 매력녀를 끝까지 살려놔야지 감독이 센스가 없네. ,5
킬링타임용 잘만든영화쫄깃하게 재미있게 잘 봤음 ,8
재밋내요 2편도나왓으면 좋겟습니다ㅎ 이런영화 또 뭐있나 찾으러갑니다 ,10
제작진은 저 우탱이란 인간 직쏘 같은 캐릭터로 만들어서 어떻게든 시리즈물로 가고 싶었나본데 진짜 1편부터 꽝. 스토리 쓰다가 포기했나봄. ,2
"캐빈인더우즈, 소우, 큐브를 적절히 짬뽕. 그 맛은 먹는 사람의 몫. 장치의 스케일이 커서 현실감이 떨어진다. 2편은 더 재밌게 만들어주오. ",6
후반이 약간 아쉽지만 중후반까진 잼있음 ,10
킬링타임으로 좋은 영화임 조이 이쁨 ㅎㅎ ,7
킬링타임용. 건전하쏘우. 몰입감은있음 ,7
2편 기대되는 영화!볼만함 ,9
<큐브>와 <쏘우>의 절묘한 합체 ,7
이거보고 대탈출봐야지 ,8
쏘우도 끝난 판국에 스릴러 시장을 잘 공략한 듯. 굉장히 잘 만들었다. 후속편 대환영이다. ,8
흥미로웠다  2편에선 꼭 복수하길..ㅋ ,8
있는 자들의 유희를 위해 농락 당하는 내용의 영화. ,6
선사하는 몰입감과 상충되는 비현실성 ,7
처음 가졌던 몰입도가 점점 풀리며 산만해지는 듯. 과연 2편도 재미있을까? ,9
속편 제작 확정이라네요^^http://www.sjbnews.com/news/articleView.html?idxno=633084#_enliple ,10
쏘우따라한 영화중 수작 ,9
볼만하긴 했는데 주인공들이 답답한 감이 있음 ,7
개 꿀잼이에오 집에서 티비로 봤는데 지려뜸....ㅋㅋ ,9
데스티네이션 쏘우 큐브를 짬뽕한것같다.그래도 재밌게봤음 ,8
사실적으로 따지면 말도 안되는 것들이 수두룩하지만 이런류의 탈출 게임영화가 여럿있는데 그중에서도 탑까지는 아니지만 긴장감도 있고 스릴도 있어 나쁘진 않게 보았다.. ,7
평점이 왜이렇게 낮음 난 만점 ,10
진짜 최고의 영화입니다. ,10
스릴있고잼썻음 ㅎㅎㅎㅎ ,10
강호동을 섭외했어야... ,8
2편이 너어어어어무 기다려져요 >_ < 큐브같은 영화 너무 너무 재밌다며 방탈출류 영화는 솔직히 아무리 졸작이라도 재미가 절반이상인데 이 영화 너무 잘 만들었어요 너무 너무 신나게 봄 ,10
오락용 영화를 되기 위해선 좀 참신해야하는데 큐브나 쏘우 메이즈러너 같은 영화를 혼합한것 같아 아쉬웠다. ,6
연기들 별루야..좀 역겨워 ,6
"싱거운 맛  큐브, 평타는 침 ",7
재밌어요!! 2편도 빨리 보고 싶네요^^ ,9
조이 포이즌 룸에서 어떻게 살아난거임? ,8
데바데 - 클로뎃 모렐 등장  ( 기무기훈도 등장하나 빠르게 퇴장 ) ,7
진짜 존잼~~~~!!! ,10
추리 인과 이런거 없고 걍 아 이거! 이러고 끝 ,6
관람객나쁘진 않았다 킬링타임용. 마무리가 아쉽긴하지만 8점은 줄정도로 충분해 ,8
관람객2편을 만들겠다는 의지가 느껴짐 ,6
자~! 게임을 시작하지. ,8
나름 킬링타임으로 볼만합 생존자 예측 정확히 맞췄음 그리고 여자 흑인 너무 귀엽고 예쁘네요 내스타일^^ ,6
관람객너무 어지러웠어요 일루전룸에서 토하는줄 ,5
관람객그래서2탄은언제나오나여 ,6
관람객모루겠어요..재미있으면서도 뻔한 전개 ,6
관람객볼만하고 재밌습니다. 2펀 기대 ,8
관람객아만다 때매 이 영화 두 번 보러 갔다...언니... 멋져요.... ,9
관람객2편이 기대뎁니다구수허 ,8
관람객킬링타임용 영화로 적당 ,6
심장졸이면서 봤는데? ,10
관람객쫄깃쫄깃 재미있어여 또 보고 싶다능!!!! ,7
관람객후속작 나올것같은 분위기 ,9
아니왜 20일도안되서 들어가냐 영화를 하는 상영관이없어 .ㅡㅡ ,6
관람객나와 내기를 하지..재미있게 볼 확률 10%. 그게 영화 지.. ,8
관람객2편도 만약 나온다면 볼 것! ,6
"한명씩 죽어가고, 결국 탈출에 성공한다는게 참 진부한 소재이긴한데 재밌었음 ",8
관람객세트나 그래픽 등은 좋은데 배우들 연기가 좀.. ,7
 방탈출매니아라서 기대하고 봤는데 자기들만 문제 풀어서 섭섭했다. 그래도 과하게 잔인한 장면 없이 관객의 상상에 맡겨줘서 좋았다. 초반에 누가 살아남을지 예측해봤었는데 의외의 인물이 살아남아서 반전이었다. 2편을 조...,7
잔인함이 빠진 큐브. 후속편 나올거라 예상. ,6
관람객소리지르는씬이 많아서 정신사나웠지만 실제로 방탈출을 하는거같은 생생함이 느껴져서 좋았어요 ,8
업사이드다운 룸에서 나오는 거지같은 BGM 곡 이름이 뭔가요? ,8
관람객관람시간 내내 스크린에서 내가 직접 게임을 하고 문제를 풀어가는 기분이었어요. 스릴과재미도 있었어요.2탄도 곧 만들거같네요 ,8
아 욕 나온다이스케이프룸 재미있다고 해서 봤는데이스케이프룸 이라는 짝퉁 영화를 보고있었음미치겠다 이름이 완전 똑같은 영화를보고있었다니 노잼 짝퉁 이스케이프룸여러분들은 감독이름 확인 하시고 보세요이스케이프룸 똑 같은 ...,8
관람객잘봤어요 ㅎㅎ 심심치않게 잘보고왔네요 ,7
큐브+쏘우를 15세용으로 보는 느낌이랄까? 후반부까진 나쁘지 않았는데 결말이 너무 아쉽다. 2편을 억지로 만들려는 의지인가? ,7
관람객손에땀을쥐는 긴장의 연속2 언ㅇ늠나왓나 ,10
"저는 시간 순삭이던데,, ㅋㅋ 이렇게 두시간이 금방 지나간 적은 없었는데 ㄷㄷ 진짜 꿀잼! 강추에요~! ",10
"쉴틈없는 긴장감 ,재밌게 보고왔다 ",10
관람객딱봐도 2편이 나올.볼만한 영화 ,8
관람객볼만해요~~^^ 질질 안끌어서 좋음 ,8
처음부터 끝까지 긴장감있고 집중해서 봤어요 존잼 요즘 영화볼구없느데 이거보길 잘한듯 ,10
잔인하지 않고 내내 쫄렸던 영화입니다 첫 장면부터 으어 ,8
관람객쏘우보다 덜 자극적이지만 쫄깃한 영화였어요 잔인한 장면없어서 편하게 봄 ,8
기대 안하고 봤는데 생각보다 몰입감 있네요! ,10
"난 볼만하던데,,몰입감도쩔구 ",8
관람객지나가다그냥볼만한영화 ,7
관람객킬링타임으로 볼만한 영화 ,8
관람객좀 무섭긴했어요. 세상에 할짓없는 사람도많다 느끼고. 땡큐 포 유어 서비스에 놀람불쌍해요ㅠ.심장 쫄깃했어요 ,8
관람객나쁘지 않은 영화라고 생각합 ,8
관람객재밌었는데 아쉬운 부분도 없지않아있음결말이 정해지지 않아 아쉬워용 ,8
관람객생각했던 것보다는 별로였지만 그래도 볼만 합니당 ,7
관람객재밋었어요 다음편이 기대돼요!!! ,10
관람객재밌었어요ㅠㅠㅠ스릴있었어요 ,8
관람객2편이 기대되네요~~~ ,8
관람객보고나서 엘리베이터같은 시설이 불안한 느낌 ,8
재밌게 봤어요 ~~!! ,10
재밌긴한대 2편은 물건너간거같기도하고.. ,8
시간순삭 나 댓글 잘 안남기는데 ,10
관람객꼭 보세요 후회 안합니다 ,10
그냥 재미로 보면 좋은거 같아요. 잔인함을 뺀 쏘우+큐브 같아요. ^^ 쏘우나 큐브 좋아하시는 분들은 잔인한 장면은 기대하지말고 재미로 볼만해요. 시리즈로 나온다면 더 재미있어질거같아요. ,10
관람객볼만했어요~^^ 다소 아쉬운건 있지만 ,7
다음번에도 이길수있을까.. ,8
넘 급한 영화... 급마무리 ㅠㅠ ,10
관람객재밌었고 2탄 기대합니다근데 영화 큐브랑 바슷하네요 ,6
2편은 엄마랑 볼거야!♥ ,5
관람객기대만큼은못하는.. ,6
관람객쏘우 레저버전.... ,4
관람객영화가 큐브랑 직쏘를 짬뽕해놓듯ㅠㅠ ,4
관람객전형적인 스토리라인 지루하지않은 시간때우기용ㅋㅋ시리즈암시 그냥 기대안하면 무난한 오락영화 ,8
관람객쏘우의 순한 맛 버젼...이랄까??? ,8
여기 알바 많은듯. 기본기가 없는 영화네요ㅠㅠ ,4
나사 빠진 짝퉁 큐브. 후속작은 안나왔으면.... ,7
관람객그럭저럭?방탈출 게임 승자는 없다 ,6
관람객생각햇더것보다 무서웠어요 ,8
잼잇을거같음보고싶다 ,10
"재밌어요 진짜 잔인하지않고, 놀래키지않아서 좋아여 ",10
관람객방이 주인공이니 그나마 별두개 줍니다 ,4
"※주의 : 쏘우, 큐브를 기대하고 본다면 실망할 수도 있습니다. ",6
이게 왜 흥행이 안됬는지 모르겠슴시간가는줄 모르고 가는 본영화는 드문데 이게 그중 하나임.2편도 상당히 기대됨 ,10
일루전룸이 진짜 씬스틸러였다..ㄷㄷ ,10
관람객몰입감 있었지만 뭔가 듬성듬성 빠진듯한 .. ,6
처음부터 트롤짓을 일삼던 남주는 지능적으로 도움이된적이 없었지만 마지막 방에 도착하자마자 퍼즐왕이 되어버림 ㅋㅋㅋㅋ ,3
관람객이거보고 방탈하기싫어짐 ,7
관람객재밌는데 끝이 아쉬웠다. ,7
똥 싸다가 만 느낌이다.. ,7
큐브보다 못한듯 그래도 팩스소리에 방 무너져가던거는 긴장감 최고였음 ,5
나쁘지 않는데 갈수록 아쉬운 영화 ,6
관람객호불호가 극명하게 갈리는 영화 ,6
그저 그랬음 방탈출 많이해서 그런지 걍 아찔한 방탈출게임 그런느낌 ,5
보지마세요보지마세요 ,2
관람객2편도 기대가됩니다. ,8
관람객그냥볼만한데솔직히그렇게재밌진않음ㅎ ,7
개재미있을거같음^^ ,10
관람객그래도 나름 재밌었따고 생각...ㅋㅋ ,7
관람객쏘우가 보고싶다.... ,6
관람객볼만했어요 킬링타임으로 좋은거같아요 ,7
관람객조이의 성격 변화과정 쭈구리에서 파이터로 ,7
나도 꿀잼이였음ㅋㅋ 2편기대중..헐소름 이런 복선이 있었다니 급의 반전은 없었는데 몰입도 ㅆㅅㅌㅊ였고 나쁘지않았음ㅎ ,10
"큐브정도로 생각했는데 의외로 재미있었습니다. 인간의 생존을 위한 잔인함, 전개, 반전도 좋았습니다. 추천합니다. ",10
관람객잔인한장면없이재밌음 ,10
존잼인데요? 굿굿굿~ ,10
재밌는데??2편이 나올지 기대되네 ㅋㅋㅋ ,10
관람객영화자체의 완성도라던지 개연성이 좀 떨어지는 부분은 많지만 흥미로운 주제고 몰입도가 괜찮았습니다. 재미있게 봤어요. ,8
관람객오락영화로 딱이였음!!! ,7
재밌었읍니다 손에땀나요 ,10
난존잼이었음..최고조이개이쁨ㅠ 2나올듯 ,10
"관람객간만에 심장 쫄깃하니 러닝타임 넘 짧게 느껴지네요,,조용히 강한 조이 화이링! ",8
난재밌게봄 대신 결말이 진짜별로고 2편만들라는게 너무보여서 그게좀싫더라. 그리고 얼음녹일때왜손으로 처음부터녹이냐ㅋㄱㅋㅋ어디던져서 반정도 깬다음에 녹이지ㅋㅋㅋ 그래도 탈출부분신선하고 재밌었음 ,8
으나부터누넙 냐주텁 ㅂ ,10
관람객진짜 맘에 듭니다! 은근 기대한 일루젼 룸이임팩트 약했던거 빼면요..ㅋ2편도 볼거예요! ,10
관람객요즘 나온 영화들 중 최고다. 긴장감 제대로 주는 영화! ,10
감정이입이 안돼더라... 하나도 안쫄깃함. 맹물임 ,4
관람객시간가는줄 모르고 봤어요! ,9
관람객괜춚하네요! ㅎㅎㅎㅎ ,8
바이킹탈때 중간자리에서 타는기분!놀이기구 못타는 사람들은 탈만하고스릴러좋아하는사람에겐 시시할수있지만그럼에도 불구하고 적당히 스릴있어서 재밌었음 ,8
재밌다 몰입도 쩔고 깔끔함 ,10
간만에 재밌게봤습니다...마무리가 조금 아쉽 ,8
의외로 긴장감있는 비급 영화 ,10
그저그러함뻔히다보이는영화 ,6
관람객다음편을기대하게되네요 ,10
영화 존잼 존잼!! 시간가는줄 모르고봤다. 진짜... 흑형은 나쁘지만 조이는 귀엽고 이쁘다 ㅋ ,10
관람객깜짝 놀라게하는 스릴러 영화 ,6
관람객긴장감 넘치게 봤고 영화가 생각나서 방탈출카페 무서워서 못갈고같다..! ,8
관람객되도록 저녁전에 보시는걸 추천합니다^... 19시 50분꺼 보고 나오는데 집가는 길이 무서워요 ,9
죽는장면신경안쓴듯. 감독이 직쏘영화랑 하우스오브왁스를 감명깊게본것같음. 그래도 재밌었음. ,10
관람객스릴있고 재밌었어요~~~^^ ,10
관람객나쁘지 않은 내용전게 그저그런 퍼즐풀이 ,6
관람객아들이랑 흥미진진하게 보았다. ,10
아만다 내가 너 사랑한다 ,10
재밌게 잘 봣어요~ 별로 잔인하지 않고 긴장감있고 그리고 마지막 반전까지... 데스티네이션 같은 느낌으로 아주 재밌게 봤어요~ ,9
개인적으로 재밌게 봄. ,10
볼만해요 재미있네요~ ,10
잼쭘ㅇㅇ ㅋㅋ ㅇㅇ ㅋㅋ ㅇㅇ ㅋ ㅇ ,10
관람객시간가는줄 모르고 봤어요 방탈출느낌이라 내용이 어렵지도않고! 다음편도 기대됨 ,10
진짜 재밌어요 ㅋㅋㅋ 기대없이 봤는데 짜릿하고 진짜 집중하면서 봤어요 마지막에 먼가가 메이즈러너 느낌도나고 액션 이랑 스릴좋아하시는 사람들에겐 추천!! ,10
관람객시간때우기 괜찮음보고 남는건 없음 ,6
관람객후속작 너무나 기대된당 ,8
참신한 소재로 특색있게 잘 봤음 ,8
개연성이 좀 없긴한데 재밌게봄 ㅋㅋㅋㅋ ,9
다른건 다 문제 없었지만 마지막 2명방에서 환각? 독?에 취한 모습들이 약간 어지러웠음 ,9
"관람객뻔한결말, 그리고 뻔한내용 ",10
진짜 재밌어요ㅠㅠㅠ 한번더볼거예욬ㅋㅋㅋ ,10
관람객별로 안무서웠어요 ~ 볼만 함 ,6
관람객킬링타임용으로는 좋음 ,7
관람객걍 잼씀 뭐 그냥..재미있어요 ,8
관람객긴장감있고 킬링타임용으로 딱! ,7
개끌잼!! 난좋앗다!!! ,10
관람객good ggul jam ,10
관람객킬링타임용으로 볼만해요 ,7
사실 별로 기대안했는데 정말 재미있었다. 시간 가는 줄 모르고 몰입해서 본 것 같다ㅎㅎ 2편도 꼭 봐야디!! ,10
관람객큐브 만큼은 아니지만 덜 잔인하고 몰입감과 음향은 좋네요. 전개가 좋음 . ,6
굿 입니다 굿굿굿  ~~~~ ,10
캡틴마블 상영관을 줄이고 이스케이프룸의 상영관을 늘려라 ,10
올만에 잔인하지 않고 심장 쫄깃한 영화 봤습니다. ,6
솔직히 이런 영화 결말까지 뻔하면 너무 식상 ㅠ ,5
영화관 끝나고 나갈때 문잠겨있을까봐 걱정됬던 영화.. ,10
식상할수도 있겠지만 ㅋㅋ 재밌어요!! 2편 나오면 2편도 보고 싶을 정도로 재밌게 봤어요 ,10
관람객재밋지도 재미없지도않았다 ,6
심야 가볍게 재밌게봤습니다 2편 볼 용의있어요 ,9
재밌어요 짱짱!!!! ,9
관람객깔끔하고 또 깔끔 ㅋㅋ ㅋㅋ ,10
상영시간 적어서 못보겠네 퉤 ,8
후반이 살짝 아쉬웠지만 볼만했음. ,7
관람객Yznsjdjejwsk ,8
재미집니다 보러가삼~~~~ ,10
큐브를 봤을때의 느낌. 게임 같은 영화인데 재미는 있다 ,10
큐브영화랑 똑같은 느낌입니다~~ ,4
이 영화가 별로라기 보다 큐브가 참 잘 만든 영화 ,7
"더 코드 카페 다시는안가,,ㅠㅠ ",10
손에 땀이 너무 많이 났음 개인적으로 재미있게 잘 봤습니다 !! ,10
관람객굿 제미졋습니다 굿굿구5ㄱ 5 ,10
"관람객정말 작가님,감독님  머리좋으신듯요2부예고도 하시고... ",10
인셉션좋아하면 개꾸르잼 ,10
관람객잼써요 볼만합니당 굿굿 ,10
마블의 아버지 스탠리 죽음 조롱한 페미마블 볼바에 이걸 2번본다 ,10
끝부분은 뭔가 몬스터주식회사에서 나올법했다 ,8
리메이크 된 현대판 큐브 손이 땀을 쥘 정도로는 아니고 나름 재미를 찾으면서 볼 수 있다면 괜찮은 영화 ,6
존잼이에요 꼭보세요 ㅠㅠ ,10
관람객쓸때없이 잔인한 장면 없고 괜찮았음 ,8
쏘우처럼 자극적인장연 원하면 보지마시길... 오히려 그런장면들이 없어 좋았습니다 ,9
스릴 넘치고 2편 기대됩니다 ,9
표지만 보고 엄청 무서운줄2 ,8
스토리좋네요~~보면서 조금 스트레스는 쌓이는데 볼만합니다~ ,7
상금이 1만불이아니고?100불아닌가요? ,6
관람객이거은근잼있다ㅋㅋㅋ진짜2편도기대되는구만ㅋ ,8
진짜 존잼... 제발 다들 보러가세요 ,10
기대 안했는데 꿀잼요제이 ㅜㅠㅠ넘나 매력뿜뿜 ,10
(이걸 재밌게 봤다면 케빈인더우즈도 추천해요! 좀 더 징그럽긴하지만..) 긴장되고 재밌게 봤어요. ,10
무족권보셈ㄹㅇ존잼임 ,10
큐브나 여타 퍼즐 영화 생각하고 보시면 아쉬울겁니다. 스릴에 중점을 두려고 퍼즐은 간소하고 빠르게 넘어갑니다. 그렇다고 재미없지 않아요 러닝타임 내내 소름돋고 스릴넘쳤습니다. 떡밥도 잘 회수하고 2편 떡밥도 던져놨으...,10
no way out 우탄박사 ,8
관람객손에 땀나게 긴장하고 봤네요... ,10
관람객처음에는 지루하다가 갈수록 재밌었음 스릴있었음 ,6
관람객정말 몰입도 좋고요 스릴스릴하며 너무잔인하지도 않아서 여자친구랑 보기 좋습니다!ㅎ ,10
관람객전체적으로는 재밌지만 마지막이 여운이 좀 있네요..속편나와도재밌을 것같아요. ,7
"관람객고도로 진화된 방탈출 게임의 느낌, 개연성은 좀 떨어지지만 나름 특수효과들로 인해 오락 영화로는 괜찮음.. ",7
손에 땀나도록 긴장하면서 봣네요 굿! ,8
관람객호기심적인 긴장감과  쉴수없는 전개스토리로 이어가는 스토리에비해 출연진의죽음이 너무 무의미하다고해야할까?뭔가 아쉬운느낌이 남아있는건 끝에 다시  두주인공의 암시적인 도전시리즈가보여서인듯요. ,8
관람객시간가는줄모르고 잼있게봤습니다 ,8
볼거없길래 봣다. 딱 그정도다 ,7
큐브같은 영화를 기대했는데 인물들간의 갈등같은게 별로 긴장감 형성이 잘 안되었던것 같아요. 긴장감형성을 하려고는 했으나 애매했던것 같아서 긴장감같은게 기대했던 것보다 약했던것 같아요ㅠㅠ 그래도 가볍게 보기엔 재밌었어...,7
관람객재밋네연 오지게 재밋네연 지리구연 ,10
관람객재밌네요 방탈출 좋아하시는분들 취저일듯 ,10
신선한 장르라 좋았어요 ,10
기대안하고 봣는데 왠만한 공표영화외 다른 무서움으로 소름끼치게 봤음ㅎㅎ 짱 재밌음 ,10
관람객이런 비슷한 영화들이랑 같은 결말은 아니네요 ,7
관람객방 하나하나 소름돋고 스릴넘쳐서 재미는 있었지만 지금까지 영화에서 많이 다뤘던 내용이라  신박함은 없었고 그냥그냥 볼만합니다 ,8
와 이거 죽이네..ㄷㄷ ,10
재미있음 2편 기대함... ,10
관람객사건진행이 너무 억지스러운 느낌이 있었고 끝이 너무 갑자기 마무리되는 것 같아 아쉬웠다.시간때우기용으로 볼만한 것 같다. ,6
영화가 아니고 방탈출게임 광고 같음. 쓸대없느 떡밥. ,2
기대 안했는데 생각보다 재밌음중간중간 떡밥이 좀 있는데 엄청 우와할만한 반전은 아니지만 보는동안 지루하진 않았음 ,8
관람객처음부터 끝까지 스릴 짱!!!! ,10
재밌돈댘ㅋㅋ 킬링용으로딱!! 잔인하지도않고 딱 적당히 스릴있고 심장쫄깃 ,10
관람객생각보다 재밌러서 놀람 ,10
솔직히 캡틴 마블보다 더 재밌ㅜㅠ ㄹㅇ 띵작 ,10
몰입감 장난아님 ㄷㄷ 2편나오길.. ,10
관람객그럭저럭 재밌게 볼만한 영화 ,6
긴장감최고ㅜㅜ추천합니다 ,10
관람객생각보다 볼만은 했어요 ,8
그냥 보통의 방탈출게임을 영화화 한거 ,7
관람객최고의영화 꼭 보세요ㅋ ,10
관람객긴장감 돌면서 지루하지 않고 재밌었어요~ ,8
관람객2편이 매우 기대되는 영화.시간 가는 줄 모르고 집중하다가 끝남...집중 못하면 이해하기 힘들 수도.. ,10
관람객낫배드한 전개와 스릴 다음편을 이어가겠다는 감독의 강렬한의지 ,7
마지막 멀미방 ㅈㄴ 웃김 ,7
나는 기대이상이었음 평점 7대는 절대아님 8정도로 올라갔으면 하는 마음에 10점드립니다^^ ,10
잼있게 봣습니다!내가 방탈출하는 느낌ㅋㅋ적당히 긴장감있고 좋아요~~ ,10
스토리개연성 7/10몰입도10/10재미도9/10내용3/10총평:문제풀이 한번 실패하고 뒤돌아서 아! 이거였네 하면서 풀어가는 느낌이 너무강해서 조금 아쉽 타임킬링용으로 보시기에는 좋습니다 음식사서들어가지마세요 먹을시...,8
스토리는 큐브+쏘우-잔인함이고 사실 1편 열린결말로 끝내놓고 잘되면 2편 만들고 안되면 열린결말로 끝내려고 한거같음. 결말이 너무 애매하고 살아남은 사람들이 너무 멍청하게 짝이 없음; ,7
간만에 심장 쫄깃한 영화봤다ㅋㅋㅋㅋ ,10
영화가 재밌어요!!! ,10
스릴만점 대박이네요 재미있어요 ,10
그냥 무난히 볼 만 한 영화. 방탈출 소재로 일단 먹고 들어가서 나머지 어설픈 부분이 그나마 커버되네요. ,7
관람객딱히 재미있지도 재미없지도 않은 영화 ,7
후반부에 가서 좀 평범하게 흐르는 것이 아쉽지만 나름 볼만하네요 ,7
방만큼이나 흥미로웠던 생존자들의 연대 ,7
관람객반전있을것겉았는데 생각과 다른 반전이 있었음 ㅇㅇ ,9
관람객큰 내용은 없었지만가볍게 보기 재밌었습니다. ,8
나도 모르게 긴장하고 봤는지 보고 나왔는데 온몸에 힘이하나도 없음 ,8
긴장감있어요 손에 땀이 날정도로끝이 다음 편을 예상하게 하네요 ,8
관람객처음에는 지루했는데 볼만했어요 ,8
관람객재밋게 봤는데 결말이 뭔가 좀 아쉽 ,8
관람객2편은 안나왔으면 하는 결말이었네요너무 노골적이었달까 하지만 킬링타임으로 괜찮은듯! ,7
관람객긴장감놓지않고 끝까지 재밋게 본영화입니다. ,8
계속 몰입하게 되던데여 훅훅 지나감 뻔한것 같기도한데 한번보기 괜찮았음 ,8
좀 더 디테일하게 갈까말까 하다 끝 ,7
극한직업보다 재밌다. ,8
생각보다 훨씬 잼잇네요ㅎ2편도 기대할게요! ,10
"쏘우보다는 큐브 테크를 타고 싶었던 것 같음. 상황은 긴박한데 어째서인지 보는 나는 별로 긴박하지 않았음. 극한 상황임에도 인물 간 갈등이 적은 편이라, 보기 편한 점도 있었지만 몰입감은 떨어졌음. 그럼에도 대체로 ...",7
킬링타임으로 좋은 영화! 잔인하지도 않고 괜찮았음. 내가 주인공이었으면 도움 1도 안됐을듯 ^^ ... ,7
관람객2편이 나오겠죠? ㅎㅎ ,8
기대 안하고 봤는데 생각보다 재미있어요후속편은 보다 추리적 요소가 가미되길 ,8
관람객긴장감이 나름 풍부해서 볼만한 영화~다만 결말이 너무 뻔했다 ,8
캡틴마블보다 훨낫네 굿굿 ,10
"집사람이 보자해서 재미없을듯 했는데..재밌다,시간가는줄 모름~! ",10
아만다 넘 아까운 캐릭터ㅜㅜ 잔인한 영화 못봐서 딱 좋았음 ,10
관람객쫄리는 재미가 있음 ~~~ ,6
큐브를 기대하고간 내가 잘못이다~! 기대치가 너무 컷다~!! 하지만 나름 괜찮은듯~! ,7
내기준 캡틴마블보다 훨잼낫음 ㅋㅋㅋ 졸잼 ,10
때론 기대없이 골랐다가 만족스럽게 보게되는 보석같은 영화가 있기 마련인데 이 영화가 바로 그런 작품! ,9
신선하다 재밌다 시간 가는줄 모르고 봤다 진심 이게 재미없다는 인간은 최소 캡틴마블쪽 인간들 ,9
"그냥 나쁘지 않은 방탈출 영화. 기대하고 보면 실망할지도. 그리고 2편을 위한 영화 같은 느낌이 들었음. 나올지 안 나올지는 모르겠지만, 왠지 2편이 더 재밋을 듯? 아무튼, 문제는 한국인은 하나도 못 풀게 만듬.....",6
방탈출덕후가 삘받아서 한시간반만에 시나리오 완성한듯함 ,1
"킬링타임으로 좋네요 ㅋㅋ 재밌어요, 근데 좀 더 관객과 같이 푸는 재미가 있었으면 좋았을거 같긴해요 ",7
관람객꿀잼.2편각 오지게 잡아놨는데 무조건 본다 ,10
꽤 재밌었다 ! 그리고 럭키는 벤인듯 ,8
관람객재미있는데요? 왜 재미없다고들 하는지 ,10
킬링타임용 영화 아쉬운 스토리 ,5
먼가 부족한... 큐브가 더 재밌었음 ,5
모르겠다 흠...한번으로 족한 영화 ,5
관람객쏘쏘였어용 공포치고 무섭진 않음! ,8
관람객아만다 존멋 ㅠㅠ 안타깝네요 ,8
관람객재미있어용 긴장감이 진짜ㅠㅠㅠㅠ ,10
진짜 내인생 역대 스릴러영화가 될듯...첨부터 끝까지 몰입감 장난아님...내가 방탈출는줄ㅠㅠ안풀린거많아서 2편기대돼요.ㅎㅎ재미없다는사람 이해안감... 그냥 좀 인물들 죽어서그런듯ㅠ하여간 보는내내 몰입감있어서 스릴있었...,10
큰 반전이나 공포는 없지만 상영시간 내내 긴장하게 만드는 재주~ ,7
영재발굴단의 방탈출이 떠오를는건 왜일까? ,8
너무 재밌었고 스릴 넘쳤어요!!! 2화도 보고 싶어요~~공포 못 보는 사람들은 이 영화 보면 좋을 듯 ,10
페르마의밀실이랑 큐브 섞어놓은것같은  이런 영화 너무좋아 ,10
남자친구랑 간만에 재밌게 봤어요ㅋㅋ ,10
광고에서 나온장면이 모두인 영화 ,6
관람객후속편도기대되는영화 ,8
나름 최신감각으로 볼만하다. 하지만 90년대 명작공포 '큐브'에는 못미치는.. ,7
빨리 2편 나오면 좋겠다.. ,10
난재밌었는데 평점생각보다낮네용? ,10
관람객큐브영화랑 모티브가 비슷하지만 나름 재미있거 봤습니다. ,8
재밌게 봤어요. 뒤집어진 방에서 손에 땀나죽는줄 ㅠㅠ ,8
기대다 너무 컸던 탓인지 실망이 큰 영화내가 추리할수도 그리고 예측할 수 도 없어서 큰 흥미가 없었다 ,6
기대안했으나 상당히 재밌게 봤음 ,10
소재는 좋았는데 좀 엉성했네요....쏘우가 부모라면 얘는 직계는 어림없고 한 8촌쯤? ,5
관람객2편 기대됩니다~ 담에도 꼭 봐야지 ,8
관람객오프닝영상 연기잘하네 진짜 재밌음!! ,10
긴장감 넘치고 스릴 있는 장르를 좋아하시는 준들이라면 이영화를 추천 합니다. ,10
중반부부터 졸려요 초반은 엄청 재밌음! ,8
영화관에서 영화 잘 안보는데 이건 예고편부터 막 끌려서 봐야겠다 싶었음. 와우 근데 영화 몰입감이 진짜 개쩔어요 내가 지금 영화 속 안에있나 영화를보는건가 싶을정도로 깨어나질 못함 꿀잼 ,10
관람객다음편이 기대되는 영화 ,8
재밌다는 사람들은 영화 속 배후들과 뭐가 다른가..? ,5
왠지많이보던영화같은 느낌이였지만잔인하지않고 긴장감있고 다채로운영상을 보여줘서 만족 ,9
쏘우 1 만한 영화는 없다 ,5
예상한대로 흘러갔지만 저는 재밌게 봤어요 ! ,10
나쁘진 않은데 좀 많이 우려먹힌 이야기 ,6
파즐을 풀어가는게 아니라 진짜 운빨? 로 때려맞추는 느낌이라 되게 답답했음.. 약간 페르마의 밀실이랑 비슷한 느낌인데 이런 장르 좋아해서 기대하고 봐서 그런가 실망스러운 느낌 ㅜㅜ ,4
쏘우 큐브 등등에서 충분히 우린 소재 ,6
"관람객후작은 더 스릴 있게 해야 할 듯 하네요. 방 옵션이 너무 간단! 덥고, 춥고, 등등 너무 실 생활에 가깝다는 느낌 ",9
영화 시작부터 끝까지 긴장감으로 계속 보게 만들었네요 ,10
큐브에 이은 밀실탈출 시리즈의 신호탄 ,8
관람객기대보단 아니지만 볼만해요 ,4
전편을 알리타를 봐서 그런가..ㅋㅋ 너무 별로였다.. 긴장감도 전혀 안느껴졌다 나만 그래?? ,6
관람객꽤나 몰입도 있는 진행. 그러나 단지 그 뿐인게 아쉬운. ,7
관람객흠 생각보다 앵간볼만해욘 ,6
관람객너무재밌게봤어요 시작부터끝까지 긴장감좋았어요 ,10
관람객쏘우 큐브를 재밌게 보았다면 꼭 봐야할 영화 강츄 ,8
초등 아들하고 봤는데  잼나네요. 시간 때으기 보단 깔끔하게 연출     컬럼비아 픽쳐스.    주말 가족 오락용으로 추천 ,9
오랜만에 잼있는 영화!! ,8
관람객다 좋은데 후반부 결말 때문에 9점 ,9
관람객크잼나네스릴있네 크 마무리부족 ,10
재미졌다 긴장감이 ㄷㄷ 케빈인더우즈느낌임 ,9
영화 많이 보신 분은 자기의 예측력을 시험 할 수 있는 영화 이 장면에서는 뭐 나올거 같고 이렇게 흘러갈거 같다 전부 예측 가능함 잔인할 줄 알았는데 잔인한 장면 없어서 좋았고 그냥 킬링타임용인듯 2탄 만드려고 하는...,6
흥미진진 ...재미있네요 ^^ ,8
관람객이거 보면 방탈출 못합니다!! 진짜 ㄹㅇ 개꿀쨈!! ,10
관람객전개가 좀 아쉽지만 재밌었습니다 ,8
관람객몰입감은 확실햇다ㅋ생각보다 재밋엇다ㅋㅋ 유아틱하지 않다 ,8
관람객몰입감은 확실햇다ㅋ생각보다 재밋엇다ㅋㅋ 유아틱하지 않다 ,8
관람객2편기대해봅니다!! ,6
관람객스릴만점이고정말좋았다 ,8
B급 팝콘무비인줄 알고 봤는데 정식 스테이크 무비 횡재 벌써 2편이 기대궁금! ,10
관람객기대이하 아쉬웠음 손발에 땀이 날정도는 아니고 그낭 소소함 ,6
관람객영화가 조금 스릴러인 느낌ㅋㅋ!! ,6
관람객재밌었움 2탄 기기기기대대대 ,8
고어물이아니라서 더 좋았던영화 ,8
내용이 깔끔하고 좋네요. 군더더기도 없고.. 시간잘가고 스토리가 볼만합니다. ,9
관람객속편이 기대됩니다 . 재밌게 봤네요 ,10
이런 영화 보통 잔인하게 제작해서 자극적으로 만드는 영화가 많은데 그러지않음에도 나름 스릴 있고 좋았어요 거꾸로 방 전화기 소리 은근 스릴..나쁘지않게 나름 볼만한 영화인거같아요 ,8
재밌어요 영화 끝나자마자 방탈출 하러 가고싶은 영화 ,10
관람객재미있습니다 ^^ 놀랫긴햇지만 재미있엇어요 ,10
관람객재밋지만 뭔가 끊긴 느낌 ,6
관람객긴장감은 있는데 힌트 얻는게 너무 개연성이 없다 ,8
대박 재밋음..대박ㅠㅠ ,10
관람객그냥그래요..  기대안하고보시는게좋을듯해요 ,6
관람객무서운거 잘보는데 효과음때문에 깜짝깜짝 놀래고 흔히 아는 방탈출카페랑 차원이다르게 디테일이 살아있는 방탈출 영화같음 ,8
엄청난 반전은 아니여도 걍볼만했음 ,8
관람객좋아요.재밌어요. ,8
이제 방탈출안해야지ㅎㅎ ,10
생각보다 재밌었다 쏘우와 큐브가 생각하는 영화 ,8
관람객심장쫄깃하면서 본거치곤 내용이 엄청 창의적이질않았어요. 쏘우나 큐브 재밌게보셨다면 추천할께요 ,5
꽤 재미있음. 속편이 기대됨. ,9
손에 땀남. 몰입감 대박이고 사람에따라 어지러울수도있을듯 ,9
보는 내내 심장이 쫄깃.. 재미있었지만 너무 큰 기대는 마세요. ^^ ,8
뻔한 스토리지만 몰입감은 최고~^^ ,8
관람객재밌고스릴있었어요 2편기대해요 ,10
오늘봤는데요 재밌어요 마지막에 비행기에서 2편이 나올거라는신호를 줬음 ㅋㅋ 굿 ,8
뻔하지만 재밌음. 결말에선 띠용스러운데 2편을 위해 그렇게 전개한 것 같다 ,8
관람객재미있게봤다... 극한방탈출 ,6
관람객볼만하지만 뻔한영화다. ,7
갑자기sf분위기나는 엔딩에 초반까지는 좋았으나 인물들의 깊이부족과 그냥 킬링타임으로만 좋은 영화. ,5
댓글보고 기대안해서인지 괜찮았다. 고소공포증이 있다면 추천한다. ,8
관람객대체로 재밌는데 병원씬에서부터 강력하게 느껴지는 클리셰들... 특히 마지막 비행기씬은 나우유씨미2 비행기씬과 똑같았다고 생각;; 새롭지는 않았다 ,8
큐브같은 영화 기다렸는데 개봉해줘서 감사합니다 ,10
"관람객정말 실감 넘치고, 손에 땀을 쥐게 하는 순간순간이 짱잼. ",8
관람객영화다보고나면 방탈출카페못감 ,8
관람객기대를너무했네 생각보단조금아쉽습니다 ,6
관람객생각보다 괜찮 킬링타임으로 좋음ㅎ ,10
재밌습니다 근데 외국영화도 알바가 있나 ,10
관람객귀막고 다봤다... ㄷ ㄷ 진짜 후덜덜함 ,8
기대 1도안해서 그런지 몰입감 압박감 최고였어요ㅋㅋ 전재밌는데 생각보다 평점낮네요...알바아니고 진짜 관람객입니다 ,10
볼만했음 생각보다 안 무서웠음 ,8
보는 내내 흥미진진하고 재밌어요 왜 평점이 낮은지 이해가 안된다능.. ,10
시나리오가 잘 짜여진 흐미 진진한 수작 ,10
관람객재미지게 봤습니다~~ ,6
관람객그냥 그저 그랫음 보세유 ,6
관람객킬링터임용으로 좋음ㅎㅎ ,8
방탈출 좋아하면 재미있게볼것같습니다. ,10
방탈출할 때만큼은 진짜 스릴있고 흥미진진함 근데 개연성?이 좀 그럼 ,9
관람객정말 재미 있는 영화내용~ ,10
재밌게 봤다!! 보길 잘 했다 영화 잘 만들었음 굿!! ,10
관람객2편 나오겠네 방탈영화 오랜만이네 나왔네 ,6
착시현장씬 볼만햇음니다 ,6
관람객재미있네요 2편나온다면 긴박하기만한 방탈출말고 복잡함을해결하는구도였으면 ,8
큐브와 쏘우의 짬뽕. 용두사미의 허무함. ,5
볼만한 영화 없어서 봤는데 호불호가 있을듯한 영화난 괜찮았는데 친구는 얼마안되서 자더라구요ㅜㅜ ,5
관람객재미있어요 중간에 오류가있었지만 볼만했어요 ,9
관람객오랜만에 재밌는영화봤다 ,10
몰입감 오지구요~... ,8
오랜만에 재밌는 영화 봤어요~ 끝이 조금 아쉽긴하지만 보는내내 시간가는줄 몰랐네요~ 재밌어요~^^ ,9
관람객볼만은 했는데 너무 진짜 ..단서 쉽게푸는듯 멘사들인줄 ,8
지루 할 틈도 없고 반전아닌 반전도 재밋졍 ,9
킬링타임용으로 재밋게봤어요 ㅋㅋㅋㅋ ,8
관람객초반에 빠른 전개나 몰입감이 쩔었던거에 비해 결말이 아쉽네요.. 후속편은 뭔가 장르가 달라질거 같은 느낌 ,6
나 재밌게봣음ㅋㅋㅋㅎ ,10
관람객잔인하지도않고 볼만한 영화엿어여ㅎㅎ^^ ,8
관람객나름 재밌었던 영화였네요 ,8
몰입감 최고 막 보고 나왔는데 계속 손떨림 ,10
관람객방탈출 ㅎㅎ 재미있어요 ㅎㅎ ,9
벤 너무 찌질하고 귀여워요.. ㅠㅠ ,10
킬링타임용으로 최고네요... 엄청 재밌게 봤음. 신선함으로는 몰라도 긴장감만큼은 큐브에 OOO 않네요 ,7
관람객그럭저럭 볼만했어요 ^^ ,6
후반 갈수록 긴장감이 줄어들지만 초반 물컵탈출은 ㅇㅈ할수밖에 ㅋㅋ ,10
진짜 후회없는 영화!! 팝콘도 다 못먹게 만드는영화!! 그정도로 몰입감이 쩌는 영화!! 꼭 보시오 후회하지 말고 ,10
캡틴머블보다 재미씀 개인적으로는 조금더잔인해도 괜찮치않았을까 생각되네요 ,8
로건 밀러 귀여워... ,5
관람객볼만함니다. 염화 볼것없는분들만. ,8
관람객이건 2편을 위한 워밍업이었음 ,7
관람객재밌었어요! 2편이 나올거같네요 ,10
마지막 부분이 이해가 좀 안됨 건물 자체가 시뮬이였던 거임??나머진 다 재밌음 ,9
관람객괜찮은 킬링타임용 영화! ,8
관람객개재밋습니다진짜개재밋다고 ,10
관람객흥미진진하고 손에 땀을 나게하는 영화였습니다. 강추 ,10
왠지 쏘우를 따라한 느낌 딱 4점짜리 영화 ,4
관람객볼만한듯 괜찮았어여 게임지긋지긋할듯... ,8
승률 4%. 승률이 없으면 게임이 아니지 ,10
실제론 완전 좋음! 꼭 보셔요! ,10
관람객재밌네요 2편이 기대 되네요 ,10
관람객재미 있어요^^처음부터 몰입감 바로 시작이에요 ,7
관람객후반부가 좀 아수운.. ,6
그래 오타였겠지... 꼴랑 만달러에 저짓을 어찌해... 누가 살아남을지는 뻔히 예상되지만 그 과정이 손에 땀을 쥐게 함 ,7
몰입도 짱이에요 어느새 손에서 땀나고있었음. 후회없씁니당 ,10
지루하지않고 괜찮았어요. 군더더기 없네요. ,8
관람객잼잼나요~잼잼나요~* ,8
누가 해석좀 ㅠㅠ 이해가안돼요.. ,9
관람객징징대거나 민폐캐릭이 없고 지루하지 않게 빠른 전개가 볼만함 ,8
관람객킬링타임용 나쁘지않음 ,8
영화관에서봤는데 몰입력 짱;;;; ,10
솔직히 끝 마무리가 구리긴한데넘재미씀 몰입도좋고 손에땀남ㄷㄷ ,10
관람객죠어요~~~아히하..하 ,10
2 기다리게 되네 진짜 재밌다 ㄹㅇ ,10
"솔직히 기대를 안하고 봤는데 ,  처음부터 끝까지 몰입감 최고, ",8
소ㆍ엩남을쥐게하는!! ,10
관람객나름 재미있었음 손에서 땀남 2편 나오면 봐야징 ,8
재밌고 괜찮어요 ~~!!! ,8
관람객우리나라는 방탈출 인기가 다 식어갈때라..쏘우 순한맛 ,7
관람객잔인하진 않았지만 스릴감이 정말 넘치고 그래서 무섭기도 했어요ㅠㅠ 흑형 몸매 짱이지만 그의 비인간성에 탄식이 나오고 아만다 정말 존멋이었습니다 공포물 극혐주의자라 사람이 너무 쉽게 죽는것같아서 마음이 조금 안좋았어요...,8
방금 보고 왔는데 첨부터 끝까지 몰입해서 봤음. 약간 큐브+쏘우 순한맛 느낌 ,9
스릴이 있긴 하지만 그냥 뻔함. 기대가 커서 그런지 실망 했음 ,6
볼만했음..~~~~ ,8
너무 몰입해서 등과 목이 뻐근하네요..스토리는 빈약할지라도 영상미가 굿굿!!! 2편기대합니다 ,8
생각보다 재밌음ㅋㅋㅋㅋ ,9
TVn에서하는 대탈출의 하드코어버전. 수준도 비슷한게 문제라면 문제... ,7
관람객진짜 재밋게 봤는데 결말이 조금 연관성이 없었던것 같기도 하고. 하지만 정말 재밋어요!! 강추 ,10
스릴있는 영화 추천!! ,10
스릴감넘쳐서마음조리면서봤음진짜대박잼 ,10
남친은 잔인하길 기대한것 같은데 난 딱 긴장감 넘치고 좋았음 ㅋㅋㅋ 2편이 기대됨 ㅠㅠㅠ ,10
관람객처음부터 마지막까지 긴장을 놓치지 않고 볼 수 있었어요.다만 마지막이 찝찝해요 ,10
진짜 재밌는데 경쟁작 알바가 테러한게 괘씸해서 평점 달게되었습니다 ,10
방탈출 좋아하면 진짜 재밌게 볼 수 있는 영화! 2탄이 기대됩니다~~ ,10
관람객재밌었어요!! 2편도나오면 봐야지 ,10
관람객간만에 잼있게 본작품 2편 기대됨 ㅋㅋ ,10
관람객보는내내 심장 쫄리고 너무너무 재미있었어요 결말도 괜찮고 내용도 괜찮았어용 ,10
이런 스타일 좋아라 해서... 만족했음. ,9
스릴 넘쳤음 긴장감있게 잘풀어낸 것 같아요. 잔인한 장면이 거의 없어서 잘 본 듯 ,10
관람객스토리 의 스릴과 게임속으로 빨려 들어가는 듯했습니다 ,10
기대 안하고 봐서 그런가 평범하게 볼만 하네요. 기대하지 말고 가볍게 보세요~ ,10
와 진짜 개꿀잼입니다. 개인적으로는 큐브만큼 재밌었어요. 스릴러 좋아하면 꼭 보세요. ,10
"요즘 개봉관에서 전폭적으로 미는 영화보다 나은것 같고, 2편은 언제나올려나???? ",9
"기대 안 하고 봤는데 , 재미있었음~마치 메이즈러너 처음 봤을 때에 느낌이 들었음 ",10
관람객뭐 기대는 못미쳤지만그런대로 ,6
긴장감이 장난 아니네요재미 있어요 ,9
잘봣는데 진짜 대놓고 2편 만들꺼니까 제발 봐줘 호기심 유발을 아주 대놓고 마지막에 하고 끝나는 영화 ,6
재밌네요~~~~ㅁㅁ ,10
스토리도 좋고 재밌습니다 ,10
관람객초반엔 긴장감있게 진행되지만 후반부로 갈수록 줄거리가 엉성해짐 ,6
"예매 순위를 보고 다른 영화보다 조금 더 신선한 이야기를 기대하고 갔으나 결국은 뻔한 전개, 뻔한 스토리... 꼭 어디서 본 것 같은 영화. ",4
기대안하고봐서 재밋게 본듯 ,8
 페르마의 밀실류와 비슷한 소재. 긴장하며 볼수있고 스릴은 좋으나 뒤로 갈수록 힘빠지고 개연성 부족 ,7
관람객ㅇㄴ멘주카재쿠자큰 트낮 ,8
다시금 돌아봐도 피튀기는 잔인한 장면이 하나도 없었는데 이런 스릴감을 느끼게 할 수있는 영화! ,10
잔인한 장면 없어서 좋았고 스릴감도 장난 아니었음 근데 단서 찾는게 뜬금없었다..갑자기 단서가 나오고 끝을 보니 2편이 나올 것 같은데..전체적으로 봤을 때는 꽤 재밌었다 ,9
관람객지뇽이랑 개재밋게봤다 ,10
관람객재밌어여!!! 심심할때 추천!! ,10
관람객역시나 그놈이 제일 먼저 죽더라 ,8
관람객킬링타임용으로 너무 좋았어요^^ ,8
관람객쏘우+큐브..생각지도 못하게 재밋게 봣습니다 ,8
관람객시리즈 물인지 모르고 봤는데....ㅎ 그래도 흥미진진하네요 ,10
관람객생각없이 볼만한거 가틈 ,8
관람객그럭저럭그럭저럭그럭저럭 ,6
관람객 스트레스 받으며 재밌게 봤어요 ㅎ ,8
관람객재밌어요!!근데마지막이찝찝해요ㅠㅠ방탈출좋아하면더재밌을것같아요 ,10
관람객스릴잇고재미잇네요굳국 ,8
재밌던데? 오랜만에 옛날에 그 방좁아지는 문제푸는 영화도 떠오르고 좀 난잡한 감이 없지않아있었지만 그래도 나름 흥미롭고 박진감넘쳤음 2 나오면 또 보러갈들 ,10
관람객중간중간 개연성떨어지는 부분이 아쉬웠지만 볼만했어요 ,7
관람객재밌었습니다! 2탄 기대되네요 ㅋㅋ ,8
스릴있게 봣네요!! 무섭진 않고 집중해서 보게 됩니다 후속편도 기대되네요 ,9
초반 몰입감은 좋은데 이상하게 중반부쯤부터 긴장감이 덜해진다. 19세 영화로 하고 잔인한 장면 몇개 더 넣으면 더 시간가는줄 모르고 봤을듯. ,8
관람객스릴감있게 재밌게 잘봤습니다 ,8
관람객흔한 스토리와 컨셉이지만 결말에서 약간의 차별화를 둔 영화. ,6
방탈출카페 가고싶어요 ,10
관람객너무 잔인하지않고 한번만 볼만한 방탈출 영화 ,6
관람객재밋내용생각보다 이편기대 ,8
관람객어린이용 추석영화.많이 싹뚝싹둑 한 느낌생각없이 보기에 좋습니다 ,7
관람객자극적이지 않은 큐브라는 말이 맞는거같당 ,10
재미있습니다 영화를 너무 어렵게 보시는분들 그영화 그세계관을 생각하고보십쇼 다른 영화와는 비교하고 보시면 안됩니다 개인적으론 재미있습니딘 ,8
관람객빠른전개에 스릴있어요 ,8
기대 안하고 봤는데 의외였습니다 ㅋㅋ 별 5개 ,10
밑에가 넘무 무서웠다 ㅠ  딸기청호띡아스케키 ,8
미국판 신이 말하는대로 ,8
방탈출을 소재로 해서 어쩌면 뻔해보이는데 진짜 지루할 틈을 주질 않아서 스릴감이 있었다. 후속작을 이미 확정지었다는데 매우 반은 기대되고 반은 이 스릴을 뛰어넘지 못할까 걱정도 된다. ,10
보는내내 손에 땀이 줄줄났어요.. 존잼.. ,10
잔인한거 없이 적당히 볼만합니다~ ,8
임팩트가 부족한 영화였어요 ,4
관람객볼만한데 갑자기 2탄 만들려는 결말이.. 너무 허무하기도했고 ㅠㅠ ,8
관람객다섯명중세명죽더라ㅠ ,8
트랩 극장판인듯..이거보고 모티브얻은듯 ,6
결말 빼면 볼만합니다~ ,6
관람객직쏘와 비슷한 느낌이었어요. 볼만한 영화엿습니다 ,8
디씨판 쏘우...욕심은 있으나 성급했다 ,2
관람객기대없이 봤는데 재미있네요 ,8
관람객2편강력하닼ㅋㅋ그럭저럭봣습니다 ,4
보는 내가 지치는 영화 몰입감은 좋음 ,7
처음에지루했지만 중후반부터 꽤스릴감잇음 ,8
재밋게 보고 왓어요. 쏘우랑 큐브 섞어놓은 듯한 영화네요 ,8
재미게 봤는데 여주인공의 어설픈 연기로 오글거렸습니다 ,7
관람객스릴있네요.아들 손 꼭잡고봤어요 ㅎ ,7
생각보다는 떨어졌지만 재미있게봄 ,8
재미있어요 가볍게 볼만해요 ,10
관람객재미있게 잘 봤네요 정말로 ,8
관람객완전 놀람의 연속임 근데 작가가 돌아이만 아니면 좋겠네요 2편도 소름일듯 ,8
관람객비슷한 스토리의 영화가 있었지만 지루하지않게 잘 만들었네요 ,8
쩐다... 헐리우드 스타일 ,10
관람객재미있네요  다음편도나왔으면좋겠어요 ,8
요새 하도 볼게 없어서 그냥 생각없이 보러갔는데 생각보다 꽤 괜찮음 ,8
잼나요 ㅎ굿입니다  ㅎ 꼭보세요 ,10
쏘우+큐브. 갠적으로 큐브를 굉장히 재밋게봤어서 이 영화도 재밋게봤음 . 큐브는 잔인한 장면이 꽤나오는 반면 이 영화는 그런 것 없이 몰입감 최고임. 2편을 기다립니다- ,9
관람객딱중간 정도재밌에요... ,6
기대하지 않고 본거라 더 재밌었어요. ,9
봉만하고재미잇엇습ㅁ미마 ,10
관람객 시간 가는 줄 모르겠 재밌게 봤습니다 추천합니다. 상금이 만 달러가 아니라 100만 달러 였군요 ,10
관람객지루하지 않고 잘 봤어요 ,10
스릴있는 시간볼 만해요ㅋ 재밌음ㅋㅋ ,9
볼만한 영화 입니다.. ,8
이곳이 유튭 인싸가 홍보한 그 영화인가요? ,9
관람객영화 보는 내내 긴장감도 있었지만 결말이 좀 별로였어요 ㅠ .. 좀 허무 합니다 ,8
관람객2편을 볼 생각이 있다. ,8
관람객생각보다 잼있네요후속편도 나온다면 볼 예정입니다ㅎ나쁘지않아요 ,8
"내가 방탈출하는 기분,, ",10
다음편이 기대되는 영화 ,9
관람객신선했다. 푸우레쉬이 ,8
재밌긴  했는데  박평식  말이 맞긴 맞음ㅋㅋ ,7
저는 그냥 볼만한데.. ,7
알바구요 재미있습니다 알빱니까? ,10
"재밌는데 뭔가.., 너무 금방금방 방을 통고ㅓ해버리는거가틈 ",9
대박인데 이거 ㅋㅋㅋ 마블 쓰레기보단 이런게 영화맞디 ,10
와 근데 진짜 재밌긴 하던데 간박하구 ,9
관람객2편 나올듯 괜찮네요... ,8
7~8점 영화? 봐도 안 봐도 상관없음.. 약간 질질 끄는 면이 없지 않아서ㅠㅠ 그래도 재밌게 봤습니당 ,8
시간 가는줄 모르고 재밌게 봤음! ,10
재밌구만 보기 좀 하고 평좀하쇼 ,10
쫄깃쫄깃한 긴장감과 스토리 전개가 아주 맘에드네요~강추 ,10
관람객2편이 더 기대되요아슬아슬 재밌네요시간가는줄 모르고 봤어요~~ ,8
탈출을 위한 방 구성이 흥미로웠고 이야기 구성도 나쁘지 않았고 전개도 빨라서 몰입감 하나는 정말 최고였던 영화 퍼즐이 뭘까? 라는 재미보다는 푸는거 구경 하는 쪽이 더 맞는 듯 기대 그렇게 안 했는데 재밌게 봄 ,8
볼만은 했지만 아쉬운 느낌 ,6
방탈출 좋아하는대 개꿀잼이었어요 ,10
초중반까지는 봐줄만 했는데... ,4
킬링타임 손에땀나는 영화 ,8
관람객큐브가 생각나지만 마무리가 좀 아쉬운영화 그러나 나쁘지않음 ,8
관람객스릴넘치고 재밌어용!! ,8
관람객킬링타임으로 보기에 제격인것같구 재밌어요! ,10
등장인물들이 넘 착하다 ,7
관람객후반부가 지루하네요. Soso ,7
재미남ㅜㅠ 보고나니 방탈출겜은 못할듯ㅜㅠ ,10
잔인하지않고 스릴있게봤어요 동생이랑재밋게봣네용!! ,10
영화를 집중하면서 봤던건 되게 오랜만!! 스토리도 괜찮았음~ ,10
관람객이런 장르를 좋아하는지라 기대를 너무 많이 했는지 딱 예고편보고 기대했던 그 이상은 아니었고 이하?ㅎㅎ 재미없진 않았지만 전체적으로 따지고보면 그냥저냥 쏘쏘ㅎㅎ ,7
진짜 생각없이 그냥 봣는데 예상보다 훨 긴박감잇고 꿀잼엿어여 ,10
개연성 따지지 않고 보면 괜찮아요~ ,8
관람객기대안하고 봤는데 재밌어요~~~ ,10
관람객볼만합니다 볼만합니다 ,7
스릴갑 몰입도 최고!! 2편도 보고싶어요 ,10
솔직히 오랫만에 볼만했다 ,9
꿀잼! 엄지척! 스릴있고 재밌었음 ,10
적당한 스릴감 적당한 몰입감 ,8
현존하는 시중의 방탈출 시스템을 이렇게 바꿔야 한다 ,10
꿀잼 왕 잼 ㅋㅋ큐브좋아하는분들은 꼭보세여 ㅋ ,10
관람객- 한줄평 : 쏘우 순한맛 ,8
관람객조금 억지스러운 면도 있었지만 한번 쯤은 봐도 괜찮은 영화였습니다 ,6
잔인하지않은 쏘우 큐브같음 ,10
관람객너무 재밌고 다시 봐도 재밌을 영화입니다 ,10
개꿀잼 ㅠㅠㅠ 꼭보세요 ,10
"이런 영화는 대부분 잔인한 부분 많이 나오는데 그런 장면 하나 없이 깔끔한 스릴러로 괜찮았음 스토리,배우들 연기, 완벽했다.다한증도 없는 나는 위아래 바뀌어있는 Bar 테마방에서 손에 땀이 흠뻑,, ",10
대박... 이라고밖엔 ,10
관람객큰아이랑.같이.봤네요.재미있게.잘봤습니다 담편도 기대되요 ,8
관람객재밌었어요^^2편 기대되네여 ,8
관람객재밌네요 기발한 내용입니다 ,8
중간에 졸긴했는데 재밌게봤어요 ㅋㅋ ,8
"몰입도는 두말할것 없이 최강 러닝타임동안 지루할틈이 없었다 하지만 흑인 여자아이의 캐릭터 설정이 영화의 마이너스 요소, 결말의 반전을 위해 억지로 넣어놓은 인물같아 더욱 매력있는 캐릭터를 대신 넣었으면. ",8
관람객몰입감 좋고 재미있네요! ,8
관람객중간에 갑자기 쏘우로 변하다니....초반 몰입에비해 맥빠짐 ,6
날나름재밋엇움여오여여여영 ,10
"관람객그냥 시간때울때 보기 좋은 그런 영화,,, ",5
관람객별 생각없이 보기 좋은 영화 ,8
존잼 스릴굿 재밌네요! ,10
2편 나오면 끝장이다. ,8
관람객방탈출게임을 한번도 해보지 못하는데 시도도 못하겠는 영화. ,9
재미는 있는데  뭔가 부족행~~  ㅡㅡ 2탄나와라 ,6
"재밌게 봄, 방탈출 좋아하는 사람은 꼭 보시길 ",10
"관람객기대안하고 봤는데, 긴박감 넘치고 스토리도 갠찮았음 ",8
큐브+쏘우 탈출직전의 그 심장 쪼는 긴박함 긴장감 스릴이 장난 아닙니다 ㅋ ,10
관람객1000만원인가... ,10
관람객2편을 기대하며 ㅋㅋ잼잇슺니다 ,8
대존잼입니다 꼭바여 !!! ,10
관람객재밌는 편이에요 딱히 잔인한 장면 없고 주로 긴장감을 조성해서 끌고가는 느낌...? 근데 짧은 시간 안에 여러개의 방을 탈출하니까 방 하나하나에 들이는 시간이 좀 부족해서 아쉬워요 그런 점 말고는 무난하게 잘 만들긴...,8
관람객굿 시간때우기 미 ㅕㅅ쥬 ,10
재미있을 줄 알고 봤더니 그냥 그랬네요...두번은 안본다~~ ,6
관람객하나도 안무섭네요 재미는 보통 ㅋㅋ ,7
시간이 훅지나가는영화 재미납니다 ,10
관람객쏘우 - 잔인함 = 이스케이프룸 ,10
와... 굉장히 명작이다...  이 정도는 아니구요...걍 볼만한 수준입니다... ,10
관람객흠..잘모르겠네요ㅠㅠㅠ ,2
재밌게 봤습니다~~!! ,8
이게 왜 8점대지..? 평점보고 노잼일까 걱정했는데개존잼;;스토리 좋고 개연성 쩔고 손에 땀남...개존잼 큐브보다 재밌어요 ,10
나 방탈출 짱 좋아하는데 존잼이네 이건 내가햇던거랑 완전 차원이달라서 더 짱잼으로 봄 ! ,10
재미없음 너무뻔하고 스릴넘치지도않아요 ,1
시사회로 봤는데 노잼... ,1
기대에못미침 짜집기느낌 ,6
재밌었어요킬링타임용으로 보기 좋은듯 ,8
관람객킬링타임으로 괜찮ㅋㅋ ,7
"관람객큐브의 재해석 , 2탄을 위한 갈망 ",7
"재밌어요.긴장되고,흥미롭고.. ",8
방탈출 하러 가야겠다!! ,5
보면서 쏘우 생각나는건 나뿐이였나....? 스토리가 좀 고전적이긴 하다만 볼만했음 ,6
모든 케릭터들이 다 불쌍함... ,8
관람객그럭저럭 볼만함 후속편 챙겨볼거 늘었네 ,6
관람객쫄깃하구재밋엇음다~~ ,10
큐브+10억+쏘우+이스케이프 = 이스케이프 룸 ,10
재밌었음 ㅋㅋ 방탈출 좋아하는데 이거보고 나서 한 3달은 못할듯.. ,10
관람객2편 나오겟네..비행기 ,4
관람객굿 이쳔 나와라 또 본다 진짜다 ,10
이 썅 평좀 보러왔다가 스포당해버렸네 스포하는 새기들 남은 올해 가시밭길만 걷기를 ,10
재밌었습니다. 약간의 허술함도 있었지만 킬링타임용으로 굿 ,8
관람객걍 적당히 재밋습니닺ㅋ ,8
보는맛이 쏠쏠하고 재밌었음 현실성 따지는사람은 스토리 짜증날듯ㅋㅋ ,10
오랜만에 재밌게 몰입해서 본영화입니다. 끝에는 다소 아쉽지만 긴장감있게 2시간동안 본거 같음 ,10
중간중간 아 답답하네 싶을 때가 있는데 다보고 나오면 그런거 없음. 정말 잘만들었다. 2도 나온다는데 기대해봅니다. ,9
ㄹㅇ 정신없음 진심  시간 많으면 보세요 ,1
아우 이영허ㅏ 재밌느데요 ㅎㅎㅎ ,10
캡틴마블이랑 이스케이프룸이거 둘다 봤습니다 공통점은 중간에 잠깐 졸았습니다 그리고 다음편 떡밥으로 마무리 ,4
개봉하자마자 봤는데 재밌어요 ㅠㅠ 손에 땀나고 긴장감넘칩니다 진짜 꼭 보세요 ㅠㅠㅠㅠ ,10
관람객개연성이 살짝 아쉽지만.. 2편 때 어떻게 해줄 수 있으려나.. 나름 재밌었긴 한데 고어 잘보는 입장에선 그렇게까지 이펙트 큰 영화는 아니엇던 듯 데이트 코스 잘 때 방탈출 하고 이거 보러가거나 이거 보고 방탈출 하...,8
관람객어제 영화봤는데 저는 재밌게 봤어요 ,10
재밌었고 나름의 반전도 좋았던 영화 ,8
관람객어제 봤는데 음 그냥 쏘쏘했어용 ,8
방탈출 영화.초반에 긴박함을 잘 묘사하는데 마지막이 좀 아쉬웠다 ,7
큐브 시리즈 재밌게 봤는데 비슷해서 꿀잼이었음 ,10
관람객스릴은 있으면서 잔인한 장면은 많이 없어서 더 좋았어요 ,8
관람객그럭저럭 잔인하지도 않고 스릴 잇엇음 ,8
스토리를 좀 더 신경 더 썼으면 해서 아쉽다.. 시간없다면서 갑자기 뜬금없는 자기 인생얘기를 하질 않나 마지막 장면은 배그찍는 줄 알았다..게다가 결말은 뻔한 시리즈1의 결말.. 그래도 몰입감은 최고였다 나름 볼만한...,7
개봉일 심야보고 후기남김..큐브에 4D를 합성한 느낌..시간가는줄 모르고 봤지만 어떻게 큐브를 맞춘건지는 좀 어거지스럽다. ,7
관람객2편 언제나올라낭 ㅎㅎㅎ ,8
관람객킬링타임용중간까진재밌음 ,6
그냥 가볍게 보기에 좋은영화 ㅋㅋ후속편 나오면 보긴 할듯.큐브를 생각하고 보러가면 실망할수 밖에 없음 ,7
프로 방탈출러라면 더욱 좋아할 영화 ! 100분 시간 순삭 ,8
관람객상업 영화치고는 괜찮은 편입니다! 스토리가 현재 유행문화를 언급해서 잘 만들었고 줄거리 발전이 발라서 관객들 심심해하는 틈도 안 줍니다. 즉시 흥분을 충분히 느꼈지만 두번 다시 볼 생각 절대 없고 시퀀스 굳이 기다리...,8
방탈출좋아하는데  영화몰입력있게 잘만들었어요 ,10
스릴넘치고 몰입감은 제대로인 영화! 어지러울정도 ㅋㅋㅋ ,10
관람객방탈출 체험하는기분 다만 쏘우 느낌 생각하고 봐서 그런지 아쉬운점이 좀 있네요  기대를 좀더 낮추고 보면 충분히 재밌게 볼영화 ,8
관람객볼만했습니다 재미있더군요 하하하하 ,10
너무 재밌다.... 쏘우는 징그러운데 이 영화는 세련된듯.... ,10
관람객알던 방탈출보다 스릴있어서 나름 재미있었는데 마지막이 반전이 있을줄 알았는데 없어서 아쉬웠지만 재미있었어요 ^^ ,8
너무 재밌었어요!^^ 꼭 다시 보고싶네용.ㅎㅎ 근데 시즌2도 나오는건가요? 넘나 궁금쓰... ,10
관람객지나치게 자극적이지 않고 무난하게 볼만한 영화임 ,6
방탈줄좋아하는분꼭보세요 ,10
관람객과거에왠지본듯한느낌. ,6
보다보면 엄청 짜임새 있게 만들고 싶어한 흔적들이 많이 보인다. 근데 전형적인 용두사미랄까 근데 많은 허술함을 갖고서도 스릴있고 재밌다. 킬링 타임이라는 목적에서는 정말 쉴틈이 없다. 불필요하게 잔인한 장면들도 없어...,10
방탈출 좋아하는데 손에 땀이 흥건해짐 난 건강이안 좋음 ,10
관람객생각보다 볼만했던!!! ,8
돈 왜 안줌 ??!!ㅠㅠㅠ;;; 아 빡쳐 ,6
관람객아만다 개멋있습니다 영화는 쏘쏘 ,5
관람객잼잇엇습니다. 시간가는줄모르고봣어요 ,9
큐브 비슷하네요  스케일이좀더큼 ,10
취향 잘맞고 가볍게 본다면 추천 ,8
나름볼만함 킬링타임으론좋음 ,8
그럭저럭  볼만함..큐브하고 직쏘가 생각나는 영화!! ,8
신선했구 간간히 심장 쫄리면서 재밌게봤습니당ㅎㅎ킬링타임용으로 굿! ,10
관람객존쟄ㅌㅇ!!!!존재미존재ㅣ존재미 ,10
아직도 심장뜀 최근 영화중 최고였어요 ,10
큐브 + 쏘우 집에서 보삼 ,6
잼있게 잘 봣네용 ㅋ.ㅋ ,8
전 재밌게봤어요가볍게생각하고 본영화인데 몰입도가 좋았어요시간 쑥쑥갑니다 ,10
킬링타임으로 딱재밌늠영화! 솔직히재밌었다ㅋㅋㅋ ,8
진짜 손에 땀 흘렀다.. 보고 나니까 정신병 걸린 느낌.?!아니 약간 폐쇄공포증 비슷..지금 일상생활 불가..미치겠음 결말도 잘 몰겠다 ,6
개꿀잼 왜 외국영화 외국영화 하는지 알겟두라 ,10
쏘우네 살인게임 너무 창의적이다 ㅋㅋㅋㅋ ,10
심오한 뭐 그런건 아니고. 게임이다 ,8
관람객끝부분이 인상적이네요 ,8
밥상을 많이 차려놓은것 같고 음식도 나쁘지 않았는데 금방 잊혀질 것 같다 ,7
초중반 : 긴장감있고 시간가는줄 모름후반 : 맥이 좀 빠짐영화 본 후 : 여운은 없음쓸데없이 잔인하지 않아서 좋았고돈 아깝진 않음 ,8
킬링타임으로 충분히 재밌는 영화 ,8
재밋게 잘봤습니다. 킬링타임용으로 추천합니다 ,10
음 말하는거나 무언가가 어색하다스토리는 재밌다살짝 유치하지만 갠춘개춘 ,5
영화 시간 내내 긴장감이 이어진다 ,10
지루하진않아요 볼만합니나 ,8
쏘우+큐브를 잘 섞어 만든 영화. 재밌었음 ,9
관람객나름 재미 있었어요 ~~~~ ,8
관람객재밋어요방탈출하고싶음 ,8
관람객딱좋다 잔인하지않고 쏘우느낌굿 ,8
예측 가능한 전개이지만 박진감넘쳐요! 킬링타임용 ,8
킬링타임용으로 나름 재밌게 봤네요. 재미없다거나 아주 재밌다거나 하지는 않지만 은근 쫄깃하게 봤어요. 2탄 나올 것 같음.. ,7
오! 대리 체험! 방 탈출! ,7
큐브 재밌게봐서 이것도 기대했는데 센세이션하고 재밌당ㅋㅋ후속도 빨리 보고싶넹 ,9
그래서 결말이 뭐죠?? 돈 있는 권력자는 승리한다? ,6
큐브 완전 재밌게봐서 이것도 보고싶은데 넘 무서울 것 같아우째우째우째~ ,10
재밋음 ㅋㅋ2편기다려짐 ,10
심장쫄깃ㅋㅋ킬링타임용으로잼씀 ,10
스포일러가 포함된 감상평입니다. 감상평 보기와이셔츠 입은 흑인 남자애 개빡친다지가 먼저 해보면 될것이지 ,2
스포일러가 포함된 감상평입니다. 감상평 보기아이스룸에서 빙판 깨져서 대니 빠져 죽었을 때 다른 곳 깨질 가능성 전혀 생각 안한게 코메디 ,2
뻔한 클리셰는 틀린적이 없을까 ,5
개 ㅈ노잼 젓 ㄴ 잼 ㅈ노ㅈㄴ잼 ,1
겨우1만달러에 목숨을 걸어? ,7
"무심코 봤는데 생각보다 손에 땀을 쥐게 할만큼 재미있는 영화였다. 배우들의 연기도 좋았고, 큐브+직쏘를 합쳐놓은 듯 했다. 다만 뭔가 큰 반전은 없다는 게 아쉽고 2편의 내용도 왠지 결말이 예상된다. 그치만 순간순간...",8
적당히 볼만은 한 무난무난한 킬링타임용 영화. 흠이라면 수수께끼를 관객들이 같이 고민하고 풀어가는형식이었으면 좋았을텐데 그럴 여지가 없어서 단순 생존물이 되어버림 ,8
일단 민폐 캐릭터가 한명도 없다는게 제일 좋았음. 특히 아만다 진짜 개멋짐 존재감 오졌다 ,8
재밌어요 꿀잼 2편 나왔으면 좋겠당 ,9
"오랜만에 긴장되고 스릴있는 영화를 본 것 같음., ",10
마약방에 한번 들어가보고싶다 ,8
관람객볼만함 반전은 이미 예쌍했었음 ,9
관람객2탄 기대해봅니다 ㅎㅎㅎㅎ ,9
볼만한 킬링타임영화 큐브 순한맛 ,10
예전 휴대폰으로 했던 탈출게임 검은방같기도 하고 영화 큐브랑 비슷하기도 하네요암튼 이런류 정말 좋아하는데 2탄 기대되네요 ,9
관람객살아야혀  살려고하면 다 산다 ,10
관람객큐브 비슷한 느낑의영화이당 ,8
재밋게 봤어요.. 저는 제이슨하고 아만다가 살아남길 바랬는데 ,8
관람객재미가 있었어요 ㅜㅠㅠ ,10
관람객생각이상 노잼 .-- 너무기대햇나봄.. ,10
"개노잼.. 퍼즐이 뭐 다 개연성 하나없고 어거지로 끼워넣는 수준이고, 장르는 스릴러인데 무슨 긴장감 하나도 없네..  캐릭터 설정도 하나하나 유치하고 이런류의 늘 보던 뻔한 캐릭터 설정임. ",4
관람객기대이상으로 재밋었습니다 ,10
볼만햇지만.. 뭔가 똥쏴다 현관벨 울려서 문열러 가야하는데 휴지가 없어서 똥도 못딱는 상황 같은... 느낌이랄까.... ,6
실제로 저런거 하면 걍 1단계에서 OO머리를 어떻게저렇게 쓰냐 나같음 오줌싸고 OO하다가 바로 오븐규이될듯 제발 머리아프게 좀 살지말자;; ,8
관람객보다가 나왓어여ㅎㅎㅎㅎ ,10
어디선가 본 듯한 장면과 케릭터. 속편 제작을 위한 포석. 허무하게 만드는 결말 ,6
이게 7.5점은 아님. 4~5 정도 ,1
매끈하게 빠진 탈출 스릴러. ,8
킬링타임 영화의 정석. 방탈출 영화 중에 가장 잼나는 듯. 방 하나하나 들어갈 때마다 흥미진진 줄어드는 시간이 아까울 정도. ,8
얼음을 왜 손으로 녹이나? 주변에 나무도 많더만.. ,6
잔인함과 선정적 장면 없이 관객을 압박하는 스릴러 2편이 기대된다 ,9
개연성도 좋고 상당히 재미있게 잘만듬. 진짜 큰 기대 없었는데 생각보다 너무 재미있게 봤던 영화. 이번엔 네티즌 평점이 진짜인듯 ,8
현실감 있는 큐브 느낌나는 영화 ,7
"이런 것은 끝에 이유도 모르고 끝나던데,, 이건 그래도 결말이 있음 ",9
""" 숨셨다 "" 하면서 무기 휘둘루는 장면이 제일 좋았다 ",7
그냥저냥 시간가는줄 모르고 볼만했다. ,8
몰입감 높은 영화에요 잔인하지않아서 어린이도 봐도 될듯. ,10
쏘우 대놓고 따라함 .;; ,1
탈출영화 갠적으로 좋아하는데 자극적인장면은 안나오는데 스릴있고 긴장감있는 영화 ,10
"방탈출 게임에 참여한 6명은 이것이 진짜 살인을위한 게임임을 알게되고, 카메라를 부수고 죽은척한 조이만 게임을 벗어난다. 한편 모든방을 탈출한 벤은 애초에 우승자를 살려둘 생각이없던 그들에게 죽을뻔하나 조이가 구해주...",6
"역시 기대 무지했따 기대하면 실망 무지되는구나,,,-.-;; 끈네 졸다 끝을 봤다,,, ",1
"굉장히 잘만든 수작. 공포를 주려는 흔한 쏘우 형식의 방탈출이 아닌 스릴러,추리형식의 방탈출 ",8
직쏘를 만들고 싶었던 감독. 산으로 가다.... ,4
몰입도 쩌는 영화네요.  간만에  괜찮은 영화 잘봤네요~ ,10
"큐브,직쏘 같은 영화들의 아류... 난 왜 이런 영화들 짜증이 날까. ",2
손으로 얼음 녹이는 건 좀 너무했다. ,8
평식이 방탈출시켜자  ㅎ ,6
깔끔하면서도  스릴  긴장감  넘친다... 흠을  굳이  찾자면... 뭐랄까  영화 쏘우  생각이  자꾸  난다는거 .... ,9
별로 생동감 있지도 않고 스릴도 느껴지지 않고... ,4
신선하고 재밌었다. 2도 흔쾌히 볼듯 ,10
관람객2편 반드시 꼭 봐야겠음 ,10
짧고 간결해서 좋았음 2편도 꼭 봐야지 ,10
관람객별로잼이 없었습니다. ,8
관람객떨려서 너모너모 오줌마렵게함 ,10
관람객초반 긴장감에 합격점을 주고 싶습니다 ,9
딱 킬링타임 영화. 보고 나서 딱히 기억나는 건 없네요 ,5
관람객여러가지 짬뽕이긴해도 재밋게 봣습니다 ,8
관람객재밌었어요 큐브느낌도 살짝나고 ,8
다음편이 기대되는 영화~ 큐브 좋아하신 분들이라면 궈궈!!! ,10
관람객잔인한 장면 없이 스릴넘쳐서 좋았음 ,10
관람객재미있어요 . .재.미있어요 ,10
관람객개잼ㄷ ㄷ ㄷ. ㄷ ㄷ ㄸㄸ ㅏ언 ,10
관람객돈 안아깝습니다 보세요 ,8
관람객재밌었어요 다른 방탈출 영화와 다르게 주인공들 과거 공략해서 방탈출 게임만든거 신박?? ,7
갓.조.이!! 강력한 여성 캐릭터들이 나와요 ,8
아이디어 오진다 진짜 존경스러움 ,10
관람객발끝에서 부터 짜릿한느낌으로  영화감상했네요ㅋㅋ다음편이 계속되나봐요끝이 궁금?해지는 영화인듯요ㅋㅋ여튼 잘봤어요 ,6
진짜 한국영화하고 진짜 차이가 난다. 한국영화도 이런식으로 만들면 대박 날듯 ,10
관람객숨막혀죽을뻔.... 너무한 방탈출 ,6
관람객재미가 정말정말 있습니다 ,10
작성할 댓글도 아까움10자 채우기용 ,2
큐브를 봤는데 이걸 굳이 봐야 하나? ,5
왕꿀잼ㅋ진짜 방탈출 하는 느낌이였음 ,10
관람객재밌다!!!!ㅇㅇㅇ ,10
관람객재미있게뵜어요ㅋㅋ이탄도 기대가 되어요ㅋㅋ ,10
"이정도만 뽑아줘도 잘만든거아닌가. 캐릭터도 잘살렸고 흑형의 셔츠터질듯한 근육, 상의탈의 서비스도 좋았고, 아만다는 진심 무매력의 캡틴마블보다 멋지더만. 빠른속도감에 피튀김도 없고 쫄깃한 상황을 잘 연출했다. 친구한테...",10
관람객생각보다 너무 재밌어요 ,10
영화 완전 재밌네요ㅋㅋ 2편도 기대해보겠음 ,10
스릴감 재밌어요 잔인함 없고 선정성 없고 장르에 최적화 되어 재미있네요 ,10
관람객두번봤어요 두번보니까 더재밌떠영 ,8
보는 내내 긴장감 몰입감 최고임 ,10
관람객재밌다재밌었다재밌군 ,10
개꿀잼ㅇㅇ.. 앞으로의 전개를 암시해주는 복선이 많고 몰입도 개쩔고 보는 와중에 계속 소름끼쳐ㅠ 보고나서 계속 생각남 2편 나오면 볼 의향 완전 있음 ,10
2편 나오면 보고 싶을 정도로영화 괜찮았어요 몰입감도 있고 구성도 괜찮고... ,8
관람객앞부분은 흥미로웠는데 갈수록 뻔함 ,7
시간가는줄몰랏음 존나 흥미진진 ,8
큰 기대는 안했는데 생각보다 긴장감 있고 재밌음. ,7
절묘한 풀이는 없지만각 룸들이 특성이 있어서 좋았음 ,8
관람객가벼운 마음으로 보기딱 좋았어요 엄청 무섭지도 않고 엄청 루즈하지도 않고 계속 탈출을 해야한다는 압박감이 있어서 재밌었어요 2편도 기대되네요 ,8
존잼 손에땀쥐어짐 후아아ㅏ ,10
관람객방탈출좋아해서 재밌었어요 ,10
존잼2탄기대중ㅎㅎㅎ ,10
관람객아이디어도 좋고 연기도 조고 아주 좋아요 ,8
관람객너무 잔인하지 않고 2편이 나오기를 기다리게 만드는 영화 ,10
재미는 있었다만 막 '와~ 쩐다'  수준 까지는 아니구요.인간 심리를 좀 묘사 하려고 한거 같은데 별로..극장에서 보는건 비추천이고IPTV나 집에서 다운받아 보기용으로 딱 좋습니다 ,5
상영시간 적어서 못보겠네 퉤 ,8
난 그냥 그랬다 .... ,6
관람객그냥 딱 킬링타임용인듯 ,6
왜 평이 높지? 내가 이상한가 재미없음. 어디서 본 구성 장면 대사 스토리 . 차라리 큐브를 다시 보세요. ,2
와 개노잽!! 이렇게재미없을수가 ㄷㄷ ,2
긴장감은 잘 조성되어 있었다만 쏘우1과 큐브를 적절히 섞고 기타 클리셰들을 섞어서 참신함이 하나도 없다 솔직히 cgv 미친가격으로 월요일에 11000주고 보기에는 목숨이 위협받지 않는이상 절대 하면 안된다. 걍 나중...,5
"큐브+쏘우= 피빛이 나오지 않는 건전한스릴러,,스토리는 뻔할뻔짜  머리좋은거 말곤 평범한 대학생여자애랑 마트 직원이 거대조직을 소탕하러 간다는속편암시,,큐브시리즈랑 쏘우 안본사람만 보시길공포 스릴러 메니아들눈엔 그냥...",4
관람객2편 빨리 나왔으면 좋겠어요 ,7
"큐브, 쏘우 등 예전에 비슷한 구성의 영화가 많아서인지 신선하지 않습니다. 그냥 방 하나하나의 효과와 구성을 보는정도의 재미입니다. 너무 전형적인 전개.. 스토리의 개연성이나, 맥락의 유연함을 기대한다면 실망할 수 ...",5
"관람객큐브나 쏘우에 미치지는 못하나, 오락영화의 본위에 충실하다. ",7
짜증나 진짜 가족끼리보러가지마세요 싸우는 지름길 ,4
"예상보다 노잼. 비추예요. 이런 영화는 스토리가 쫄깃한게 매럭인데..,아쉽네요 ",4
노잼...정말 허무해요...제이슨 몸만 보다 왔네요.. ,2
별로 . 진심 돈아까움. ,2
ㄹㅇ 알바아니고 영화 오늘 조조로 보고 왔는데 정말 재밌습니다. 평점이 생각보다 낮네요.... ,10
음... 다 모르겠고...어지러워 방이너무러지러워 보고나사 멀미났음 멀미약 챙겨가요.. ,4
나만 긴장 하나도 안됬냐..?? ,4
남주 살아남은 부분까진 좋았는데 그 이후로부터 짱나요 ,5
"기본적인 영웅의 여정을 따라가는 전형적인 스토리에, 그렇다고 방탈출에 참신함도 없어서... 흐음.. ",2
다음편  예고는 뭐지 드라마를 영화로보낸느낌? ,2
개인적으소 별하나도 아까운거같아오.. ,2
더룸. 러스티레이크 같은 게임을 영화화 했을거란 기대..초반 배달된 큐브 두세번 틱틱대더니 초대장..하..그럴거면 그냥 초대장을 보내던지..한정된 상영시간에 여러 스테이지를 등장하니 겉핥기 식으로 통과..볼거리도 없...,5
스릴러광으로써 평점5점만점에2점이요 ,4
야이새퀴들아 영화에는 장단점이 있는거고 이정도면 재밌다하는거다 이눔들아 ,10
관람객진짜 최고엿어요. 쏘우랑 파라노말액티비티 섞어놓은영화같은 ,10
관람객방탈출좋아하는데 2편기대되요 ,8
솔까 난 재미있었다!! ,10
심야 때 남자친구랑 봤어요.평소에 잔인한 영화는 잘 못보는데 억지로 놀래키는 부분도 없고 그렇게 잔인하지 않아서 꽤 볼만 했답니다. 스릴있게 긴장감 느끼고 싶은 분들은 보시길! ,10
생각보다 너무 재밌어서 끝날때까지 몰입해서 보고왔네요!2편나오면 바로보러갈겁니다! ,10
관람객볼만하네요 매니아 층이 많겟어요 ,7
기대안하고 봤는데 진짜 존잼이에욬ㅋㅌㅌㅌ ,10
영화보는 내내 상영시간 생각 안하고 본 건 처음일 정도로 스릴이 엄청 나요!! ,10
꽤 재미있게 봄! 시간 잘 가고 좋았음 ,10
확실한건 캡틴 마블 보단 재밋게 봤다 ,6
덜 잔인한 쏘우랑 레드 주식회사 섞은 느낌 ,10
아만다 불쌍....ㅜ ,8
관람객그럭저럭 재미있게 본듯 ,7
관람객재미있게보았어요. 나름 반전도 있네요 ,8
관람객초반 중반 정말 좋았는데 막판 마지막 부분이 좀 이해가 안가고 아쉽네요 ,8
페르마의 밀실 생각나는건 나뿐인가..! ,8
관람객기대 안했는데 생각보다 몰입도짱 ,10
조이가 너무 좋아서 10 점입니다ㅠㅠ 천재소녀 완전 매력있음 ,10
관람객심장쫄깃쫄깃하이 재밋것으 ,10
재밌다...보는내내 긴장돼서 탈출할때마다 힘빠지는게 문제ㅠㅠ ,10
진짜 너무 꿀잼 ㅠㅠ긴장감 대박이고 결말도 허무하지도 않고 여운이 남는 그런 결말이었어요!! 꼭 보세욤 ,10
신선햇고희생정신 오젓따리 ,8
완전재밌었음 큐브같은영화 좋아하신다면 추천 ! ,10
관람객속편을 봐야겟다는 기대감 ,8
관람객굳이거완개꿀입니니다 ,10
관람객숨쉬는거 까먹을지경 휴.. ,8
관람객아만다..진짜 멋진여자임 젤멋져 ,8
진짜 재밌게봄!! 요즘 나온 거 중에 젤 재밌게 봄 ,10
관람객무슨 1만달러가지고 저렇게 모였나 했더니 100만 달러였구나ㅋㅋ ,6
관람객볼만했어요 ㅎㅎ 킬링타임 굳 ,8
겁나 재밋어요~~ㅋ1ㅋ ,10
진짜 기대안하고 봤는데 방이 여러개라 새롭고 방마다 컨셉이랑 등장인물들과 사물의 상관관계? 같은 것도 새롭고 잔인하지 않고 흥미진진 최-고 ,10
관람객방을 탈출하면 할수록 긴장감 백배 오줌지링뻔.. ,8
큐브랑 비슷하지만 재밌어용 ,9
손에 땀을쥐는 스릴감ㅋㅋㅋ 재밌네요 ,9
스토리 진행 빠르고 지루하지 않음 ,8
관람객별 스토리 없음. 관람 중 몰입도는 최고. ,7
관람객음 잘 봤어요. 쏘쏘~ 기억에 남는 영화는 아니네요~! ,6
관람객그냥저냥 봤네요 만원돈 내고 볼 영화는 아닌듯 ,6
관람객처음에는 볼만한데 점점 막장 ,6
스릴 넘치고 ㅋㅋ 몰입감 최고네요 ,10
영화 호스텔을 방탈출로 바꾼 느낌 이랄까? 나름 재미는 있었음 결말부분은 남는게 없는 느낌이라 아쉬운건 있었음 ,8
뭔가 살짝 뒷부분이 예상가능 ,8
재밌고 긴장되게봤어요 근데 약간 ㅋㅋ 2탄나올듯 ,9
캡틴마블보다 더 잼있어요 ,10
엥 재밌는데 별점테러 오지네 ,10
관람객큐브와 쏘우의 콜라보레이션 쪼금아쉬웠지만 재미있었습니다 ,10
개봉하자 바로봣음신선하고 흥미진진한 영화 ,10
"괜춘함. 끝에가 아쉬웠다는 사람들보고 볼까말까 망설였는데, 그 끝이 영화 러닝타임 10분 정도임. 끝까지 재밌다가 속편 프리퀄 만들것같단 내용으로 끝남. 게임의 동기같은거.. 제일 베스트는 영화구성임. 구성전개가 개...",7
올해 최고의 영화 꽃샘추위인 날에 관람했는데도 긴장감에 손에 땀이 ㅎㄷㄷ 아 그리고 벤 갈땐가더라도 정강이 뼈는 가져가야지!!ㅋㅋ ,10
조조로 봤는데 꿀잼ㅎㅎ 내심장 벌렁거리는소리 내가들어봄ㅋㅋ ,9
관람객다음이야기가 궁금해지네요~~! 몰입도 장난 아닌 영화에요! 꼭 보세요!!!>< ,10
선개봉으로 본 사람들이 혹평하고 있는데 갑자기 평점 쭉 오르고 호평 올라오드라 평점 알바들 잘~ 봤다 큐브에 쏘우 섞고 호스텔 끼얹고 잔인함 다이어트한 영화임 ,5
"연기력 1점, 다시 그 소굴로 기어 처들어가는데 웃으면서 감 + 남주도 쉽게 설득당함 ",3
생각보다 별로...   영화 첫장면보고 조잡함을 직감했는데... 역시나  ㅠ ,1
큐브 짝퉁같은 느낌.. 엉성하기 짝이 없다... 시리즈 계속 나올건가본데... 큐브제로 마냥 마지막에 게임의 의도가 밝혀지고 제작자와 맞딱드릴예정인가? ;;; ,4
타일러 아저씨 맴찣ㅠㅠ ,9
스릴넘침 꿀잼개굿 존잼 ,10
새벽에 이런영화를 보러간 내가밉다 ,1
관람객시간 때우기에 좋았어요 나름대로 스릴도 있었구요! ,10
몰입감 장난아님 추천합니당 ,10
영화관에서 탈출하고 싶었음.. ,2
볼만해여 ㅋㅋ 돈아깝단 생각은 안들었음 ,10
솔직히 캡틴마블보다 재밋음 지루함도 없고 ,8
좆노잼이었음 돈아까움 ,1
각자의 사연이 있다는 건 좋았지만 미숙한 스토리전개와 너무 쉽게 풀어버리는 일반인들 ,6
"이런영화 분명있었어... 지루하지는 않으나..뭔가 잼없음...그냥 그렇고.. 분명 2편 나온다.,... ",5
퍼즐의 흥미도 없을 뿐더러 본인들이 다 잘알아서 풀어줌 방탈출 게임 갔는데 직원이 다풀어주는 느낌이였음 주인공들끼리의 감정 관계선도 너무 억지스럽다고 느껴졌음 주인공들이 빨리 탈출하고 나도 영화관에서 탈출하고 싶었던...,5
결말이 너무 어이없다 결말빼면 진짜 재밌고 흥미진진한데... ,6
관람객2편기대 너무잼있게봤습니다 ,10
퍼즐 같이 풀어가는 재미도 없고 다예상되는 반전없는 스토리에 결말도 어이가없음 억지로 2편 이어 갈려는 느낌 ,1
관람객킬링타임용영화  재미있음 ㅋㅋ ,10
보통 미적지근 그냥그럼 ,6
관람객다소 조잡하고 예측 가능해서 중간에 나가려다가 사연이 궁금해서 다 보았다 ,6
생각없이 봤는데 소름끼칠정도로 흥미진진하고 시간가는줄모름 ,10
예전 큐브라는 영화 시리즈를 좋아했다면 좋아할 영화. 2시간 재밌게 즐겁게 보다 올수 있는 수작. 왠만한 한국영화보단 훨씬 재밌음 ,10
초반의 약간의 지루함 하지만 갈수록 긴장의 끈을 놓을수 없음 ,10
관람객재미었는데 진짜 문제를 휙 휙 넘어가서. ,9
씹노잼잼쥭겠지 ㅠㅜㅠㅜ ,4
시간 가는줄 모르고 봤네요.중간 중간 손에 땀나서 고생하니 티슈 챙기세요 ,9
꽤 신경써 만든 괜찮은 B급 영화 ,7
"장점:1.배우들연기좋음2.쓸모없는 스토리들은 빨리스킵하고 바로 본격장면들어감단점:1.방탈출 트릭은좀 뻔함2.주인공이 너무캐리함3.반전없음4.스토리가 좀 허술함5.생각3분정도하면 바로문제해결다음방도 똑같,그다음방도 똑...",6
오랜만에 진짜 재밌게봤음 처음으로 네이버에 평점남겨봄 ,10
와 정말 스릴러 좋아하시는분들 꼭봐야 합니다 .. 개봉하는거 기다려서 봐로 봣는데 진심 꿀잼이에요...? 두번볼생각입니다 ... ,10
수수께끼인데 주인공들이 휙휙 다 맞춤 긴장감이라는게 별로 없음 특히 마지막 장면 조차 진부함 캡틴 마블하고 비슷한 수준 ,6
진짜 넘ㅍ넘ㅍ너무 재밌어요ㅠㅠㅜ 외국영화 정말 싫어해서 보헤미안랩소디도 하품하면서 봤는데 이건 진짜 매순간순간 눈을 뗄 수 없었어요! ,10
관람객ㄹㅇ 개꿀잼 ㅋㅋㅋ 2나오면 바로보러간다 ㅋㅋ ,10
진부한 마무리딱 킬링타임용 영화 ,4
재밋네요 살던대로사는게좋다는걸깨닫고갑니다 ,10
포스터 누가 만들었나연?잔인한 장면은 거의 없고충실한 이야기 전개가 아주 좋았습니다 ,10
좀 많이 쫄렸다.ㅋㅋ 2편도 볼 예정 ,9
재밋긴한데 영화보면 거의왜 불쌍한사람들만죽이려함?그게이해안댐 ,8
관람객항상 탈출이란건 쉬운게아니에요. ,7
흐아  엄청난 긴장감..! 2편 나오면 꼭 봐야게따! ,10
B급 저급 냄새가 풀풀 풍김... 소재가 쏘우를 거의 그대로 베껴놓고도 그 반도 못 따라가고 영회의 거의 모든 요소에서 아마츄어 티가 팍팍남... 딱 절반 정도의 점수. ,5
관람객재미썽요 그냥 재밌어요 ,10
다 알바인가 b급영화 이하 ,1
난 재밌게 봤음 꼭 보세요 ,10
"몸으로 푸는 방탈출, 흑인 기럭지만 기억에 남고그냥 대탈출을 보시길 ",4
"실전 방 탈출 게임을 그린 액션 스릴러. 큐브나 쏘우를 떠올리게 만드는 포맷이지만, 큐브처럼 특별한 상징성을 부여하지도, 쏘우처럼 강렬한 캐릭터성을 부여하지도 않는, 다소 평이한 게임 영화다. 그래도 게임 방송을 보...",5
이미 쏘우나 큐브 시리즈가 20년전에 개봉했는데 이제와서 그보다도 못한 걸 왜 가지고 나왔는지 이해가 안간다. ,5
이거 진짜 재밌음 와 복선 개탄탄하고 솔직히 기대안했는데 밤에 보고 놀람 연기도 연긴데 방탈출 나오는 소품부터 결말까지 내가 원하는 결말임 이거 시리즈로 빨리 더 보고싶다 치킨뜯으면서 못본게 한임 걍 치킨 시킬걸 하...,10
각본 누가 썼는지 모르겠지만 진짜 허접하네;; ,1
관람객점점지루해지는영화여자는 갑자기 왜 분노하였을까... ,2
관람객하... 괜히 본거같음 그냥 그래요 ,6
풀리지않은실같았다... ,1
관람객음.... 별로 그닥 재밌지는않았어뇨 ,2
진짜 재미없게봄친구도 마찬가지로 재미없다고함 ,1
정말 비추 떡밥도 정도껏 해야 재밋지탈출하는것도 대가리써서 탈출하는 것도 아니고 그냥 노가다시간아깝다 ,1
친구한테 이거 보자했는데 영화 끝나자마자 쳐맞으면서 사과했네요. 이런거 만들지 마세요. ,1
나는 일찍 잠을 자서 탈출 성공함 ,2
우상이 재밋다 공감이스케이프룸이 재밋다 비공감 ,6
돈아까움 진부함의 극치 첫번째 방까지만 볼만함 ,1
뻔한 스토리 보고싶다면 말리지 않음 다만 신선한 내용이나 경험을 원한다면 적극 말림 ,1
영화 중반부터 감독이 영화던짐 ,1
이거슨 재미가 별루 없는 영화입니다..중간부터 하품하면서 봤어요 ,4
"억지, 노잼, 뻔함, 이류작, 안보는거 추천 ",1
이건  4점짜린데 ㅡㅡ 알바풀었나 ,4
이거 왜 2점이 최소인가요? ,2
쓰레기 와 진짜 개잼없어요 밑에 잼잇다는분들 머지 ㅡㅡ ,2
재밌는데 ?!? 꼭 보세요 !! ,10
관람객재밌어요 ㅋㅋㅋ 스릴있고 다음편을 기대하게 하네용 ,8
길이길이 기억되리~~ ,8
스릴있고 존잼탱 지루할틈이 없엇음 ,10
여자친구랑 보고왔는데 재미있었습니다. 처음 관문에서 물컵에 나는 오줌으로 채울생각 했는데... ㅋㅋㅋ 나만 더러운거 생각함? ㅋㅋ ,10
쏘우와큐브 섞인.? 참가자들 공통점과 동기여부을 만들러 한듯하나 딱히뚜렷하게 밝혀  진것도없고 흐지부지 하게 끝... ,3
관람객재미있어요오용ㅎ오요어요 ,8
실망했음...  먼 내용인지..  휴.. ,2
관람객진심 재미없고 난잡하기만 하지 긴장감도 없고 단서고머고 지들끼리 떠들다 알아서 단서 기어나옴 ,1
"그정도는아닌데,.,,.,.,. ",1
감시카메라 시점으로 보여줄 때 탈출하는 사람을 보는 사람이 관객 자신이라는게 느껴지면서 소름 돋았던 것 같아요. ,8
이게머여 주인공이 3분도안되서 전 문제다맞추고 결국 다맞추고 결말없음 2탄나올듯 걍 문제맞추고 넘어가고 넘어가고 주인공이다맞추고 끝 ㅋㅋ ,6
트라우마에서 나가야 산다 ,4
끔찍 그 자체최악이다 ,1
이스케이프 극장! 극장 이스케이프! ,4
그냥 집에서 볼만한 영화 ,7
잔인하지 않아서 좋았지만 영화 자체는 별로였음.. ,4
중반까지 엄청 재미있고 뒤로 갈 수록 힘이 빠지지만 오락 영화로는 매우 괜찮음 ,8
긴장감쩔고심장쫄깃쫄깃ㅋㅋㅋ2편너무기대됨ㅋ두시간지루하지않구금방지나감요 ,10
실제 방탈출만 20번했는데 더 개꿀잼임ㅋㅋㅋㅋ ,10
오씨.. 존잼일듯!!!ㅋㅋㅋ ,10
너무 재밌었어!! 2편도 너무 기대됨~~ ,10
꿀잼ㅋㅋㅋ 기대이상 .추천합니다 ,10
관람객기대했던것보다는 꾸울잼 함 보세여 ,8
초중반 당구장까지는 그럭저럭이지만 중후반부터 설정과 전개의 엉성함이 보인다. ,5
이런 식상한 설정과 뻔한 스토리속에 잔인하기라도 하던가... ,1
요 근래 최악의 영화 2안봅니다 ,1
자야겠다는 강력한의지 ,2
산만하고 정신은 없는데 지루한 영화. ,1
나만 유치하고 오그라듬? ,2
평점2점 구린cg와 마지막 알수없는 급전개 이해할 수 없는 사건사고ㅋㅋ돈많으신분들만 보세요~ ,2
노잼ㅡ넘시간아깝ㅠㅠ ,2
그냥저냥 볼만한 B급영화. 연출이 조잡하고 촌스럽다. 화면뒤집어지는 장면은 멀미해서 너무 토할거같았다 중간에 나갈까 고민함... ,6
관람객최근에 봤던 영화중에 제일 재밌었어요 ! ,10
이해 안됐던 게ㅋㅋㅋ 시체없애러 직원두명 왓을때 조이가 뒤에서 내려치는데 힘이 얼마나 쌔면 두명 다 바로 기절함?ㅋㅋㅋㅋ 노어이 ,6
어제 저녁 롯데시네마 파주아울렛에서 보고 평점 적으려니 안적어지던데 오늘은 돼네 큐브같은 영화를 기대하고 갔는데 완전 실망느리고 느슨하고 긴장감없고 .... ,1
게임덕후 ㅋㅋㅋㅋ촐랑거리고 말함부로하더니 ㅋㅋㅋ내맘을 읽었나?!ㅋㅋㅋ간만에 재미지게 영화봤네요 속편이 기대되는 결말 ㅋㅋㅋ ,10
아 대박 보고 나니까 몸살오는 느낌... 온몸에 힘 빡 주고 봤음 ㄷㄷ ,10
기대 없이 봤는데 너무 재밌었음ㅎㅎ ,10
관람객오랫만에 외화  기대하고 보았는데만족하지  못했습니다 ,6
유일하게 영화보면서 돈이 아니라 시간이 아깝다고 생각들게 한 영화 ,1
그냥 보다가 미칠 것 같은 영화임 ,1
진짜 믿지마셈; ㄹㅇ 트라우마 왜 집어넣은 거임?ㄹㅇ개연성 1도 없음 솔직히 알바 안믿었는데 진짜 알바 많나보네 딱 오븐까지만 볼만했고 그 뒤론 씹망 ㅋㅋ이정도면 나도 시나리오 짤수 있을듯... ,1
이게 영화냐 개 쒸불... ,1
쓰레기 10자 쓰레기 임 ,1
관람객정말 노잼;;;항거 볼껄... ,1
감동 재미 웃음 스릴 그 무엇도 없다. 7광구와 리얼 본 후와 같은 느낌 꼭 보시길 ,2
재밌는지는 모르겠어요.. ,6
잼씀 진임심요 진심 재밋음 알바아님 ,10
관람객잔인하지도않고 손에 땀을쥐게했습니다마지막 반전ㄷㄷ ,10
어느 공간에 있던 탈출게임이 시작됨. 확실 한 건 쏘우 보다 하수 아래. ,8
관람객소소...하네요 저예산 영화 ,2
큐브같은 느낌이라서 초반은 좋았지만 후반가면 갈수록 맛탱이가 가버린 전개... 딱 용두사미형 시나리오 특히 마지막 장면에서는 영화가 초반부터 끌고왔던 긴장감이 다 무너져버림 순간 내가 상영관을 잘못 찾아왔나 하고 의...,5
간만에 친구들이랑 편하게 조조보고 왔어요! 속편도 나오는 거 같은데 넘나 궁금 ,10
스릴넘쳐서 시간 금방 훅감 ,10
식상하고 재미 더럽게 없네 ,1
"영화를 대충만듬, 시나리오 10분만에 쓴듯, 앞에 5분만 재밌음, 수익이 많이 나온건 제작비가 적게들어 그런듯 ",1
쏘우랑 비슷한 느낌인데 안 잔인한 쏘우...밋밋했어요 ,6
조금 더 치밀했으면 더 나았겠지만 군더더기 없이 휘몰아치는 전개가 좋았음. 제 2의 쏘우로 거듭나길 씨네21 박평식이는 이 영화가 별 4개를 줬네 ㅋㅋ 미친; 니가 영화기자냐? ,10
솔까 너무 재미지고 손에 땀을 쥔다ㄷㄷㄷ ,10
"괜찮은 연출과 스토리, 나쁘지 않은 소재, 그리고 이 모든걸 싸그리 좀먹는 심각하게 매력없고 답없는 몇몇 캐릭터 ",3
의외로 초반만 넘기면  볼만하다. 당구대  있는 술집과 남자 둘이 해독제를 놓고 대결을 벌이는 방이 압권이었다. 근데 2편이 나온다면? 돈내고 보기엔 조금 아깝고  케이블에서 해준다면  환영할 정도 ,7
계획하에 세팅된 방에 산소호흡기는 뭐냐 ,8
예측이 안되는스토리라 재밌게 봤음2탄이 기대됨 ,8
손에 땀을 쥐는 오락영화 ,10
장르적 쾌감은 쏠쏠하나 ,6
만달러 상금을 받기 위해 방탈출 초대장을 받고 나서는 6인~ 모두 도착하자마자 게임은 시작돼고 방을 탈출할때마다 한명의 사망자가 발생~ 결국 두명이 탈출 성공해서 경찰에 신고했지만 흔적을 모두 없애버린 주최자..그리...,7
넘 스릴있고 좋았어요~2탄도 기대할게요! ,10
큐브시리즈의 이런류의 영화가 갖는 내용에 벗어나지 않지만 흥미롭고 시간때우는용으로는 충실함 ,7
잔인거 없는 '쏘우' 전체관람가 ,6
일단 몰입하면 엄청 재밌는 영화. 몰입하고 못 하는 건 개인 사정. ,8
개굿 아직도 충격에서 벗어나지 못하고 있음 ,10
굉장히 타이트하고 짜임새있는 영화. 2편이 무척이나 기대된다. ,8
방탈출 소재로서 적당한 스릴에 무난하게 봤습니다. ,7
이런 영화는 큰 반전이 있어야  재미있는데 너무 약하고 예측할 수 있는 반전이 나와서 아쉽다 ,7
영화에 깊이가 읍네 ㅠㅠ 먼가 유치하기짝이웁고. 엣날영화 큐브가 진짜잘만들어진거구낭ㅠ ,6
"머리가 나쁘면 몸이 고생이라,, 영화 속 설계자는 돈이라도 많겠지 혹시 어른앞에선 선하고 동급생을 잔익하게 학대하는 두 얼굴의 고딩 아닐까,, ",2
관객이 지켜봐서 영화는 뻔해지는 양자 제노효과 ,5
걍 킬링타임용이요. 뻔하고 재미없지만 못볼정도는아님. ,5
큐브 + 쏘우 느낌이네 ㅋㅋㅋ 후속편 기대중 ,9
손가락부터 다리끝까지 긴장한채로 넘 재밌게봄..! 오감을 잘살린 스릴극대 방탈출영화..♡ ,10
재미지네요:2편 기대 ,10
넘흐 재미있게 봤고요 2편 기대합니다 ^^ 예전에 레지던트이블1탄 나왔을때 그때 그 기분이 듭니다.  신선하고 독특하고 재미가 있어요 굿 ,10
포스터와 광고는 엄청나게 흥미를 유발하였으나 용두사미격이 되어버렸던 영화로 뭔가 액션은 엄청나게진행되었지만 연출력이 상당히 부족하고 오합지졸이었다. 즉 출연자들은 엄청난 열연을 하였지만 보는 사람은저것들이 뭘하나 할...,2
무서워ㅜ손땀난다  휴ㅡㄴ ,10
뻔하지만 재미있는 영화 ,6
"잔인하지 않아서 좋았고,긴장감과 스릴 최고 입니다! ",9
데스티네이션하고  배틀로얄 섞은 느낌이긴한데 신선하고 좋았네요 ,8
재미있음 후반부에 너무 억지임 ,8
tvN 대탈출이 더 재밌음 ,5
방들은 이쁜데 재미는 그닥 ,5
머리가  기발 하고자. 으미. 어지러워  근데. 재밌네 ,8
"쏘우같은 장르의 영화이다.명작의 요소는 없지만,킬링타임용으로는 합격이다.보고있나 조성원 ",7
방탈출게임 조아해서 재미있게 봤구요~ 마지막에 내용이 뭔지 이해를 못하겠네여~ ,8
저는 재밌게 봤습니다. ,10
꿀잼이야야아야아야아야아야 ,10
관람객음 처음에 똑똑이 때문에 8점드림 ,8
관람객볼만하네요.  다음 편도 기대합니다~ ,10
관람객늦잠자서 보진 못했지만 나중에라도 보러 가겠습니당 ,10
관람객킬링 타임용 영화론 괜찮은듯 ,8
관람객방탈출게임 본듯한 느낌 ,10
관람객방탈출게임 본듯한 느낌 ,10
관람객좀 작위적인 설정이어서 보는 내내 성인을 영화가 아니라는 생각이 들었는데 나름 긴박감은 넘쳐서 내내 스트레스와 긴장감을 느꼈습니다. 생각없이 보기에는 무리는 없는 영화인데 잔인한 영화를 싫어하는 분들은 안 보시는 편...,6
관람객2편도기대하겠습니다. ,8
ㄹㅇ내기준 극한직업보다 재밌게봄스릴있고 ,10
생각없이 보기 딱 좋은 영화 킬링킬링 ,4
관람객영화 자체로는 그냥  평작으로 그럭저럭 볼만 함.   그런데 '쏘우'와 '큐빅'사이를 왔다 갔다 하는 느낌 ,6
몇주 전 끝난 우리나라 ocn에서 했던 7 부작 트랩이 생각났어요.인간 사냥 하는 듯한 내용이 돈 많고 권력 있는 인간들은 심심한가봐요 참 규브하고는 좀 틀려요. 잔인면에서 잔인한거를 기대 하려고 보시는 분은 비추천...,2
관람객기대를 너무많이했어요하지만 볼만하네욤ㅎㅎ ,6
관람객예고편이 다였다리 잼잇엇어용 ,6
"지금 평점이 너무 높은 것 같아 4점! 공포, 스릴러, 액션이라는 장르가 무색할 만큼 너~~무 긴장감 없었네요 ..추리를 진행하는 부분에 대한 몰입감도 약하고 그저 그런 영화 ",4
방탈출은 큐브를 능가할수있냐 ,1
짜깁기. 그들만의...출연자들만 긴장감 넘치는. 큐브가 그립다. ,4
개꿀잼이다 이기야 신선했다 이기 ,10
"쏘우, 큐브와 비슷한 영화. 사람의 숨겨진 본성을 드러내는 것은 잘 묘사했지만 사람이 점점 변질되어가는 것을 표현하는 것은 조금 부족했다. 극한 상황에서 변하지 않을 사람은 없을텐데 등장인물들 캐릭터가 시종일관적이다...",8
관람객잡탕 전반적으로 여러영화 섞어놓은느낌 ,2
정신병 걸릴것같다.. 개무섭ㅜ보는 내내 심장이 계속 나대서 힘들었다 ,10
아무 이유 없이 죽어나가니 내가 다 억울하다 근데 약빠는 장면은 좀 많이 심박했음 ,4
관람객다소 엔딩이 밋밋했으나 2편이 기다려지는 영화! ,8
방탈출좋아하는사람들누구든좋아할걸요질질끌지않아서더좋았고ㅎㅎㅎㅎ짱잼 ,10
관람객후속작이 기대되는 영화! ,10
관람객처음에 그냥 볼만하다고 생각하다가 점점 갈수록 재밌다는 생각이 든 영화 ,9
말이 필요없는 스릴러 최고 ,10
큐브 생각하고 보면 실망아무생각 없이 보면 시간가는줄 모르고 보게됨다만 호감가는 주인공이 없다는정도? ,10
초반몰입도는 좋았으나 영화의 결론 어쩌라는거지 하는생각이들고 억지로2편을 만드려고하는게 너무 보였네요 ,5
진짜 재밌다 2가 기대된다. 살짝 반전도 좋았고 전개도 빨라서 좋았다 지루함이 없었다. ,10
관람객2편이 기대됩니다 잘 짜여진 방탈출소재 영화라고 생각 ,9
존잼 꼭보새요 강추얘요 ,10
관람객3D로 보면 재밌을거 같어요 ,8
보는 재미는 있지만 내용은 없음 ,4
관람객그냥 그냥 볼만은 해요 ~~~ ,6
마지막 승리자 조이로 나오던데 그럼 벤은? 벤이 미로설계한듯? ,8
관람객그냥 시간때우기용 시간은 빨리가나 재미는 잘모르겠음 ,8
킬링타임 그이상이하도아님 ,7
관람객취향이 아닙니다 안좋아요 ,2
영화관을 이스케이프 하고 싶었다 ,10
몰입감 지리네요~~~ ,10
의미하는 메시지가 깊네요. 나이대마다 넘어야하는 목표들이있는데 올인해서 임하다보면 본질적으로 갖춰야할 감정들을 무의식중에 잊을때가 있네요. 좀더 여유롭고 품이 넓은 사회가 됐으면 좋겠습니다 ,9
계속 아슬하게 하는 무한 래파토리 ,10
난 그냥 평범한 대학생인데 오랜만에 영화보러갔다가 정말정말 너무 재밌게 보고왔음!!!! 진짜 보는내내 내 온몸이뒤틀리고 아픈느낌 ㅋㅋㅋ 정말 재밌게잘봤음!! 담편도 꼭볼거임 ㅎㅎㅎ ,10
재밌는데 왜그러지 평점이... ,10
아니 이정도면 잘만든거 아닌가...??? ,8
관람객배우들의 연기력이 좋습니다. ,8
관람객너모 재밌어요 ㅋㅋ기대안하면 더꿀잼 ,10
관람객이런 스릴넘치는 영화는 진짜 오랜만! ,8
관람객진짜 긴장을 놓칠수가 없었음 ㅠㅠㅠㅠ 2편 나오면 볼듯 ㅎ ,9
진짜 재밌어요 시간가는줄모르고 봤네요..!2편도나온다면 꼭 보고싶어요 ㅠㅠ! ,10
관람객킬링타임용으로 딱이다 방탈출 좋아한다면 이입될듯 ,8
잔인하지 않고 킬링타임용으로 딱 좋은영화!!스토리 전개가 조금 빈약한게 아쉽긴하지만 그래도 나름재밌게 봤어용 ,7
관람객시간 때우기 좋은  영화 이렀다 ,6
관람객킬링타임용 삐급영화 연기자들 서툰연기가 잼있어요 ㅋ 그냥 기대없이 보면 볼만항 은근 2편 기대하게 돼는 ,6
큐브.쏘우를 표방한 아류작 킬링타임 으로도 시간이 아까운 영화  솔직히 별 두개도 피곤한 몸을 이끌고 영화관에간 나의 정성 때문이지 냉정하게 점수 주라고 하면 별 한개 ,2
좀 유치하긴한데 ㅋ 시간가는줄 모르고 봤네요   2편은 극장에서는 안볼것 같은 생각 ㅋㅋㅋㅋ ,8
볼거없어서 봤는데 너무 재밌었어요. 잔인한 장면이 없었으나 진짜 심장쫄깃하고 무서운게 시간가는줄 몰랐습니다 ,9
너무 재밌는데요?? 평점 호불호가 갈리긴 하는데 저는극호입니다 ,10
관람객무섭고 재밌네요 솔음이.오싹 할.정도 저게 현실이라면 끔찍 ,10
방탈출 소재는 좋은데 초반에 답답해서 빡쳐서 잘까 고민하다가 내용이 점점 긴박하니까 계속 봄. 딴거 볼 껄 후회는 했지만 킬링 타임으로는 나쁘진 않음.아 흑형 수트 핏 애지더라 ,6
시간 가는줄 모르고 즐감했네요~  추천합니다. ,10
개꿀잼....!!! ,10
관람객재밌었어요!ㅎ 약간 큐브 순한맛 느낌으루다가 봤어용! 후반부 얼탱이없는 급전개랑 뜬금없는 후속편 낼까말까 하는 간잽이 결말만 아니었어도 좀 더 평점을 높게 줄 수 있었을거에요! ,7
관람객재미없음 진짜 짱으로 ,2
재미만 있는데 씨 바 알 ? ,7
관람객시간쉴새없이감ㅋㅋㅋㅋ ,8
영화관나오고나서 나까지 노이로제현상온기분 토나올뻔결론 꿀잼 ,8
관람객긴장감이 넘쳐서 재밌게봣습니다 후속작이나올거같네요 ,8
스릴있고 안잔인해서 좋았음. 손에 땀을 쥐고 본 영화 ,8
진짜 재밌으니가 그냥 꼭 보세요 공포영화보다 심장 쫄리는 영화.. ,10
다리 길이의 중요성... ,8
재밌고 담편기다려지는 영화~~~ ,10
볼만하고 재미있네요~~ ,9
"스피드한 스토리에 지루하지 않았고, 잔인한 장면없이 공포감을 조성하여 몰입할 수 있었어요. 다만, 쉽게 예측할 수 있어서 아쉬웠어요. 후속편이 나올거같은데, 기대하겠습니다. ",7
살짝 쏘우느낌 재밌었음 ,10
여자친구와 봤는데 글쎄 끝나고 보니 입술에서 피가...얼마나 깨물고 봤길래... ,10
관람객그냥저냥 시간때우기용 ,8
이렇게 존매 여배우 2명이 여태 안뜨다니..테일러 러셀같은 흑인은 결혼도 가능♡_♡ ,10
캡틴 마블이 망작이라 이거 봤는데 긴장감 넘치네요 ,10
심장 아파유 쫄깃쫄깃... ,10
영화를 이해하는데 개인차가 심할것만 같은 난이도 같아요 설정 전개가 너무 다이나믹해서 시간이 훅 지나갔는데 롯x 화질 넘나 아쉬운것...이댓글이 하고싶은말이 뭔지 모르겠듯이 2편 꼭보라는 것 같은 마무리 ,7
"꿀잼.,?!’ㅣ개꿀잼 ",10
유머와 액션이 감미된 쏘우느낌 ,8
이거 재밌게 보는방법 내가 저 상황에 있다고 생각하면서 보면됨 ,10
나쁘지않음 지루하지도 않음볼만함 ,7
큐브1만큼의 대작은 아니지만 굉장히 잘만들었고 몰입도 높음. 2편에서 1편의 떡밥을 얼마나 잘 회수할지 기대됨. ,10
관람객전 잔인한건 못보는 편인데 이 영화는 적당한 스릴과 재미가 있어서 가볍게 보기에도 괜찮은것 같아요^^ ,10
현재 상영중인 영화중에선  재미남 ㅋ이 영화보고 나온뒤 극장근처 방탈출 하러갔는데 개꿀잼 데이트코스로 추천드림!! ,8
"생각보다 볼만했습니다.  스토리나 그런것들이 예측 가능하지만, 나름 쫄깃하고 재밌었네요 ㅋ ",10
관람객공포영화 엄청잘보는데 이건 엄청 긴장하면서 봤어요 내용이 좋고 그런건 모르겠는데 긴장감은 웬만한 공포영화보단 나은듯 ,9
긴장감 좋았습니다 쏘우느낌이에요! ,10
오랜만에 재밌는 영화봤네요. ,10
난재밌었음..하지만약간허술한느낌이있음. ,10
"방마다 살인 함정 , 공통된 사연을 가지고있음  딱 청소년용 직소 + 큐브  방탈출 좋아하는 사람이라면 그나마 재밌게 볼 수 있을듯 ",7
두번째 배댓님 1만달러맞아여댓글먼저봐서 영화볼때 자세히 들었는데 영어로 텐싸우전드달러라고 했어요 ,8
손에 땀이나요 너무 잘봣음! 2편도 봐야지 ,10
친구 권유로 별 기대없이 봤는데 러닝타임 내내 전혀 지루하지 않고 몰입감있게 보고 나옴. 개인적으로 후속작도 기대되네요. ,9
기대한만큼 재밌었어우 ,10
몰입감이 최고다 ㄷㄷ 큐브같은 느낌도나고 ,10
관람객지루하진 않았지만 좀 예상가능한?영화 그래도 볼 만 함 ,8
난스릴넘치게봄!!!ㅋㅋㅋ ,10
약간 애매하게 재밌는 영화. 잔인한걸 기대하고 본 저에게는 조금 아쉬운 영화였어요! ,7
관람객스릴러존잼이에여 스릴러 좋어하시는 분께 추천 ,8
관람객손에 땀이 날 정도로 몰입도 최고 ,10
Jamet hahaha ,10
재밌음 킬링타임용으로 딱 ,10
관람객나름재미있네!시간때우기용 ,8
관람객참고로 최근에 본 해피데스데이2보단 50배이상 재밌고 중력의 방 개소름;; ㅠㅠ ,10
관람객너무잼있고다음편도기대 ,8
관람객그냥저냥 볼만햇슴ㅋㅋㅋ ,6
쏘우보다 약하고 큐브보다 덜 치밀하다... 마지막 대사로 후속작 암시하는 것 같은데 안 나올 것 같네 ,6
관람객스릴러영화좋아해서 재밋게는봣는데 결말이좀흐지부지. . ,6
관람객그럭저럭나쁘진않았으나 큐브시리즈와 비교되긴하네요 한번볼만해요 ,6
시간가는줄 모르고 봤네.. 진짜 한시도 쉬질 않음ㅋㅋㅋ 빨리 2탄 나왔음 좋겠음 ,10
관람객퇴사 확률 4퍼센트 ㅏㅏㅏ ,10
관람객일반적인 B급 영화 중에 메이져급 영화 ㅎ킬링타임용으로 좋습니다 ㅎㅎ ,8
관람객덜 잔인한 옛날 큐브같은 영화ㅋ ,10
아 마지막 찝찝해...ㅋㅋㅋㅋ시즌 만들건가..????ㅋㅋㅋ솔직히 굳이 영화관에서 안보고 그냥 집에서 킬링타임용으로 다운받아서 볼영화..! 나쁘진 않았음(skt멤버십으로 공짜로 본거라..) ,7
관람객볼만함 세글자만 쓰려는데 왜 10글자나 입력하라그래욧 ,6
관람객방탈출 진짜 좋아했는데 무서워지네요그래도 영화는 개꿀잼 ㅋㅋ ,10
관람객그냥뭐 그랫어요 기대이하 ,8
관람객기대했던거보다 별루요새로운 것도없고 시리즈만들기? ,6
"기대안하고봤는데 재미있었어요, 잔인한장면없이 긴장하게 만듬, 결말도 허무하지않고 좋았어요, 2변은 안나올것같지만, 평균 평점이 너무 낮아서 10점줍니다 ",10
관람객힝 ㅜㅜㅜ죽이는거 싫어요ㅠㅠ ,7
관람객그냥 쏘쏘 첨엔 재밌다가 나중에 살짝 지루 ,8
관람객영화보는 내내 흥미롭고 즐거웠어요 ,6
"영화가 끝나도 의문도 많고, 개연성도 의심 가지만 방탈출하는 부분은 대부분 짜릿하고 긴장감 넘친다. 생존만 보장된다면 같이 하고 싶을 정도. ",6
쏘우 하위버전  그저 그래요 ,7
관람객hdktsitzjxigcogcog ,8
큐브같은 영화 생각하고 갔다가 대실망.. ,5
관람객간만에 재밌게 영화봄봄 ,10
강호동의 방탈출 팀 가면 전원생존! ,10
돈이 하나도 아깝지 않은 영화 ,10
관람객괜춘한것같아요 방탈출 ,6
관람객지루하지 않게 봤네요. 생각보다 볼만해요 ,6
다 필요없고 꼭 영화관에서 봐야할 영화임.사운드가 죽임 ,10
초반에 물컵에 물 부족했을때 오줌싸서 채울줄알았는데 술통이 등장하네..ㅋㅋ ,6
관람객꿀잼~^%*!=+*%??\ ,8
관람객똥안닦은 찝찝함... ,6
재밌게 잘 보고 왔는데 왜이렇게 평점 테러들을 하시는지... 소개팅녀랑 봤는데 둘다 재밌게 잘 보고 나왔다 스릴굿! ,9
이건 미쳤다...스릴감넘치고 몰입감최고 ,10
큐브 +쏘우 반반씩 합쳐놓은느낌그래도 볼만했다 ,8
긴장감있고 심장쫄깃쫄깃.  나름볼만햇다.2편이기대되네 ,10
관람객그냥 그럭 저럭??? 내용전개가 답답 짜맞추기 ,8
솔직한 평가.  엉성한 게 있지만 몰입감 최고.  지루함 느낄 시간도 없음. ,8
관람객재밌어요 심장 쫄리면서 봄! 다음편도 기대되요! ,8
재미있습니다. 강추작 ㄱㄱ ,10
퍼즐이 너무 싑게 쉽게 풀리는 게 조금 아쉽. 그래도 흑걸 조이는 너무 이뻤긔 ♡^o^♡ ,9
이거 대박 영환데? 캡틴마블 보고 유치해서 오그라들었던 손발 찾았다 ,10
"오. 기대보다 잘 만들었었다.  짜임세, 연기 ,캐릭터가 나름 충실하다. ",10
관람객굳dbdbdbdbdbdbdbdbdbdbdbd ,10
캡틴마블 아주매미에게 내상당한 영혼들을 위한 힐링영화 스크린 독점 좀 작작해라! ,8
예고를 뛰어넘는 본편이닷!! ,10
관람객두시간 순삭....3일동안 네시간 잔 상태에서 밤 열한시반 영화를 봤는데 졸았던 건 룸에 들어가기 전까지였다. ,10
최고 스릴잇고 반전잇고 !!! 넘나 재밋음 ,10
뻔한스토리 노잼 ㅎㅎ... ,2
보통 공포.스릴러는 중간 중간 긴장되지만 이 영화는 처음부터 끝까지 긴장감임. 너무나도 재밌고 2편이 나오기까지 가다려야 하지만 영화 안에 나타난 인간성과 긴장감부터 고난과 해결이 너무나도 기억에 남는 영화임. 진짜...,10
관람객큐브영화에 한참 못미쳐요  그냥 가볍게 볼만하다 정도 ,8
큐브도 아니고 쏘우도 아니고 유치하다 ,2
간만에 개봉한 방탈출 영화라 기대했는데 조금 싱거운 15세 관람가용 딱  그 정도 ,6
흠 이게적절할듯합니다.그냥킬링타임 평범 ,6
"퍼즐, 게임류를 좋아하는 사람에게는 봐줄만한 영화. 다만 각 방에서의 문제들의 수준이 너무 낮은 것은 흠이다. 운빨이 도와주지 않으면 풀 수 없는 억지성 문제들. ",6
관람객너무 재밌습니다! 여자친구도 재밌다고 하네요 ㅎㅎ ,10
정말 괜찮은 영화인거 같은데 너무 떡밥이 툭툭 나와 이해가 잘안되고 끝이 유치해요;; 개연성이 없네요 그리고 방탈출 단서는 정말 얼마없는거 같아요;; ,6
방마다 다른 긴장감이 있네요! 굳 ,9
스릴 만점 기다린 보람이 있다! ,10
쏘우삘도 좀 나지만 잔인하지도 않고 잼있음갠적으로 고소공포증이 있는 나는 거꾸로 된 방이젤 쫄깃했음ㅋ ,10
이거 꽤 괜춘한듯... ,10
손에 땀을 쥐다 멱살을 쥘뻔 ,8
이 정도면 개꿀임...이런류의 영화를 더 재밌게 만들기도 쉽지는 않음...2탄도 나올거 같네여 ㅎㅎㅎ ,10
잔인하지않아서 더 보기좋았습니다 ,10
2편은 비행기에서 굿ㅋㅋ ,8
킬링타임용으로 괜찮은듯.. 기대 안하고보면 볼만함후속작 만들거면 좀 더 스릴있게 나왔으면 함ㅋ ,8
관람객스릴잇고 괜찮앗어요 다만 살짝 지루한 느낌 ,8
재밌음. 이거 보려다가 착각하고 룸이스케이프 봤는데 욕처나오더라. 발암 캐릭터가 없어서 좋다. 다음편이 기대됨. ,10
개연성있는 연출미 억지짜집기 국내영화보다 훨씬 완성미 있다. ,8
가장 기억에 남는 것 : 흑인 배우분은 자신이 입고 있는 옷을 만든 사람에게 자부심을 느끼게 하는 Body라는것이다 ,8
별루 재미없던데요~~~ ,4
리얼 사장은 암걸리고OOO기 영화 나만볼수없다 라는식의 평점 ,1
이게 영화냐? 진짜 짜집기오진다 ㅋ ,1
개꿀잼 진심 너무 재밌다2탄 꼭나왔으면 좋겠다 ,10
관람객재밌게 잘 봤습니다 시간도잘 ,10
관람객한층 진화된 쏘우를 보는 느낌 ,7
관람객이게영화여?ㅡㅡ  너무잼없으 ,1
재미 드럽게 없음;; 보다가 짜증나서 2배속으로 봣는데 결말도 개 어이없고 억지;; ,2
관람객ㅇ재미잇네요 시간가는줄몰라슴 ,10
1.스토리가 허접하다. 2.긴장감이 안느껴진다. 3. 배우들 연기가 좋은편이 아니다. 4. 영화 광고에 나오는 장면 빼놓고는 볼만한 장면이 없다. 고로 재미가 없다. 큐브같은 영화랑 비교했을때 퀄리티가 너무 떨어짐....,3
하나같이 ㅈㄴ 답답해서.. 고구마 1억개 쳐묵은거 같고.. 스토리 호좁하고.. !! 참 병맛같은 쓰레기 영화다. ,1
괜찮다길래 봤는데 그닥.. 큐브짝퉁 비교불가 ,1
이세상에 갇혔고 탈출하는방법은 죽음뿐이다.괴롭네. ,4
20년전의 큐브가 얼마나 잘만든 영화인지 새삼 느꼈네. 망작이라는 큐브2도 이거보단 재밌었던거 같다 ,5
관람객꿀잼이었음 2편나오면 꼭 봐야지 ,10
쏘우나 큐브가 되고싶었던 영화같은뭔가 이야기가 흘러가는데 억지가 있는 느낌 주변인들한테 방탈출 하러 간다 이야기 했을텐데다른곳에서 사망한 모습으로 발견됫다고 한다고 납득하는거나 뭐 쨋든 물음표가 많이 남는 영화 ,6
그냥 무표정으로 봄2편나오면 안볼듯 ,2
손에 땀나고 진짜 너무 재미있어요... 안봤음 후회할뻔 ,10
관람객 아무런 감흥이 없엇다 영화관을 탈출 하고 싶게 만드는 탈출 영화 ,6
관람객그냥저냥 나쁘지 않았습니다. ㅠㅠ ,10
그저 그런영화 인듯 저는 별로 였습니다 ㅎ 재미도 감동도 없구 스릴조금 추가 한것뿐 ,1
주차권을 한번더찍는다면 주차난해소에 도움은된다 ,1
관람객재미없다 정말 정말 ,1
이건 평점0점주기도 힘든 영화다.보는동안 무표정으로 영화봤다.불면증에 시달리는분들은 이영화를 보시면 바로 잠들수있다. ,1
네이버 평점 보지마요... 다 알바임.. 유튜브 후기나 까페후기 봐야되... 진짜노잼.. 예고편이 다인 영화 스토리 너무 부실... ,1
큐브와 쏘우1에 비하면 졸작 ,4
관람객기대를 너무했나? 몰입은 되는데 긴장감과 스릴이 떨어지네.. 좀 어설펐다 ,6
관람객재밋당 메이즈러너 느낌임몰입도도 괜춘한 시리즈물임방탈출 싫어하면 애초에 보질마셈 ,10
후... 다른나라서 봤는데 진짜 개노답 노잼이다...  감히 큐브를 언급한다고??  오바치지말자..ㅋㅋ ,1
어이 없는게 이딴걸 후속편 만들겠다고 ㅈㄹ 떠는게 개 어이 ㅋㅋ ,2
2편 빨리 나왔으면 좋겠다 ,10
개꿀잼 2 얼른나와라 당장본다 ,10
지루할틈이 없고 흥미진진 ,10
관람객친구 코고는소리에 같이 잠들뻔했다.. ,2
지금까지 이런 영화는 없었다.평점이 1점인가 0점인가 ,1
무슨 말을 하고싶은 영화인지 모르겠네요 ,4
잘 만든 영화...올만에 몰입도 거의 백퍼인 영화봄... ,9
기대 안하고 봤는데 스릴넘치고 재밌었어요 !! ,10
소재는 참신했으나 뻔하고 지루함오랜만에 영화보다 졸았음 ,2
관람객쏘우처럼만 갔어도 좋았을 것 같다 ,4
최근 나온 캡* 같은 영화에 비해서 훨씬 잘만든거 같네요 ,10
20분 후부터 지루했다. ,6
시간은 금방감... 마무리가 조오금 허술 ,9
'호스텔' 멘사(MENSA) 버전! ,10
극장이팝콘맛집이냐? 드럽게들쩝쩝대고들처먹네수다는 커피숍가서떨어라무식한것들아 ,6
진부한 소재에도 보기드문 수작 ,10
재미와 흥미를 모두다 가진 좋은 영화였지만 속편은 제발 헝거게임처럼 되지 않길... ,10
 새로운 20세기의 큐브버전예상치못한 탈출룸방식과 6명의 상극조화 ,8
영화 보기 전에는 잔인할 줄 알았는데 막상 보니까 그런거 전혀 없어서 오히려 맘편히 볼만했어요~ 여성분들도 재밌게 볼 수 있을 정도의 영화 ! 재밌게보고왔어요~ ,10
끝까지 집중할 수 있는 영화였습니다~ 추천해요!! ,8
개연성 없고 완전 유치하고 오글거리고 노잼 ,1
흑인 여자애 개답답하고 정신질환자 같아서 OO같음 ,2
쫄리는거 없고 퍼즐푸는거 별로없고 잔인한거 별로없고 노출없고 출연자들 몇명은 금방 죽고 마지막은 정말 찝찝한 기분이 들었다 그냥 서로  ㅈㄹ하다가 죽을사람 죽고  살사람은 살았는데 그게끝이 아닌영화 ,1
추리없고 지들끼리 소리지르다 끝남. 그냥 b급 영화 ,3
"제목에 충실한 영화. 베댓처럼 2편을 향한 의지가 돋보임. 첫부분에 모든 게 담겨있어서 전개상 흥미롭지는 않았음... 헝거게임처럼, 평범한 사람들을 장기말처럼 갖고 노는 부자들과, 대항하는 혹은 꼼짝없이 당하는 출연...",5
관람객기대하고보면 실망하는영화 ,8
관람객박스오피스 디진다 진짜 거짓말 적당히 해야지 돈아까워 tvn대탈출이 더 재미있다. ,2
....조조봤는데 돈아까운생각...쏘우생각하고가면 훨 재미없고 큐브생각하면 좀...더 많이 부족한느낌의 애매한영화...뭐 이렇게 써줘도 보고싶은사람은보겠지... ,1
관람객진짜 같이 방탈출하는 느낌 존잼 ,10
아 졸잼이자나 ...벌써2편보고싶음 평안조은거  뭔가싶음 ,10
관람객피곤한 상태긴 했는데 잠 오고 지루했음 ㅠㅠ ,4
방탈출이란 소재로 만든 B급 영화. 잔인한 장면 없이 순한 맛으로 진행된다. 몇몇 장면은 스릴 있게 잘 살렸지만  B급 전개에  C급 마무리로 돈 주고 보기에는 부족한감이 많음. ,5
10점 준애들은 다 댓글알반가 재미도없고 속편예고도 뜬금없고 이거 속편나오면 보러갈사람이 있을까 싶다 ,1
관람객존잼존잼 2편 나중에 봐야지~ ,10
50대 1명40대 1명15세 1명평점평균:8.0오리지널큐브와 비교하기는 무리지만 볼만함. ,8
큐브 좋아하시는분은 꼭 보세요!! 제 인생 탑3 ,10
정말 재미 없다 정말 비추천 한다 돈이 더 아깝다  이게 영화임  졸작 영화 임 ,1
깜짝놀랬다..그래서 ..그래서? 그래서..하다가끝남 ,4
개노잼; 기대하고 보지 마세요 오웱 ,2
스타이즈본 이후로 또 로그인하게 만드네 예고편이 다에요. 예고편보고 재밌을것 같아서 봤는데 리얼 재미없어요. 내용도 없고 억지 긴장감에 스토리 짜임새도 엉성해요. 무튼 보지마세요. 박평식 형님 말 들을걸 너무 후회합...,1
미쳣다 존잼 그냥 오졋음 ,10
이스케이프 룸 재미있다 공감 or 쏘우가 재미있다 비공감 ,10
"주말에 영화보려고 하는데, 재미있으면 추천, 재미없으면 비추 부탁드립니다~ ",10
엥? 이거 3월 13일날 6시로 보고 왔는데 14일 개봉이였네??? 일단 B급 영화치고는 상당한 몰입감 있습니다. 솔직히 이런 저예산 영화에 이정도 퀄리티 칭찬합니다~ ,8
공포영화 매니아라서 말한다 호러 스릴 아무것도 없다 그냥 어드벤처다 재미는 없다 그게 팩트임 ,1
야 진짜 알바들아 꺼져라ㅡ ㅡ이건 본편보다 예고가 더 재밌다ㅡ ㅡ ,4
영화 평점에다 악플 왜 쓰는지 비로소 깨닫게 되었다 ,1
관람객잘봤습니다 무척 만족스러워요 ,10
오랜만에 본 욕나올 정도로 재미없는 영화. 보다가 그냥 나갈까 고민했지만 뒷부분은 재미있겠지...하면서 참고 봤는데... 긴장감  전혀 못 느낌. 전체적으로 다 별로였던. 영화 개봉을 기다렸던 내가 싫다. ,1
캡틴보다  이영화가 재있다고 생각하시는분 추천!! ,6
이번 주말에 영화 보려고 하는데 캡틴 마블 vs 이스케이프 룸 둘중 뭐봐야 할지 고민중이예요ㅠㅠ 캡틴 마블 추천하면 호감 이스케이프 룸 추천하면  비호감 눌러주새요!!! ,4
쏘우1편이 10점만점에 9.5라면 이건 그냥 2점이다. 짝퉁 아류작 ,2
관람객심장이 쫄깃쫄깃..생각보다 잼났음ㅋ ,8
영화 정말 재밌었습니다 그런데 제가 왜 별점1준주 아시나요? 이런영화 보면 느낀게있고 이영화보면서 똑같이 느낀게 있습니다 꼭 살아남을거 같은애가 살아남습니다 순결한여자 / 잘난척안하는남자 똑같네요.. 게다가 멍청하게...,1
"큐브,페르마의밀실,쏘우 짬뽕영화 ㅡㅡ 배껴서만든 최악의 영화 ",2
개노잼   긴장감이란 1도없고   감히   큐브에  비교를해? ,2
관람객재밋름 니단 걍 1ㅗㄹ만해연 ,6
관람객그냥 킬링타임용 !!!! ,6
검은방같은 탈출영화가 나왔음 좋겠다..너무 기대가 컸나보다ㅠ탈출하는것 자체는 재밌었음 ,6
그냥  볼만한정도??? ,5
관람객너무많은 기대를 하신다면.... ,6
관람객초반에 재밋다가 중간에 지루해져요 커걸면서 잤어요 ,5
2편안나올거같은디 암튼 존ㄴㄴㄴㄴ잼 최근 본영화중에 젤 재밌음 ㅠㅠ 근데 약간 후유증.. 지금 지하철탁ㅎ가는데 갑자기 불꺼지면서 나도 여기 갇힐거같음 ㅠㅠ 암튼 심장개뛰어요 아직도 ,10
"마지막에 살아남은 멤버 조합이 예상을 빗나가서 신선했습니다. 탈출 멤버들의 공통점이 밝혀져갈 때 흥미로웠고요. 근데 게임 마스터랑 싸울 때, 2편 암시할 때는 조금 진부하고 오글거린다는 느낌을 받았습니다 ㅋㅋ ",6
큐브 + 쏘우 + 헝거게임? 다행히 잡탕도 그럭저럭 먹을만 했다. ,8
관람객제작하겠다는 강력한 의지 ,10
이 영화도 페미 묻었다 조심해라ㄷㄷ ,1
한글 오타가 좀 보였어요. 그리고 존잼;;  개인적으로 너무 재밌었고 2 나오면 꼭  볼거에요! 그리고 흑인 배우 피지컬이 너무 멋있더라구요 ㅋㅋ ,10
관람객생각보다 스릴있고 배경이 재미있네요 ,10
관람객그냥저냥 볼만햇다 ~~~~ ,5
관람객스릴장난아님 내가 방탈출 하는 느낌 ,6
진짜 영화 끝나고 못일어났다. 같이 보러간 친구는 노잼이라고 하던데 사람마다 몰입하는 기준이 달라서 그런거 같다. 진짜 끝나고 나서도 나오면서 무서웠음. ,10
관람객확실히 재미있어요 다들 보세여 ,8
쏘우 반에 반도 못따라가고 좀 시시함. ,2
솔직히 평점을 주자면 5~6점 정도... 킬링 타임용으로도 시간이 아까울듯. ,1
걍 개꿀잼임ㅋㅋ 마지막이 약간 그렇지만 개꿀잼 ,10
관람객개꿀잼 꼭보세요 !! 2번보세요 ,10
리얼 개꿀잼 최근에 본 영화 중에 최고였다 시사회 처음 가 봤는데 진짜 행운이였어 한 번 더 봐도 재밌을 만한 영화 극장에서 보는 걸 추천 ,10
ㅁㅊ 영화. 쏘우 + 큐브 ,10
진짜 꿀잼 꼭 보세요 스릴있고 한 순간도 지루한 순간이없었음 ,10
잘만들었는디? 2편기대 ,10
이건 진짜 ㄹㅇ로 2편나와야한다 야 근데 그와중에 흑인핏 지렷다 ,10
쏘우 + 큐브 짜집기하고 내용 결말이 뻔히 예상되는데도 재밌음 ,10
손에땀을 쥐게하는 기대만땅하고 보세요 ,10
자동사냥 돌려놓고 만렙찍는 느낌 ,3
정신없이 보기 좋은영화 ,10
"좋잉 ,벵 살아남음 수고링 ",10
결말 뻔하고 연출 뻔하고 다 뻔하고 ,4
방탈출 키포인트를 이렇게 쉽게 풀어가는게 말이 되냐;;;마지막 반전도 약하고...저급 킬링타임 영화 ,4
떡밥 회수 그닥.. 그래서 룰이 뭐냐고ㅋㅋㅋ룰을 찾아야된다더니 쯧.조잡한 긴장감 주면서 단서는 단번에 딱딱찾고억지성이..ㅋㅋㅋㅋ ,6
큐브 이후로 최고의 탈출영화네요. ,10
캡틴마블보다 훨 재미남 ㅋㅋ ,10
큐브같은 영화와 비교하며 난척 하지마세요. 팝콘먹으며 재미있게 봤습니다 ,10
어제 보고옴  긴장감 개쩔어요  쏘우+큐브+케인더우즈  짬뽕시킨 감이 없지않아  있지만  꿀잼이었음  트랙이라해야하나  큐브처럼?  쏘우나? 트랙하나는끝내줌  환상적임  나 또보러감 ㅋㅋ ,9
탈출을 위한 단서와 탈출할 방이 그냥 설계된게 아니라서 등장인물이 하는 대사이며 잠깐 스쳐간 회상도 집중해서 보게 되었네요 ,10
진짜재밌음 뭔일이 터질지모름 ,10
"존난 잼인다.쫄깃...,,, ",8
"큐브와 쏘우 비슷하지만 저 예산 영화로 이 정도면 성공적이라고 할까 솔직히 ""캡틴 마블""보다 긴장감은 더 좋았다 ",7
와..이건 쏘우를 능가하는 캐명작이다!!! ,10
B급 영화의 느낌이 나지만 이정도면 그 중 수작입니다. 마지막에 찝찝한 거 싫어하시면 보지 마시길! ,8
방탈출은 대탈출 프로그램을통해진짜 재밌게 느꼈는데 이영화도 봐야겠어요 ,10
존잼입니다 보세요ㅋㅋ ,10
해동 해동 해동  해동 해동 해동  해동 ,10
지루하지 않고 잼나게 즐길 수 있는 영화임. 그리고 기대를 저버리지 않는 평식 형님의 한줄평. ,8
진부한 클리셰랑 전형적인 캐릭터 시작부터 딱 보인다 그냥 쏘우 한 번 더 보는게 낫겠다 ,2
영화 각본 쓴 사람만 재밌는  영화 ,3
굳이 보지 않아도 않아도 될... ,1
철 지난 구닥다리 아이템 ,1
볼만했으나 같이 하는 느낌은 없다 cctv카메라가 된 듯 ,4
최악의 영화. 기분 나빠서 더 이상 뭐라고 평하고 싶지도 않습니다. ,2
관람객볼만햇습니다요오오오오 ,10
2탄도 기대돼요 얼른 개봉하길 ,10
이편이기대됨 스케일키우자 ,10
영화볼 돈으로 그냥 방탈출카페 가시길.. ,1
어거지 트랩에 어거지 풀이 영화를 어거지로 만든듯 ,1
"관람객초반부의 흥미진진함에 비해 후반부가 아쉽네요. 뜬금없이 조이를 살려서 수월하게 탈출시키는 부분에서 응..? 벤이 마지막에 혼자 탈출하는 부분도 너무 갑작스러운 배경전환. 재미는 있으나, 극찬정도는 아닌. ",8
시시하다 관람불가였음 피한방울 안나옴 유치 ,4
이거 재미없다고 하는 사람들 알바인거같은데 ㅋㅋ ,10
개재미있다 .  올해본영화중 최고다 ,10
진짜 너무 재밌어요 꼭보세요 ,10
와이프가 잼나겠다고 했서 주말에 예매함 ㅋㅋ ,10
큐브 짝퉁임 2편 나올거면 청불로 스릴있게 나왔으면함 ,4
저능아의 핵폭탄급 시츄레이션 ,4
호러영화는 앵간하면 재미 없어도 끝까지 보는데 도저히 못보겠음. 이번엔 박평식이 옳았음 ,1
넘시시함 졸았어요 너무해요 ,2
여자친구가 보자고해서 봤는데 너무 불만족이었습니다 ,1
말 할 가치도 없는 최악의 영화 ,2
진짜 댓글알바 무섭다 이런 망작을 보고도 재미있었다고 하네... 아직 안 보신 분들은 절대 보지 마세요 여러분의 소중한 시간을 지키시길 ,1
이 영화를 만든 애덤 뭐시기 감독님과이영화가 재밌다고 평점을 높게준 모든 이들에게취업도 못하고 전전긍긍하며 살다가라면하나 못먹고 죽으시길 기도드리겠습니다 ,1
"남자들 모델이 한남충인듯. 책임감도 없고, 겁은 많고,  서로 미루고 싸가지마저 없음. 시나리오 작가가 분명 한남충 생각하면서 쓴 거네 ",6
23日굘동굴브리쥬파자마다리앞교차♡탄생첫토휴일행복계밥쭈꿈가리비지혜의숲더티트렁크방탈출마마우동24日봄패윜사파돌고래횩효자동씨유광천김x2화형동사추락질식환각을지나여섯번째압사방이첫장면띠용⊙⊙살아남아육개월동안잘살고있는데배후밝히러가...,7
관람객아놔진짜40자자자자 ,2
1편보다 2편이훨낫네유 재밋게봣어유두명살앗네유~ 다음편 비행기탈출 기대중입니다 ~ ,10
대박 인생영화 등극 ㅋㅋㅋㅋ ,10
킬링 타임용으로 좋다 인생은 se^x다 ,8
그냥 애인이랑 손 꼭 잡고 보고있으면 뭐가 무섭지? 싶은 영화. 너무 재밌음 ,10
관람객2편이 기대되긴 하지만 이번편만 봤을때는 별루 ,8
재미는 있으나... 정신없는 영화 ,4
감독이 천재인가?어떻게 이런생각을 했을까?보는내내 손발에 땀흘렸다ㅠ ,10
방탈출이 뭔 ㅋㅋ 보는내내 멀미나고 의미없고   토할거같다 사이코가 만든거같아.. 띵작이라는데..모르게땅 ,2
진심역대 인생최고의영화다!! ,10
보지마 ㅅㅂ  맴버십 무료로 봤는데  티저영상 100분짜리 본듯 ,2
간만에 쓰레기를 봤다. 안본눈 사요. ,1
평식이 오늘도 연승중! 처음엔 스릴로 좋았지만 그후엔 글쎄?ㅋㅋㅋ 평식이 믿어라 얘들아 ,1
2편을 예고 했으나 기대되지는 않는다. 영화를 조금 혼란스럽게 찍었다. 간결한 맛이 없음. 수준급 영화는 아님. ,4
