10,"10년이 지나도 잊혀지지 않는 명작..공포영화는 못보지만 유일하게 이것만은 본..귀신나오는 장면은 아직도 무섭지만, 전체적으로 무서움보다 슬프고 아름다움의 비중이 더 큰 영화란 생각이 든다 여튼 여운도 길었고..정말..."
10,김갑수 염정아 문근영 임수정 최고의 연기자들의 모임이런 한국공포영화가 다시 나올수 있을까?
10,마지막 '돌이킬 수 없는 걸음'이 나올 때 휘몰아치는 여운은 정말 최고였다
10,염정아 연기 개잘함 !!
10,김지운은 음악을 잘고르는듯달콤한인생도 그렇고 음악이 정말...선호하는 음향감독이라도 따로있나?
10,결국 애초에 아부지가 문제야...
10,영화가 끝나고 나서도 한참동안 여운을 주는 완성도 높은작품이다. 배경음악과 세련된 영상과의 조화가 인상깊다. 또한 내용면에서도 다른 공포영화와는 구별되는데?이 영화는 약간 절제된 듯 공포감을 느끼게 했다. 국내 공포...
10,목이 안날라가고 피가 안튀기더라도내 심장을 쪼그라들게 만드는 우아한 공포물
10,수미가 뒤돌아 갈대밭을 걸어가는 씬은 마치 사진처럼 남아있다.
10,우리나라 영화중 이만한 반전영화는 없다 생각함
10,"하나 둘씩 이해하면 할수록 더없이 슬퍼지는 영화. 영화속 적막함, 어두움, 원귀, 공포등이 결국 결말엔 모두 슬픔의 파도로 밀려왔다"
9,컨저링 보다 더 무서운 영화임
10,"한국산 공포 스릴러 수작 중 몇 안되는 작품. 특히나 영상과 효과음이 긴장감을 배가시키고, 돌이 킬 수 없는 걸음이라는 배경음악은 영화가 끝나고도 계속 귓가에 맴돈다."
10,동생을 지키지 못했다는 죄책감 때문에 스스로를 아프게 할 수밖에 없었던 수연이를 보자니 너무 가슴이 쓰렸다. 정말 슬프고 아름다웠던 영화. 엔딩에 '돌이킬 수 없는 걸음'이 나올 땐 여운이 휘몰아쳤다....
9,12세 관람가로 이정도 공포영화 만들 수 있는 감독 지금도 거의 없다 봐도 된다. 공포영화 흥행기록 314만? 아직도 안깨진 걸로 앎. 이와 별개로 OST 돌이킬 수 없는 걸음은 영화와 역대급 케미 터짐. 진짜 개좋...
9,염정아의 연기력이 이 정도일줄이야..
10,"그때 영화를 보고 난후, 한국에도 이런 영화가 가능하구나... 하고 한동안 말문이 막혀있었다."
10,미장센 폭발... ost 폭발... 공포영화로서도 겁나 무섭고 여운이 많이 남음... 마지막 장면에선 남아있는 긴장감과 슬픔과 ost에 카타르시스가 일었다.
8,"품격 있게 공포스럽고, 매혹적으로 고어스럽다."
10,"10년이 지났지만 여전히 내 평생 최고의 한국 공포 영화로 남아있음. 영상, 스토리, 배우들의 연기, 음악. 무엇 하나 허술한게 없음."
10,돌이킬수 없는걸음
10,중학생 당시 봤을땐 몰랐는데 지나서 생각해보니 엄청난 명작...
10,공포찾는 애들은 내용없고 귀신만 튀어나오는 링이나 주온같은거 봐라. 난 10년 지난 지금도 임수정이 갈대숲 걸어가는 마지막장면이 잊혀지지 않는다. 내용은 비록 예상가능 하지만 김지운 특유의 무거운 분위기에 압도된 영...
9,영화를 보면서 무언가에 홀린듯한 느낌을 받았다. 영화의 배경이나 장소 그리고 연출하는 장면까지 한국공포영화에 한획을 그은거 같다. 특히 싱크대 귀신은 심장이 멎는다. 그 장면 본 이후로 몇일간 침대 구석의 빈 공간이...
10,"공포영화를 고를 때 기준이 되어버린 영화. 공포영화를 잘 못 보는데 이 영화는 영화관에서 세번이나 봤다. 공포와 스토리와 연출, 연기자들의 연기가 아직도 머릿속에 생생하다."
8,우아하고  처연하고 그래서 아름다운 공포영화
10,잔인하거나 그로테스크한 공포음을 넣지 않아도 관객 스스로가 공포의 늪속으로 빠져들게 만드는 영화
9,김지운을 사랑하기 시작 하다
10,명품 공포영화..이만한게 있을까....가슴 저미던 그 ost 까지도...
10,가장 좋아하는 공포영화
10,중2때 영화관에서 처음 봤었을때 잘 이해가 안됬던 부분들을 지금 다시 보니깐 진짜 감탄이 나올정도. 귀신으로 공포감을 조성하는 영화들과는 차원이 다름. 임수정이 갈대밭 걸어가는 엔딩장면은 정말이지 여태 본 수 많은 ...
9,단언하는데 국내 공포물중 이 이상의 영화는 없다.
10,최고의 영화.  엔틱한 배경도 너무 이쁘고. 집 인테리어서부터 소품하나하나까지 너무 예뻤다. 엔딩에 나오는 돌이킬수 걸음.ost가 더 가슴이 아프게 들린다 ㅠ 배우들의 자연스러운 연기가 돋보였던 영화.10년이 지난 ...
10,우리 나라 에서는 진짜 최고로 잘 만든 공포 영화 인 듯 하다.
10,알포인트와 함께 재밌게 봣던 영화
10,어릴때 볼땐 공포영화인 줄 알았는데 오랜시간이 지나서 다시보니 공포영화인 척하는 슬픈 감성영화 ㅠㅠ ost도 짱
10,마지막에 임수정이 뒤를 돌아보는 장면에서 나오는 ost제목이 돌이킬 수 없는 걸음.... 소름이 돋았다.
9,어느 가족의 슬픈 잔혹사
10,너무 가엾은 공포영화
10,슬프고 애처러운 핏빛이야기.
9,스토리에 놀라고 브금으로 쐐기포
10,굉장한 영화. 개인적으론 김지운 감독 영화인생중 가장 잘 만든 영화같다...  너무나도 아름답고 슬픈 영화. 강가에 앉은 수연와 수미의 모습은 잊을 수 가 없다
10,솔직히 막 귀신만 튀어나오고 그런 영화보단 이렇게 스토리가 있어야 영화지 그리고 지금에서야 이런 스토리가 흔해져서 진부하다고 느껴질수 있지만 2003년 당시엔 진짜 컬쳐쇼크급이었던 반전임
10,한국 역대 공포영화 흥행 1위에 우리나라에서 이정도 공포영화가 10년이 지난 지금도 나오지 않았음. 앞으로도 나오기 힘들듯. 김갑수 문근영 염정아 임수정 김지운 5명이 해냈다
10,영상미도 배우도 연출도 스토리도 완벽한 한국공포영화 최고의 명작
10,이 정도는 돼야 공포 영화다.
10,최근 십수년의 한국영화중에서  이보다 잘 만든 공포영화는 없다
10,최고의 한국 공포영화
10,10년이 지나도 가장 기억에 남는 공포영화
10,한국은 제대로된공포영화가거의없는데 이건 그중에서 보관해야할 명작
10,개봉한지11년이지났어도 전혀촌스럽거나 어색한것없는영화.대한민국 공포영화의 가능성을볼수있음. 생각없이보면 생각없이끝나니 두세번은보셔야해요
10,중학생때 이 영화를 영화관에서 봤고 생애처음 영화관에서 공포영화를 본거였는데.진짜 훌륭한 선택이였다는.다시 보고싶은데.ㅜㅜㅜ겁이 많아서 못봄.ㅜㅜㅜ진심..싱크대부분 ㅜㅜ무서움.
10,공포 스릴러라고 하기엔 너무 슬프다.. 염정아의 빛나는 연기와 외모. 임수정한테는 다시 반한다
9,그야말로 아름다운 영화. '돌이킬 수 없는 걸음'은 한국영화 사상 가장 처절하고 아름다운 영화음악이었다.
9,난 아빠역활을 한 남자가 젤 쑤랙이네... 저남자땜에 여자4명이 다망해버렸어 ㅋㅋㅋ
9,“너 진짜 무서운게 뭔지 알아? 뭔가 잊고싶은게 있는데 깨끗하게 지워버리고 싶은게 있는데 도저히 잊지도 못하고 지워지지도 않는거 있지. 근데 그게 평생 붙어다녀. 유령처럼.” 대사에서 전해지는 진짜 공포.
10,2003년은 모든 영화보는사람들이 돌아가고싶은 해가 아닐까라고 생각된다...
10,하나부터 열까지 다 완벽한 영화.. 이렇게 슬픈 공포영화는 처음인거 같다. 자기 부인이랑 막내딸이 죽은 곳인데 다시 돌아오다니.. 역겹다 아부지란 존재.
10,마지막 엔딩올라갈때 수미가 호숫가에 혼자 앉아있는장면은 언제봐도 너무나 슬프다.
10,이전에도 없었고 앞으로도 없을 영화.
10,스토리와 사연이 있기에 더 무서움.. 슬픈데 그래서 더 무서워.
9,너 지금 이 순간을 후회하게 될지도 몰라 명심해..모든 의문이 이 한마디로 인해 아귀가 맞아지고 한 없이 슬퍼지고 이해가 되는 영화
10,''너 지금 이순간 후회하게 될지도 몰라. 명심해' 라는 염정아의 말 뒤에 임수정이 문근영이 죽어가는 것을 알아채지 못하고 그냥 나가버리자 '돌이킬 수 없는 걸음' 이 나오는데 단...
10,불협화음으로 이루어진 아름다운 변주곡
10,말이 필요 없다 이 영화는
10,지금 염정아를 있게한 영화임
8,돌이킬 수 없는 걸음... ost 한번 정말 잘 골랐다. 이때의 염정아는 디 아더스의 니콜 키드먼을 연상케 한다
8,꽤 집중도가 높은 영화다. 상당히 괴기하면서도 나까지 정신이 나간게 아닐까라고 착각할 정도로 혼란스러웠던 영화
10,장화홍련은 너무 시대를 앞서간 작품인것같다딱 20년만 늦게 개봉했으면 우리나라를 대표할만한 공포영화가 될 명작이 됐을텐데...
10,뭔가 귀신보다 염정아가 더 무서워서 기억에 남았던 영화
9,이영화보고 부랄이 쪼그라듬. 공포영화 혼자 보는거 좋아하는데 이거는 진짜 혼자 도저히 못보겠어서 방문열고 봄
10,잼있네.. 염정아 연기 진짜 잘하넹
10,짱재미있구임수정완전이쁘게나옴..
10,평점 너무낮음 명작인데
10,공포 영화보고 임수정에게 반했던 영화. 후반 수연이 죽었다고 했을땐 머리털까지 섰던 기억이.. 정말 잘만든 영화인듯.
10,이렇게 여운남게하는.. 무서우면서 슬픈 억지스럽게 감정을 이끌지않고 자연스럽게 공포와 슬픔이 드러나는 공포영화가 또 나올 수 있을까
10,장화홍련은 전설이다.. 가슴이 웅장해진다..
10,"한국에서,그것도 17년전 작품이라고는 믿기지 않을정도로 심지어 흥행하기 쉽지 않은 공포영화라는 장르인데도 반전스릴공포와 깊은 여운을 같이 남기는 한국영화에 몇없는 명작"
10,마지막  장면은  정말 최고.... '돌이킬 수 없는 걸음' 이 흘러나오면서 진짜 마음이 아릿해짐
10,정말....우아한 공포물이라는 평이 딱 맞는 것 같다
10,강용석의 고소한 19에서 였나요? 장화홍련의 임수정씨는 영화를 찍을때 실제 귀신을 많이 봤다고하네요 그래서 찍을때 제사차렸고요
10,"2020년에 별 누르러 왔어요.. 공포영화를 너무 좋아하는 사람으로써 장화,홍련같은 영화의 연출과 영상미를 볼수 있는 날이 올까요? 존재만으로도 감사한 영화"
7,공포보단 슬픔이 어울리는
10,마지막 갈대밭에서 그녀가 한번만 뒤돌아 봤다면
9,한국영화의 르네상스기를 장식한 수작
10,한국에서 다시는 나올 수 없는 웰메이드 공포영화... 마지막에 임수정이 갈대밭을 걸어가는 그 장면은 잊을 수 없음.... 여기서 나온 배경음악은 아직도 듣고있음
10,이게 8점대라고 ㅋㅋㅋ미친 내생각엔 한국모든영화중 탑10은 당연히 들어가고 탑5도 노려볼만한 작품이다 2003년엔 도대체뭔일이 있었는지 미친작품만 나오던해였다
10,당시 실시간으로 보고 지금 음악을 들어도 여운이 남네요
8,공포보다도... 슬프고 아련하다. 그리고 돌이킬 수 없음 OST는 너무나도 적절해서 또 슬퍼진다.
10,이 영화의 공포는 시각이나 청각같은 감각에 있지 않다. 진실을 마주하였을 때 수미와 우리는 얼마나 충격받았나. 너무 잊어버리고 싶은데 평생을 따라다니는 기억은 유령보다 무섭고. 누구보다 자신을 미워하고 단죄할 수밖에...
10,어렸을때는 귀신이 무서웠지만 10년이 지난 뒤에 보니 사람이 무서운 영화
10,시나리오도 연출도 연기도 미술도 음악도 모두 다 완벽했던 영화. 무려 16년전 영화임에도 전혀 촌스럽지 않고 볼 때마다 빠져보게 되는 영화.
10,평점 9점도 안되는게 말이되냐 이 명작을
10,진짜 우아한 공포영화 연기도 너무 잘하고 스토리도 너무 좋다
10,공포물이 이렇게 아름다울 수가 있군요... 무서운 장면들이 아름다움과 대비되서 더 극적으로 보이는 것 같아요.. 그리고 BGM의 제목이 왜 돌이킬 수 없는 걸음인지... 이제 알았네요
10,요즘 나오는 꾸며진 억지공포가 아닌 클래식한 공포 다시 한번 개봉해서 영화관에서 봤으면 좋겠다 이렇게 깔끔하고 소름돋는 공포영화라니!!!! 최고야
10,식스센스급 반전12년전에 나온 영화라곤 믿기지 않을 정도
10,"한동안 씽크대 밑, 가구천장사이를 쳐다 보지 못했다. 모든컷이 의미있는 수작."
6,문희영  무서워하는모습이  난  더  전나  더  무섭다ㄷㄷ
10,이 이상의 공포영화가 있을까?
10,임수정 문근영 이쁘고 연기잘함ㅠㅠㅠ
8,떡밥회수가 잘 된 공포영화는 명작이 된다.
10,먹먹함 고독함 아픔 쓰라림 등등 모든 단어로도 형상화 할 수 없는 감정...
10,진짜 잘 만든 국내 아니 전세계에서도 손 꼽힐만한 명작
10,조던 필 감독의 추천으로 보게 되었다. 너무 무서워서 그동안 못보고 있었는데 낮에 보길 추천한다. 보고난 후 해석을 보면 더 이해가 잘 간다.
10,왜 평점이 8점대인건지 이해할 수 없는데요..
10,스포 없이 맞닥드린 반전은 정말 엄청난 충격이다...근데 앵무새 키우는 사람으로서 진짜 죽인것 같은데 불쌍...
10,관객수가 25명 실화냐... 다시 재개봉해서 천만찍었으면 좋겠네요
10,공포영화이기도 하지만 내가 아는 가장 슬픈 영화
10,마지막 연출이.. 환상적이네요
10,"내가 공포영화의 리뷰를 쓰게 될줄도 몰랐고,공포영화를 보고 감탄했던 적도 처음이다.이건 가히 작품이라 할 만큼 예술적이다.이런 작품을 아직까지 안보고 있다면 바로 이 영화를 사서 보아라공포라는 장르가  이 작품을 못..."
10,"어릴때는 그냥 무섭다, 반전 대박!! 이러고 끝이었는데, 나이 먹고 다시 보니 마지막에 눈물 뚝뚝 ㅠㅠㅠ"
10,"특유의 압도되는 분위기 하며, 마지막 장면에 깔리는 음악은 찬란하고 비참하게 영화의 시작을 알린다."
10,슬픔과 후회의 정서를 너무 아름답게 표현한 공포영화
10,"OST부터 연기와 공포, 스토리까지 무결점"
10,OST만큼 슬픈 자매이야기.
10,2003년은 진짜 한국영화 최고의 리즈시절
10,"죽기 직전 마지막으로 딱 하나의 영화를 볼 수 있다면 주저하지 않고 이 영화를 고를 거예요. 내 인생 최고의 걸작인 장화, 홍련."
10,작품의 전반적인 내용도 최고지만 특히 염정아의 마지막 대사가 머릿속에 각인을 시킨다 안좋은 기억들이 평생 유령처럼 떠돌아다닐 수 있다고
10,10여년이 훌쩍넘어 20주년을 향해가네..시간이 너무 무섭다. 지금봐도 너무나 세련되고 아름다운 한국 최고의 공포영화.
10,스토리가 탄탄했을 뿐더러 귀신이 나올 때의 소리와 방법 모두 개봉한 지 10년이 넘은 영화임에도 불구하고 신선하다. 최근 봤던 공포영화 중에 단연 최고인 것 같다. 앞으로도 이런 영화가 나왔으면 좋겠다. 글고 문근영...
10,"ㄹㅇ인생공포영화..오래된 영화라는게 믿기지않을 정도로 요즘 나오는 영화보다 무서움 또 후에 반전도 좋았고.,굿!"
8,완소 임수정... 조금 어렵다..
10,공포영화를 봤지만 아름다운 수필을 읽은 느낌이다...이만한 공포영화는 다신 없을 것이다..아름답다
10,네이버 vod 서비스 해주시면 안될까요??
10,귀신 나온 단 한장면만 아니었으면 무한 반복할텐데 한국영화 최고의 역작
10,나에겐 너무 슬픈....
10,GV도 좋았구요 자막으로 영어로해석된것도 좋았어요
10,한국 공포 영화중 가장 슬프면서 애처로운 영화였다.
9,진짜 무섭고 배경음악도 좋은 (슬프기두 한) 영화... 유명배우들 연기에 진짜 소름...ㅜㅜ 진짜진짜 강추인 영화♡
10,예술이다..이렇게 완성도 높은 영화를 이해하지 못함은 자신의 지적수준과 이해력을 탓해야지..
10,진짜 희대의 명작.단순한 공포물이 아님
9,인생 최고의 슬픈 공포영화
10,11년후 다시봐도 정말 좋은영화
10,돌이킬 수 없는 걸음...
10,단순 공포물이 아닌 하나의 아름다운 비극적인 예술을 접한 느낌연출과 스토리 ost 배경 다 훌륭하다아련함이 묻아나는 연출이 너무 좋아저 때의 임수정 너무 아름답다저 때의 카메라 앵글도 좋고
10,모두 최고다 진심
10,우리나라 최고영화입니다. 처음으로 검색하고 또 검색했던 나의 띵작... 아직도 생각나네요.
9,보고난후 여러 장면장면을 곱씹어봐야 할정도로 수작이다
10,인생영화 중 하나에요문득문득 미쟝센 스쳐가고 돌이킬수없는걸음 이따금씩 들리지 않아도 들려와요
10,희대의 띵작....연기 연출 스토리 그리고 대망의 ost까지... 모든것이 완벽 그 자체
10,죄의식에서 비롯되는 사람의 감정들이 무섭게 닿았네요
10,"미치도륵 슬픈, 그래서 무서운 영화"
10,결말을 알고 나면 무서웠던 귀신도 전혀 무서워지지 않는 것 같다 비참하고 공허한 영화
10,"한 가장의 나약함이 잔인함으로 변모하고 그것은 바이러스 처럼 퍼져 아내와 자매들에게 전이 된다. 여기서 잘못한 사람은 아무도 없다. 바람이 불면 낙엽이 떨어지고 낙엽이 떨어지면 빗자루가 쓸어가기 마련, 바람은 계속 ..."
10,이걸 이길수 있는 공포영화가 또 나올까?...
10,와..이 영화는 미쳤습니다.
10,괜히 명작 소리 듣는게 아님....
10,음산하고 기괴하고 무서우면서 슬프다. 배경음악의 이름을 알고 수미가 집을 빠져나오는 장면을 보면 더 소름이 돋는다. 그렇게 아끼던 동생을 끝내 지키지 못한 수미의 죄의식과 자책감이 가득한 집 안은 후회와 슬픔만이 남...
10,"아직도 나는 장화홍련을 넘는 인생영화를 찾지 못했다. 영상미부터 배우들의 연기, 스토리, OST까지 아쉬운게 한가지도 없는 완벽한 영화"
10,초딩3학년때 볼때는 마냥 무서웠는데...26살인 지금은 너무 새로운 영화 같이 다르다
10,공포영회인줄 알고봤다가눈물이났다.
10,공포영화지만 너무 슬픈 영화다
10,한국 공포영화중에 최고!!!!
10,볼 땐 정말 무서운데 가 보고 나면 너무 슬픈 영화..
10,오랜만에 다시 봤는데 복선부터 반전까지 정말 소름돋음ㅠㅠ 내 인생영화ㅠㅠㅠ
10,이 영화를 학생때 영화관에서 본 것에 감사한다.
10,영상미가 너무 좋았다. 전개도 좋았고 결말은 완벽했다.
10,그냥 입닫고 보셈 재밌음.
10,"벌써15년이라니,, 최고 공포 영화 ㅠ 영화관에서 미관 찌프리고 나왔죠 ㅎ 아직도 공포영화는무섭네요!!"
10,진정한 '마지막 장면을 위한 영화'.
10,브금은 가히 최고 여운..ㅠㅠ
10,중학교 때 보고 충격먹은 영화..한국 공포영화에 이런 명작이 다시 나올까 싶다
10,"2003년 작품.. 벌써, 20년이 다 되어가는 영화라는게 놀라울 따름.. 시대를 너무 앞선 작품이랄까? ㅜㅜ 음악과 영상미가 압권이었던.. 그리고, 지나고서야 알았다.. 배우 염정아의 놀라운 연기력.. 이작품을 통..."
10,여전히 나에겐 최고의 한국 영화.
10,
10,10점 만점 깨뜨린사람 누구야
10,"어렸을 적엔 정말 이거만큼 무서운 한국영화가 없었다. 우연한 계기로 최근에 다시 보게 되었는데, 공포보다는 씁쓸함과 슬픔이 입가에 맴돌았다. 배우들의 연기력도 훌륭하고 ost는 더할 나위없이 아름다웠다고 생각한다."
10,마스터피스.배우들의 연기와 음악이 너무 훌륭하다.
10,공포를 뛰어 넘은 애절한 스토리와 아름다운 미장센과 여운이 감도는 OST.
10,그냥 .. 완벽한 영화임
10,돌이킬 수 없는 걸음...
10,17년째 봐도 또 보고싶은 영화
10,"식스센스, 디 아더스 이 영화들 이전에 나왔다면 세계적인 명작 반열에 오를 작품"
10,제가 이거 볼라고 지금까지 살아왔나봅니다....
10,간만에 생각나서옴 이렇게 가끔씩 다시 생각나는 영화들이 정말 잘만든 영화
10,2020년 다시봐도 명작.장재형의 OST 도 꼭 찾아서 들어보길 권장한다.
9,너 점점 엄마 닮아 간다.
10,와 평점10점의 명작은 첨본다...
10,아직까지도 손에꼽는 명작노래들으면 아직도 슬픔
10,감상포인트 다 누른 영화는 처음
10,
10,걍 ost도 최고다 평점높은이유가 괜히있는것이 아님
10,내생에 최고의 공포영화
10,처음 이영화가 나왔을때 극장가서 보구 집에 무서워서 못들어갔던 기억이나네요ㅋㅋ 무섭기도하지만 연출이나 음악 연기 모든면에서 잘만든 영화입니다
10,"알포인트, 여고괴담1과 더불어 한국 공포영화의 명작 중 하나!!!"
10,한국 공포영화 중 마스터피스
10,한국형 공포영화의 완성작..
10,너무... 너무 명작입니다. 정말 좋아하는 영화
10,그냥 슬프고 또 슬프고 또또또 슬프고 여운이 남는다
10,최고다 다시 봐도...
9,스토리도 괜찮고 공포부분도 좋았습니다. 엄청 무섭다 그런건 아니지만 시각으로만 즐기기보단 생각도 해야해서 더 괜찮았던 영화였습니다.
10,명작을 보면 짖는 개가 짖습니다
10,곽미향 비긴즈 “수미야 너 지금 이 순간 후회하게 될지도 몰라..명심해” 후회하지 않을 자신있냐고 물었습니다. 어머닌 혜나의 죽음과 무관하십니까?
10,반전도 분위기도 나를 압도시켰다 ..
10,"공포, 슬픔, 아름다움의 감정을 동의어로 만들어버린 김지운의 인생작품. 다시 나오기 힘든 한국영화의 명작"
10,연기 진짜 잘하고 무서운데 슬퍼요
10,내가 이영화때문에 싱크대 공포증 생겼자너
10,15년만에 다시 보았다. 그때보다 훨씬 더 몰입되었고 먹먹함이 밀려들면서 여운이 짙게 남았다. 공포영화를 보며 아름답고 슬프다를 말할수 있다니.. 헐리웃에서 리메이크 실패할만하다. 도저히 이런 감성은 못만들듯
9,"음악마저 아름다운, 한국 최고의 공포 영화"
10,"처음에 이 영화 스포 다 당하고 봐서 '아나,,,무슨 공포와 소름이 있겠어' 하고 봤는데 내가 본 스포 다 씹어먹을 정도의 소름돋는 이야기였다 와"
10,명작.다른말 필요없음
10,이영화는 솔직히 감독출연칸에 음악감독도 써야된다 진심으로
10,내가 뽑는 최고의 한국공포영화..
10,이 영화는 마지막 장면에서 휘몰아친다
10,김지운 감독표 웰메이드 공포영화!!!
10,13년된 영화지만 음악도 영상미도 국내영화 중에선 최고라고 생각함. 몇번봐도 안 질리는 매력이 있음. 오늘 오랜만에 다시 봤는데 울컥 눈물나서 검색해봄.. 특히 ost 진짜 신의 한수!!
10,아직도 기억에 많이 남네요
10,아름다운 공포 영화..돌이킬수없는걸음이 주는 여운은 엄청나다 영화 끝나고 눈물이 흘렀다
10,생각보다 기묘한 이야기네요
10,눈물나는 공포영화다.
10,내 인생영화. 공포영화지만 아름답고 슬펐던 영화.
8,외면하고자 했던 진실을 마주했을 때의 서늘한 참극. 마지막 갈대밭에서 이병우의 돌이킬 수 없는 걸음은 영화의 전체적 메시지를 대변한다.
10,10년이나 지난 영화인데도 불구하고 전혀 뒤쳐지지않고 오래 기억남는영화 공포영화는 보고 나면 찝찝하거나 기분나쁜영화들이 대부분인데 이 영화는 신비로운 분위기에 갑툭튀도 없어서 되게 재밌게본영화
9,"채널CGV에서 이 영화 다시보기를 해주는데 봐야될지 모르겠다. 안 보기에는 너무 아쉽고, 그렇다고 보기에는 무섭고."
9,나는 김지운이 남성적인 감성을 가진 영화만 만드는 사람인줄 알았는데 의외로 이런 섬세하고 여성적인 감성의 영화도 잘 만드는 감독이라는걸 이제서야 알게 되었다. 아름답게 섬짓하고 우아하게 처연한 영화. 김지운 필모에서...
9,반전 2003년도당시 한국공포영화중에는 충격이였다.그때당시에는 몇번씩봐도 이해못하는사람도 있었지..ㅋㅋ\어쩃든 분명한건 장화홍련은 기리기리남을 수작이다..
10,최고.. 몇번을봐도 여운이남는 몇안돼는 수작
10,분위기가 참 멋있고 무서워요. 마지막에 대반전에소름이끼쳤습니다 영화만들어주신분께 감사드려요
10,한국 공포영화 중 수작..
10,머리가 크고나서 보니까 여러모로 괜찮은 영화
10,어릴때는 무슨뜻인지도 모르고 봤는데 지금와서 보니 소름돋네요 정말 최고의 영화중 하나!
10,무섭고 슬프고 아름다운 영화
10,"귀신이 갑자기 튀어나오는 그런 공포물이 아닌 분위기와 노래, 배경등 공포적인 분위기를 연출을 참 잘했다고 생각이 드는 공포영화"
10,평생 기억에 남을 명작!
10,"음악부터 연출,스토리 ,연기 뭐 하나 빠지지않는 영화였다! 아직도 여름이 되면 꼭 챙겨보는 영화."
10,길이길이 남을 최고의 명작 ㅠㅠ
10,우리나라 공포영화 중 탑임
8,역시 김지운은 달랐다!
10,진짜이영화이기는국내공포영화는없다무엇보다 ost가최고다 왜돌이킬수없는걸음인지 영화가끝난뒤 아 하고깨달음. 여운도길고최고였다근데귀신은존나무섭다
10,10점 안줄시 문재인 대깨문
9,"수미의 아버지를 제외한 인물들이 모두 수미 자신이 투영되어 있는 허구의 인물들이었다는 걸 알았을 때, 그리고 영화 말미에 모든 진실이 드러났을 때, 모든 조각들이 맞춰지며 전율이 오르는 동시에 수미라는 사람이 가진 ..."
10,공포 영화 좋아하는데 외국 한국 할 거 없이 공포영화 중에 최고인듯. 연기력 스토리도 좋고 특히 ost가 대박임ㅜ 몇 번을 봐도 안 질려
10,내가 본 한국영화중 가장 충격이 컸던 작품이었다.
9,마냥 공포영화인줄 알고 봤는데 슬퍼서 울었다. 여운도 길고 작품성이 있는 영화
10,볼수록 드러나는 슬픔. 갈대밭으로 걸어가는 수미의 쓸쓸한 모습은 가슴에 아로새겨져 수년이 지나도 먹먹함이 느껴짐. 염정아의 연기도 압권. 아프고 슬프고 예쁜 내인생 최고의 공포영화. 수작이란 표현은 이 작품에 써야함...
10,말이필요없는 영화. 귀차니즘이 몸에벤 내가 유일하게 네이버 영화에 평점을 준 영화
10,아름답고 슬픈 한국 공포영화의 수작
10,와..진짜 2003년 충무로에 무슨일이 있었던거냐..
10,염정아 연기 진짜 .. 대단
10,두번째 볼때 더 소름돋았던 영화
8,"장소 세팅을 연극처럼 해놓고 철저히 극적이고 비현실적인 이야기를 펼치는 점이, 공포 장르 특성과 잘 맞다. 현실성을 고려하는 대신 그 자리를 채운 미쟝센과 음악, 캐스팅과 연출이 좋다. 좋은 선택과 좋은 결과물"
9,돌이킬 수 없는 걸음 영화를 관통한다
10,한국공포영화중에 탑쓰리!
10,염정아의 재발견...
10,돌이킬 수 없는 수미의 발걸음과 닿지 않을 곳에 멈춰버린 수연이의 시간.
10,지루하긴 뭐가 지루해ㅡㅡ 몰입도가 장난 아니구만..
9,무섭도록 아름답고 슬펐던 영화. 마지막 장면이 끝나고 꽤 오랜 시간 일어나지 못했던 기억이...
10,15년만에 다시 봤는데 역시 명작. 김지운 감독님 이런 공포물 다시 만들어주세요~
10,한국의 '식스센스'라고 평가하고 싶다. 반전도 반전이지만 무엇보다도 미장센이 끝장난다. 14년이나 지난 지금은 2017년 이지만 요즘 한국영화들을 보면 2003년도에 나온 이 영화에 반의 반의 반도 못...
10,공포영화가 평점이 8점대면 거의일반 9점대영화인건 다들알거라고봄.. 10년더된영화라고봐서도 또 그냐우영화자체만 보더라도 연출 등 모두 훌륭하고 특히 공포영화의 부족한 요소가될수있는 스토리도 훌륭..
10,영화가 영상미도있고 너무예쁘네요...
10,이제 오래된 영화지만 세번째 다시 봐도 식상하지 않다. 영화 구석 구석 치밀한 반전 설치와 영상미와 ost 명작이다 문근영과 임수정의 한창 이쁠 때랑 염정아까지 배우들의 연기도 일품이다
10,공포보다 더 큰 슬픔과아픔
10,"개봉당시에 평가 낮고 주위반응도 별로여서 왜 이 무섭고 재밌는 영화를?! 했던게 아직도 기억에 남는데, 물타기였었나보다. 공포영화를 좋아해서 항상 찾아서 보지만, 계속 개봉하는 무섭지않은 공포영화를 보면서 생각한다...."
8,임수정과 문근영을 다시는 이시간으로 돌이킬수가 없다 !!!
10,대한민국 최고 공포영화
10,마지막여운이 오래남네요
10,처음 봤을때는 어떤것이반전인지 잘몰랐으나 몇번이나다시보니 구성이 너무 잘된거같고 ost 또한 기억에남는 한국의 몇안되는 공포영화중 베스트1이라고 생각되네요
10,"어릴 땐 그저 무서운 영화였는데 나이를 먹어가며 가끔 찾아보면서 알 수 있었다. 어마어마한 수작이라는 것을. 영화가 끝날 때 쯤 공포가 처절한 슬픔으로 바뀌는 그 순간, 관객의 감상은 끝나지 않고 다시 이어진다."
10,내가 본 영화중에 탑1이다..
10,"15년 전 본 영화인데도 불구하고,제가 손에 꼽는 영화 중에 하나예요. 공포영화인데도 무섭기만한게 아니고 슬픈 느낌도 있고 영화 배경이나 색감, 전체적인 풍경, 소품까지 세세하게 연출한게 아름다웠어요. 러시아 그룹 ..."
7,마지막 '돌이킬 수 없는 걸음'이 나올 때 휘몰아치는 여운은 정말 최고였다
10,TV 다시보기로 봤는데 스토리도 좋고 무섭기도 하고 재밌음
10,내가 초딩때 지역 회관에서 관람 했는데 거기있던 사람만 합쳐도 25명 넘었을꺼다 네이버 일해라!
10,어렸을때 tv에서 많이 틀어줘서 봤는데 지금보니까 이만한 공포영화는 없을 거임.
10,이 영화의 장르는 공포가 아니다. 공포를 가장한 예술영화이다.
10,임수정이 너무이뻐서 임수정 때문에 봤다가 이 영화로 나는 김지운의 팬이 되었다. 대부분 인생 최고의 공포영화라 하는데 나에게는 모든 장르를 통틀어 인생 최고의 영화였다.
10,깊은 해석을 모르고 봤었을 때와 그 해석을 깨닫고 보았을 때의 들여다보는 이 영화는 그 무엇보다 많은 것이 담겨져 있었다.
10,애기땐 아무것도모르고봤느데커서보니까 또 다르네
6,관객수가 25명...?
8,재개봉 해주세요 10자
10,소리만 지르는 공포영화와 다르다
9,시1팡 엄마 무서워ㅠㅜㅠㅠㅠㅠㅠㅠㅠㅠㅠㅠ
10,우리나라공포영화 좀 이작품처럼 만들어라
10,공포영화 중에서 제일 마음에 들었음. 세트장 인테리어도 예뻤고 배우들 연기도 좋았다.이게 벌써 14년 전 영화..ㄷㄷ
10,새벽에 불다끄고 이어폰 끼고 봤다가 닭될뻔ㅠㅠㅠ
10,내 인생 최고의 공포영화.요즘도 가끔 생각날 때 다시 보곤 한다.
10,완전히 이해하고 본 이 영화는  복잡한 시간 편집 속에 정말 지독하다  다양하게 해석 하도록 만들어진 이 영화는 인테리어 하나 까지 모두 감독의 계산이 얼마나 철저했는지 알수있다
10,"전설! 감히 한국 공포의 전설이라고 말하고 싶어요.... 깊은 여운, 평생 잊지 못할 거예요!"
10,언니가 기회를놓친게 너무아쉽고 답답한영화
10,제 인생 공포영화중에 최고의 영화입니다. 진짜 최고.. 모든게 만점..
10,"한국 공포물 올타임 넘버원(개인적인 차가 있을 수는 있음). 연기, 미장셴, ost, 스토리 중 어느 하나 부족한 것이 없다."
10,마지막 장면은 정말 두고두고 기억나는 몇안되는 명장면이다.
8,내가 머리가 안좋아서 그런가 재밌었는데 이해하기가 오래걸렸다.
10,
9,
10,두고두고 회자될 좋은 영화
10,무섭다기보단 너무 슬펐습니다 어렸을 때 봤는데 그때부터 공포영화 하면 제일 먼저 떠오릅니다 연출 너무 좋아요 ㅠㅠㅠㅠ
10,
10,누가 공포래요.. 너무 슬프잖아..
10,어릴땐 그냥 단순 공포영화로만 봤는데 커서 다시보니 연출 영상미 내용 모든게 완벽한
10,
10,영화 후기 처음으로 써본다. 최고다.
8,공포의 정의를 다르게 바라보는 시선
10,"스토리 정말 탄탄하고 너무 무서운데, 뭔가 예뻐요.전 2번 봤는데, 2번째 봤을땐 처음 봤을 때랑 또다른 매력이 있네요.공포영화 중에선 진짜 잘 만든 영화에요!!"
10,후하게 10점할게요. 공포영화 잘보는편으로써 무섭다기보다 슬프거나 우울했어요. 재밌습니다.
10,아직까지도 이 영화는 내가 본 공포영화중에 최고다. 숨막히는 연기 공포영화에서 보기힘든 아름다운 영상미 상상력을 자극하는 스토리 가슴이 아려오는 엔딩의 배경음악 완벽하다고 생각한다.
10,말해 무엇 명작 ㅠㅠ
6,..좋은작품입니다 연기 스토리 연출 모두 좋습니다
10,음악....대박....
10,진심으로 내 인생  최고의 영화
8,결말은 어느정도 예측했지만 이 정도면 수작이다. 브금이 사기
7,소름과 슬픔이 교차하는구나.
10,무료길래 아무 생각없이 봤는데 이런 개띵작도 없다... 존나 재밌음 스토리 탄탄 반전 공포 분위기 조성
10,열번이상 풀로 본 영화는 이게 처음이자 마지막
10,진짜 인생영화..노래도 띵곡이어서 5번 넘게봄
10,"임수정 배우님 너무 귀엽고 예쁘시고, ㅠㅠㅠㅠ 진짜 사랑입니다 ㅜㅜㅜ"
10,개봉했을때 극장에서 봤던영화. 영화정보가 잘못됐었나봐요. 당시 삼백만명 넘게 봤어요. 최고의 공포영화!
10,개인적으로 김지운감독님 작품중 이게 최고
10,말이 필요없는 최고의 명작
10,웰메이드 공포 영화. 끝나고 엔딩 OST 곡명 찾아보고 한번 더 소름..
10,이렇게 스토리 탄탄한 공포영화 일줄은...
10,이 영화를 왜 이제 봤지? 마지막 임수정의 스틸컷과 음악을 들으며 심장 멎는줄ㄷㄷㄷ
10,아마도 영원한 내 인생영화
10,재밋는데ㅔ요 ㅠㅠㅠㅠ
10,Ost 제목 알고 마지막 부분 다시봤더니 진짜 소름이다
7,한국 공포영화 중 몇 안 되는 수작. ( 장화홍련 / 기담 / 불신지옥 )
10,미친...오진다..
10,한국 공포영화 1등 스토리 연출 결말 등 다 대단
10,기존 고전소설보다 나은 수작이다.
10,영화관에서 본 처음이자 마지막(이 될 것 같은...) 공포영화....
10,"오랫만에 명작보고싶어 봤는데 볼때마다 새롭다. 한국 공포영화의 새로운길을 열어준 최고의 영화. 아름답고 슬픈 공포. 스토리 ,연출, 색감, 의상, 음향, 연기, 뭐하나 빠지는게없다."
10,2018다시봤다 절대 뒤떨어지지 않는 영화!
10,명작..왜 이제야봤지
10,재개봉 해주세요! 10자
10,이건 스토리 다알고보면 더무섭더라 영상미음악 너무나좋았다
10,이 영화는 두 번 보면 더 재밌다
10,여전히 우리나라 공포영화 워탑 미쟝센이 압도하는 영화
10,우아한 공포 잊을수없는 수작
10,절제된 공포  도저히 14년된 작품이라 느껴지지 않을정ㅇ도로 고급스러운 영화 스토리라인을 따라서 긴박하게 스토리가 흘러간다 배우들의 연기또한 수준급 꼭 볼만한 영화
10,중학생때보고 10년이 지난 지금봐도 세련되고 음산한영화 몇번을 ㅈ봐도 안질린다
10,반전때 소름 10초간 돋음
7,김지운이라는 감독의 작품을 처음 본 것이 악마를 보았다 였다.. 그 이후로 다시는 김지운 감독의 영화는 보지 않기로 했는데 워낙 유명해서 한번 봤다. 장르 내에서의 완성도에서 높게 점수를 준다. 하지만 김지운 영화는...
10,"이거 학창시절때 10번은 넘게 본 영화다!지금봐도 한국의 공포, 스릴러 명작이다."
10,너무도 슬프고도 가슴아픈 공포...
10,슬픈공포 여전히 음악도 즐겨 듣는 작품~♡
10,극강의 미쟝센. 느와르에 달콤한인생이라면 공포에는 장화홍련이다. 단순한 공포를 넘어 하나의 슬픈동화같은 영화
10,"장화,홍련을 아냐구요? 제가 아는 한국 공포영화 중에 최고였어요!"
8,예측 할 필요없이 몰입감이 아주 좋다. 미쟝센을 이용한 스토리텔링 방식이 그런 이유겠지. 결말에 대한 사전설명은 애초에 없었기에 예측 할 필요가 없겠지...
10,아름답게 무서운 영화. 공포영화지만 컷 하나하나가 다 예쁘다.
10,가장 아름다우면서도 가장 처연할 수 있다는게 무엇인지 느끼게 해준 영화
9,잔잔한 슬픔에 잠긴 공포
10,명작중에명작 무슨말이필요함
10,한국 공포 영화의 최정점
10,조조할인시절 개봉일 처음으로 줄서서 들어갔던 영화 사람이 너무 많아서  석착순으로 들어가고 영화관 바닥에 앉아서도 보고 서서도 보는 내생에 처음보는 관경을 준 영화 아름다운 공포 아직도 생생한 bgm can you ...
9,모든 방면에서 새롭게 다가간 제대로 만든 한국 공포 영화
9,한국 공포영화 중 몇 안되는 수작이라 생각함. 경쾌하면서도 슬픈 느낌을 주는 배경음악은 아직도 잊혀지지가 않음.
10,김지운 감독이라 이 정도의 공포영화가 가능한 것 같다한국영화에서 보기드문 공포영화 수작. 아직도 잊히지 않는 수미의 가슴 아픈 가정사..한동안 그 슬픈 여운이 떠나가지 않았던 기억이 남아 있다.
10,"배우들의 주옥같은 연기부터 영화의 분위기, 영상미, 음악까지 완벽 그 자체.."
10,내 인생영화.. 연기연출미술음악 모두 좋았음
10,한국 공포영화중 꼭봐야하는 영화
7,잘 짜여진 스토리지만 작은 복선들(알아 차리지 못한다면)이 루즈하게 중반까지 이끌어감으로써 몰입도가 떨어진다. 정체를 알고 본다면 더 집중하며 재밌게 볼 수 있을듯..
10,배우들의 연기와 화면연출 그리고 음악.. 영화과 끝나자마자 다시 보고싶게 만드는 소름돋는 반전니 진짜... 하..이 영화 한 다섯번은 봣는데 갑자기 또 보고싶어서 오늘 한 번 더 봤음. 다시 봐도 좋다
10,진짜12세관람가능인데도불구하고스토리도좋고b반전짱이다
10,영화를 보고나니 포스터가 상당히 의미심장하게 느껴진다
10,지금봐도 세련된 공포와 미장센
10,예전엔 다이해안가는거투성이라 노잼이엇는대 나도다컷고 내용을이해하니 너무슬프다 ㅠㅜ 배경음악이랑너무잘맞는다 연기도다너무좋앗고
8,"영상, 음악, 스토리, 미술, 연기까지...수작"
9,옛날 극장에서 봤을땐 공포영화라는데에만 너무 중점을 두고봐서 이게뭐야 시시해 했는데 시간이 지나고 나니 영화 장면장면이며 배경음악이며 잘 짜맞춘 스토리하며  잘만든 영화같단 생각이 든다.
9,나는 이거 아직도 완벽하게 이해못함 ㅠㅠ
9,한국 공포영화 중에서 최고의 명작인거같다.공포영화지만 이야기자체가 슬펐다.마지막 반전조차 슬펐고 음악도 너무 잘 맞았다.무엇보다 문근영이 진짜 귀엽게 나왔다. 왕년의 국민여동생!
10,한국영화중.. 가장   잔인하게아름다우며.. 절제된 공포와  슬픔을 지니고있는영화.   난  아직도 엔딩의  수미가 물장구 치고있는 장면이  떠올라 눈물이 날것같다...
10,내가 가장 좋아하는 영화 중 한작품. 단연컨데 한국에서 공포물을 이정도 퀄리티로 만들 수 있는 감독은 김지운감독 한사람일듯. 최고다. 그리고 매번 볼때마다 느끼는 점이지만 염정아의 몰입력 깊은 연기 또한 정말 사람 ...
10,난 개인적으로 장화홍련의 분위기를 굉장히 좋아한다. 예술적이면서도 신비스러운? 한국 공포영화는 진부한걸 떠나서도 스토리가 앞뒤가 안이어지고 억지로 짜맞춘듯 엉망인데 장화홍련은 스토리 전개가 깔끔해서 좋다. 그리고 문...
9,"배우들의연기력,작품성,브금,화면도 너무 좋았다. 하지만 최고의 반전은 ""공포영화""는 절대 아니라는거...."
9,"일단 예쁘다... 양수리에 지었다는 집도, 김지운 감독의 연출과 미장센도, 이병우의 음악도, 그리고..... 배우도 ㅋ"
10,어렸을때 봤을땐 지루했는데 지금보니까 느낌이 다르다 GOOD
8,잘 만든 공포영화. 한가지 아쉬운 점은 미술부분. 너무 신경쓴 나머지 작위적인  느낌을 줌.
8,슬픈 영화라고 생각하면 훨씬 와닿는다. 그리고 이거 알고보면 복수극이다. ㅋㅋㅋ
9,문근영 존나이쁘다 이때가 레전드엿구나
10,다시보고싶은 최고의 영화였습니다. 새엄마가 한짓이 수미였다니 좀 반전이네요
6,빛좋은 개살구
6,관객을 배려하지 않은... 배경 음악과 배우들의 연기가 영화를 살렸다
8,"결론은, 가정 불화로 인해 피해보는 것은 자식들. 자식이 무슨 죄? 참 불쌍하다 그뿐."
6,그냥 내용도 모르겠고 그런영화.
6,임수정과 문근영만 기억에 남는 영화.. 스토리가 너무 지루하고 억지스러운 복선
4,억지라해도좋다.. 난왜 '성스러운 피'가 생각났을까?화면은좋았지만줄거리는... 별루.
10,엄마가 되고 싶었던 딸아이의 슬픈 이야기..
2,조잡한 구성. 느리다. 심심하다. 따분하다. 무료하다.
9,진정 아름다운 정신분석학적 호러
2,중간쯤 보니까 엔딩이 보이더군;
2,어두운 분위기.조용함.음산한 분위기 뭐가뭐야
8,"한번쯤 볼만한 가치가 있음,"
10,모든게 완벽한 작품컨저링은 아무것도 아님
10,공포와 슬픔을 모두 잊을 수 없는 영화.. 이런 영화를 다시 만나고 싶다..
10,한국공포영화  원톱 ㅇㅈ
10,"이 영화가 딱 20년만 나중에 나왔더라면.. 기생충, 올드보이와 같이 또 다른 상들을 휩쓸지 않았을까 하는생각."
10,요즘 다운받아보시는분들 어디서 보시나요? 구글플레이나 네이버나 웨이브같은데서 정식으로 다운받고싶은데 ㅜ..
10,명작입니다 지금봐도 뛰어난 영화
10,마지막 장면을 보고 난 후 OST 제목이 돌이킬 수 없는 걸음이라는 것을 알았을 때의 충격.
10,돌이킬수없는 걸음..
10,"한국공포영화 중 최고! 스토리,영상미,연기,연출,미술 뭐 하나 빠지는게 없다!"
10,스토리도 좋은 명작공포영화
10,"한국의 공포영화적인 시나리오와  연출,편집,음향까지 극대화로 시킨 영화이니까요 , 추천할만한 공포영화입니다"
10,줄거리 연기 ost 다 좋다.. 마지막 노래 나올때는 소름..
10,희대의 명작 돌이킬 수 없는 걸음은 잊을 수가 없음
10,내용도 내용이지만  이런 캐스팅이 또 나올 수가 있을까; 문근영 임수정 염정아 한창 물 올랐던 시절...
9,공포는 거들뿐. 아직까지도 여운이 가시질 않는다
10,"10점이다,...."
10,상상할 수 있는 가장 큰 슬픔. 눈물조차 나오지 않을 정도로 슬픈.
10,가히 염정아의 연기는 급을 매기기가 어렵다..
10,한국영화 최고..숨겨진 의미 알고봐야 재미있다.
8,수작 무슨 말이 더 필요할까?
10,내가 어려서 무서웠던게 아니라 그냥 명작
10,"무서운것보다 슬픈영화. 이런 명작안나옴... 이런여운을 이끌어낼 수있는 공포영화가 또 나올 수있을까? Ost, 영상미 다좋음"
10,가슴이 저리도록 아픈 영화.  누구도 눈물을 강요하지않는다. 그래서인지 가슴깊은곳에서 슬픔이 밀려온다. 장르적 특성을 떠나서 잘 만든 명작영화.
10,수미가정신병을앓기전에느꼈을공포를생각해봐라 사랑하는여동생이죽어가는동안자기는엄마노릇하는여자에대한증오만을느끼면서 집에서부터멀리떠났다 얼마나공포스러웠을까사랑하는여동생의괴로움은알지못하고구해내지도못했다는게 죄책감이라던지모든감정...
10,"렛미인의 원작자인 작가가 가장 좋아하는 영화가 한국영화인 이 영화라고 했을땐 이걸 보기 전이라 의아했지만, 왜 그 작가의 1호영화가 장화홍련인지 깨달았다. 이런게 한국에서도 가능하구나"
10,대단한 작품이다김지운감독의 대표작으로뽑고 싶다
10,영상 음악 스토리 배우 완벽했다
9,"슬퍼서 더 무섭고 여운이 길었다. 다시 생각하면 할수록 더 진해지는 여운. 혐오감없이 심리적으로만 공포를 극대화해서 좋았고, 영상이 아름다워서 좋았다."
8,"아름다운 두 자매, 평온하고 예스런 집, 언뜻 상냥한 어머니와 온화한 아버지. 한 꺼풀씩 벗겨낼 때마다 드러나는 비극적이고 잔인한 사실들... 정말 치밀하게 짜인 잔혹동화를 보는 것 같았습니다."
10,'공포'로 포장된 후회와상처 그래서 더 슬프고 처절한 '애상곡'
10,보면 볼수록 참 잘만들었다
10,내가 생각하는 최고의 한국 공포영화.슬프고 아름다운 명작.
10,"영화중반까지는 지루했지만, 마지막 장면을 본  후론 마음에 너무나 오래동안 남았다. '돌이킬 수 없는 걸음' 이라는 ost의 타이틀이 엔딩씬과 얼마나 잔인하게 어울리는가.."
10,진짜 이거 잘만든것 같아 시간이 지나도
10,마지막에 전율이란 정말 명작
10,한국 공포영화중 가장 잘만드 작품
10,결국 모든게 불륜이 문제. 아빠가 제일 쓰레기.. ㅠ 진짜 명작.. 무섭긴 하지만 다 보고나면 장르가 새드로 바뀌는 영화
10,"장인의 손길이 느껴지는 미장셴, 명불허전 ost, 순백색 같은 임수정과 문근영. 지금껏 본 공포영화 중 가장 아름다웠다."
10,처음 남겨보는평점.. 그정도로 너무 좋았던영화. 이걸왜 이제야봤을까
9,너무 슬픈 영화다 눈물이 날 정도로
10,"작품성 있는 한국 공포 영화로는 단연 톱. 아직까지도 장화, 홍련을 뛰어넘는 작품은 나오지 않고 있다는 게 공포 영화 매니아로서 슬프다. 2000년대 중반까지는 좋은 작품들이 많았었는데 완전한 상업적 영화로 점철된 ..."
10,월메이드 공포란 이런 것이구나!
10,근데 영화정보에 관객수가 왜 25명 이예요?
10,역시 존재하는것중 가장 무서운 것은 <돌이킬 수 없다>는 것이다마지막 임수정이 자신집 문을 박차고 나올때 나오는  메인테마곡 <돌이킬 수 없는 걸음>- 온 몸에 소름이 쫙- 진심 혹한의 추위처럼...
8,관객수 25명은 뭐냐??ㅡㅡ극장에서 볼때만해도 25명은 넘었는디 네이버는 역시 개구나
1,장롱무게 최소 1톤ㅋㅋ
10,
10,공포영화를 가장한 예술영화 느낌
10,예술성 스토리도 압권이지만 무서운 걸로 따져도.. 지금까지도 장화홍련보다 무서운 영화는 내게 없다 ㅋㅋㅋ
9,
10,"마지막 롱테이크씬은 2004년 최고의 롱테이크씬으로 뽑힌다.나머지 둘은 살인의 추억, 올드보이"
10,"연기력, 연출, 각본 모든 것이 완벽합니다."
10,이 영화가 나온지는 OOO이 지났지만 아직도 많은 사람들이 이 영화를 꼽는 이유가 있다 특유의 공포스러운 느낌은 가히 독보적이다 다시 봐도 명작
8,무섭지 않은 것같으면서도 무서운.
10,이시대 이정도면 떡상이지
10,이 영화는 반전이 두 개다. 근데 그 반전에만 의지하는 영화가 아니라는 것이다. 게다가 정말 무서운건 귀신 이런 것 따위가 아니라는 차원 높은 근원적인 공포에 대한 메세지도 있다. 진짜 생각할 수록 명작
9,해석을 봐야 이해를 할 수 있었지만 그래도 몰입감은 대박이었습니다.
10,무서운 영화 잘 못봐서 못보다가 OOO 지난 지금 30대 후반이 되어서야 봤네요.이런내용인줄 모르고 여고괴담 같은건줄 알았어요.식스센스를 능가하는 영화네요. 지금 나왔으면 오스카 ㄱㄱ 염정아님 연기 정말 쩔어요!!아...
10,별점만주고싶은데 왜자꾸 글을 적으라고 그래!!
10,영화지금합니다임수정누나누나좋아합니다
8,다소 억지스런 부분과 공포스런 장면이 조금 더 있었으면.. 하는 아쉬움은 있지만 배우들의 명연기와 긴장감은 눈을 못 떼게 한다..
10,개인적으로 공포 영화중 단연 최고 ㅜㅜㅜ
10,한국공포 영화 중 세손가락안에는 들어갈만한 영화.임수정이 연기파 배우였구나 싶은걸 20년전 영화를 보고 알았네.
10,
10,공포영호인 것보다도 넘 슬프고 비극적 ㅠㅠ 돌이킬 수 없는 걸음 미쳤다..ㅠ
10,유쥬얼서스펙트의 반전은 오히려 일상적인
10,
10,
10,
10,최고!! 음악 미술 연기 스토리 모두 완벽
10,
10,
10,
10,우리나라도 이런 영화가 있었구나...  좋은 영화! 완벽!
10,그냥 내 생애 최고 공포영화.다시 봐도 재미있다.1년에 한두번씩은 꼭 다시 보게 되는 영화.
10,아안알앟와
10,
10,
10,
10,
10,수미의 돌이킬 수 없는 발걸음
10,어렸을 때는 그저 무서운 영화인 줄 알았던
10,돌이킬 수 없는 걸음이 엔딩곡이 계속 기억에 남는 영화
10,평점 10점의 영화 한국 공포 영화 중 최고
9,다 하나 빠질것없이 재밋던영화..
10,
10,너 지금 이 순간을 후회하게 될 지도 몰라. 명심해
10,
10,다시봐도 너무 재밌었어요김갑수님 염정아님 문근영님 연기는 정말 예술이었어요음악도 너무 좋고...슬프면서 아름다운영화
10,너무무서웠어요 ....잠을못자겠어요
10,"어릴 때  개봉했던 영화라 OCN에서 처음 봤는데..배우들 연기 완전 잘하고, 몰입도 최강~!!  임수정 완전 이쁘다!!"
10,
10,
10,소름이 싹돋노..
10,
10,
10,"말이 필요 없다. 장화,홍련"
10,이거 너무 무서우뮤ㅠㅠ 근데 뭔가 잼이땅
10,
10,
10,
10,
10,찬란하고 비극적인 영화
9,아직도 침대 아래를 잘 못쳐다본다. 다시 보고 싶다는 생각이 안드는 무서운 영화.
8,
10,나는 이영화가 제일 좋아 사랑해
10,
10,나 난치성 딸꾹질있는데 보통 한번하면 2.3일감근데 당일날 영화 초반부에 바로 멈췄음..그만큼 무서운영화 효능최고임
10,
8,2003년작인데도 임수정때문인지 역시 명작이다. 너무 예쁘다.
10,그냥 공포영환줄 알고 이해도 못한거였음. 띵작이다.
10,
10,
10,
10,ㅁㅊ 평점 10점 처음 본다.
10,공포영화 뿐만 아니라 전 장르 최고의 영화!
10,최고의 ost... 슬프다.
10,볼 때마다 새롭게 무섭다
10,"연출, 연기, OST 모두 최고의 앙상블을 이루어 낸 한국 공포영화의 수작."
10,지금봐도 고궐리티 영화...임수정 연기에 또 반하고 명배우 집합 공포영화
10,꼭보세요꼭꼭!!!!
10,으  무서워 다운받아 봤어요
10,공포도 공포지만 결론은 심리극
10,내가 이걸 친구들이랑 중학교때 직접 돈 주고 본 처음이자 마지막 공포영화였는데 무섭지만 여운이 남는 영화였음...노래가 아직도 기억나네요
10,되게 기분 나쁘고 잘 만들어서 되게 기분 좋은 전율
10,학생때 극장에서 봤다가 똥지릴뻔한 영화
10,14년 정도가 지났지만 꿀잼임
10,2003년 15살때 개봉 하자말자옆반 짝사랑 했던 여자애랑 보러 갔었던..^^아름다운 영상미..무섭지만 슬펐던..그리고 마지막에 수미가 집에서 나올때 음악..모든것이 완벽했었던 영화.10점 만점 입니다^^
10,염정아와 감독의 슈퍼플렉스
10,ost부터 영상미 그 모든 것이 생생하게 기억나서 최근도 가끔씩 찾아본다. 이거 처음 본 게 완전 땅꼬마 시절인데 그럼에도 영화 내용의 반전이 잊혀지지 않아서 어른되서도 찾게 되더라. 벌써 10년도 더 지난 영화인데...
10,보색패턴들이 더욱 분위기를 고조시킨다. 한국 공포 영화 하면 무조건 꼽혀야 하는 영화라고 생각한다 ㅠ ㅠ
10,재밌네...음 기분이 이상하네
10,"13년도 고등학생때봤는데 내용이 생각이 안나서 다시금 찾아봤는데, 이런 영화였다니,, 너무 안타깝고 슬픈 공포영화.."
10,정말 ost와도 잘 어울리고 후반부로 갈수록 소름돋는 영화였어요 영화의 분위기와 영화 해석을 보면서도 여운이 매우 길게남고 갑툭튀나 귀신이 나오는건 거의 없지만 정말 무서웠던 영화 제 인생 공포영화입니다...!짱
10,웰메이드 공포영화. 무섭고 스토리도 좋고 배우들 연기도 뛰어나지만 미쟝센과 돌이킬수 없는 걸음 OST가 너무너무 뛰어나다.
10,한번보면 찝찝한 그래서 돌려보게 되는 공포영화  걸작이라 불릴만하다
10,최고의 공포영화...
10,3번 보고서야 알아챘다
10,돌이킬 수 없는 걸음부터 시작된 이야기.. 공포못봐서 안보려했는데 하도 꼭봐야되는 영화로 많이 회자되서 무서운부분은 눈감고봤는데 와..근데 두번째 베댓 왜 김갑수 염정아냐 캐스트올라가는건 임수정 염정아 김갑수 문근영...
10,생각하면 할수록 소름..
10,내가남긴  시대가  이십이세기다
10,몇번을 봐도 멋진영화 강추
10,어릴때무서워서 안봤는데 지금보니 왜 이제서야 봤나싶네
10,관객수 25명?네이버 영화정보 똑바로 올려라.좋은영화를 망작으로 만들지말고
10,다시보아도 최고 공포영화!!
10,한국공포영화중 몇 안돼는 수작!
10,외국에 식스센스가있다면 한국에는 장화홍련이있다
10,이 영화 나왔을 때가 한국 영화계와 공포영화계 전성기 때였지...
10,관객수가 25명..!?!?!?!?!?!
10,"영상미,스토리, 연출 모두 완벽한 다신 나올수 없는 한국 공포영화계 최고의 수작."
10,진짜 스토리 복선 배우들의 연기 배경음악과 배경 모든것이 완벽한 한국스릴러의 명작..
10,굳 1ㅔ자 채우기 매우굳
10,진짜 수작입니다. 이런 공포영화 제발 다시 만들어 주세요 ㅠㅠ흑ㅎ륵
10,왜 8점대지 9점대 후반이어도 이상하지 않은 작품인데...?
8,반전을 위한 반전이 아닌 의미 있는 반전. 또한 반전을 제외하고도 영화 퀄리티가 좋다. 디테일한 연출이나 영상미 도 뛰어남.
10,이건 원래 호불호가 강한 영화임 나도 처음엔 이게 뭐가 무섭다고..이생각하다가 지금은 제일 기억에남고 무서운공포영화인듯
10,아 티비에서 하길래 영화 끝날때쯤부터 보고 있는데 무서워...
8,53 25 26 27 28
10,이런 영화가 또 나올 수 있을까...
10,한국영화 중 영상미와 분위기가 가장 아름다운 영화
6,영화의 서늘한 분위기와 예쁜 색감의 미장센이 어울어지면 꽤나 인상적인 장면들이 속출한다. 배우들의 연기마저 만족스러웠다.
10,정말 수작이다. 내용을 전부 알고 봐도 봐도 잘 만들어진 영화.
10,본중에 최고로 슬프고 아름답고 반전 있는 공포영화
10,이것보다 더 무서운 영화 있으면 나와보라고해!! 아직도 닭살 돋는다.
10,한국공포영화치곤 세련되게잘빠진작품이다 연기력도지리고 연출도 장난아님
9,내가 본 한국 최고의 공포영화.
10,이 영화는 전설이 될 것이다.
10,내 인생 손에 꼽는 공포영화 중 하나... 공포영화는 이렇게 분위기로 사람을 압도해야지
10,김지운감독은 천재인듯! 다시봐도 질리지 않는다! 대박 잘 만든 영화! 진심 소름돋게 무서버 ㅠㅠㅠㅠ 연출 연기 음악 인테리어 등등 어느것 하나 빠지지 않는 완벽한 영화?? 재상영 했으면 좋겠댜??
10,반전을 보고나서 한번더보니 백프로 이해가 가네요
10,미장센도 좋고 음악도 좋고.. 배우 연기 감독연출 뭐하나 빠지는것이 없는 인생영화.
10,와 진심 지금 봐도 존니무섭다 ㄷㄷ.
10,눈물을 흘리면서 볼수 있는 단하나의 공포영화 정말 그어떤 새드무비보다 슬프고도 아름다운 영화
10,가잔 처음 본 공포영화 그러다 보니 공포영화에 대한 깐깐한 잣대가 생겼다
10,매번 다시 찾아보는 영화 정말 좋은 영화입니다.
7,이영화는 음악이 한몫 하는것같다. 무려 10년이 지난 영화인데도 지금 다시봐도 명작이라고 나올만하다 .. 한국에서 만든 영화치고 잘나왔다고 생각함
8,엄청 어린시절 초등학교때 언니들이 보는거 잠깐보고 충격먹어서 한국공포영화 아직까지도 못보고있는...
8,재밌어요 재밌어 아주 재미써용
10,공포영화 싫어하는데 10
9,당시에 개봉 하자마자 보러 갔는데 배경이나 효과음 그리고 시나리오가 탄탄한 영화라고 생각됩니다.
10,각기귀신 나오는 장면은 평생 안잊혀질듯..결말을 알고 보면 더 재미나고 슬픈 영화..
10,미장센 공포영화의 최고봉
9,이 영화를 왜 지금봤는지 모르겠네요... 공포물로 하자면 저한테는 별로인 부분이 많았지만 영화 자체는 정말 좋았습니다.
10,애들도 볼수있고  좋은듯해요 ㅎㅎ
10,학창시절때 봤는데 아직도  ost랑  영화속인테리어와 소품들 영상이 기억이 난다.  전문가 평점은 낮았던걸로 기억하는데 나에게 있어선 명작이였다. 너무 애잔했어.
10,장화 홍련 진짜 개쩌는 공포영화 스토리 연기 영상미 음악 영화의 전반적인 분위기까지 뭐 하나 빠지는게 없음!!! 그리고 임수정과 문근영의 미모가으ㅓㅇ엉엉
8,그냥 스토리구성이 좋았던 공포영화인데 그달리 무섭지도 않음 ㅡㅡ 그래도 영화는 볼만 함
10,아름답고 예쁘고 무섭다... 최고!
10,그때도 지금도 앞으로도 슬프고 무섭고 아름다울 영화
10,"무섭고, 슬프고, 이쁘고, 아련하다..."
8,잊으려고 할수록 뱀처럼 온몸을 더욱 조여오는 기억이란 괴물
10,"아름답고, 아름답고, 아름답다."
10,분위기가 신비롭고 아름다운 공포영화
10,염정아 연기 진짜 잘함..
10,가슴 저미게 슬프고 반면 아름다운 배경 속에 펼쳐지는 잔혹한 이야기가 두고 두고 여운에 남을 것 같다.
10,굳굳구두구두구ㅜ구구두ㅜ두구구구ㅜㅜ꾸굳
9,당시 극장에서 보고 여운이 한참갔는데...ost도 최고
10,한국적 정서의 공포영화 중 최고의 반열에 오를 작품. 애절하고 슬픈가운데서 공포를 느끼게 하는 미묘한 느낌이 좋다.
10,12년 전 영화관에서 보고 여태까지 잊혀지지 않는 영화 공포영화지만 슬프고 아련한 마음이 더 남는다
9,공포영화도 이렇게 우아하고 예술적일수있다는걸 보여준 걸작. 음악 영상미 스토리 어느것하나 빠지는것없는 찌댕 감독이 미쳤따
10,지루하게하지 않고 또 너무 놀래키지 않았던 영화 반전만 생각하면 아까운 영화 반전의 숨겨진 뜻을 이해하면 한 없이 슬퍼지는 영화
10,공포영화가 이렇게 아름답고 쓸쓸할수 있을까..
10,"중학교 때 본 공포영화지만 가슴아프고 먹먹한 영화..영상, 음악, 배우들... 어느하나 빠질 것 없는 영화...내 인생에 탑 쓰리에 드는 영화 중 하나..특히 OST는.... 최고다"
10,명작 이 한마디 ....
10,돌이킬 수 없음을 알면서도 결코 놓지 못하는 수미의 고통과 사랑이 생생히 전해지는 영화.. 엔딩에서 여운이 터짐 ㅠㅠ
10,"명실상부 한국 최고의 공포영화. 스토리, 연기, 영상미, 카메라의 움직임, OST, 여운  뭐 하나 빠지는게 없다."
7,문근영을 처음 알게된 역사적인 영화
10,"정말 여운이 남는, 아름답다는 말로밖에 표현이 안되는 영화"
10,정말 최고. 잔혹하고 아름다운 공포영화.
8,"분명히 공포 영화인데 공포나 잔인함보다 우아함과 슬픔, 아름다움이 더 돋보인다."
10,"소녀의 절규가 들리는 장농, 타오르는듯한 랜턴 불에 비친 타오를듯이 장농을 노려보는 여자의 표정. 그때 들려오기 시작하는 기타선율."
10,이걸 왜이제야봣을까  정말 한국영화답지않게 전개성과긴장감   배우들의연기력  굿굿 역시김지운감독님 최고
10,음향효과부터 카메라 영상 해석까지 너무 재밌고 신선하게 봤어요. 진짜 비젬은 짱인듯
10,지독히도 깨끗이 지워 버리고싶은 기억이 있는 누군가가 할 수 있는 최후의 발악.
9,이해하고 보면 평점이 1점 정도 올라가는 영화.
10,절정에서 마지막까지 연기 음악 분위기 영화관에서 전율느꼈는데.   전율느끼게해주는영화 또 나왔으면좋겟다
10,"공포영화로서도 훌륭하고, 영화 자체로도 훌륭합니다."
10,와 진심 할말을 잃었슴다.. 12년전 영화를보고 이렇게 가시지않는 긴여운과 짠함이 밀려오는 공포영화라니요.. 와.. 참..
10,무섭긴한데 먼가 허무하고 아쉬운..
10,아름다운 음악과 영상미가 넘쳐나는 최고의영화다마지막에 여운도많이남고.. 공포영화를 뛰어넘는 특유의 미쟝센과 아름다움이 묻어난다.
9,"놈놈놈, 악마를보았다, 달콤한 인생, 그리고 모든 공포영화 중 가장 좋다."
8,아름다운 미장센을 가득 머금은 처연한 호러
10,"오늘 엘지유플러스로  장화,홍련이란 영화를 보았을떄무섭고 감동 적이었어요"
10,내인생 최고의 슬픈 공포이야기특히 음악과 미장센이..최고
10,아름답고 슬프며 처연하다..색감 연출 음악 모두 훌륭하다
9,완벽에 가까운 미장센과 연기.그리고 조명은 첫장면을 보자마자  관객의 눈을 사로잡는다.  샤이닝이후 이렇게 강렬한  미장센의 공포영화는 첨인듯.아니 공포영화가 아닌가? 슬픈데?
10,10년이 지나도 여전히 가슴먹먹해지는 영화공포영화를 싫어하지만 이영화는 매년마다찾고 보게된다  내인생작품 염정아의 소름끼치는 연기가 아직도 기억에 남는다
10,나이먹고 나서 다시 보니 정말 슬프기만 한 영화..
7,어렸을때 이걸보고 왜 무서워했는지 이해가 안가네요 ㅋㅋ
10,무섭다.. 많이무서웠다.. 근데 임수정은 예뻣다
10,장화홍련에  갑자기 귀신은 없고  윗층에서 문짝이 갈라지며어떻게 문짝이  닫힐까..그게 참 신기함.그리고 그욕조에 귀신의 쥐꼬린지 저고린지  잘은 뭐르지만  참그런것도 커텐에 올라가는 모습 참 무서움. 요플레 먹는 ...
10,대박이다진짜..이런영화가잇다니
10,"영화가 끝이 나고 나서 더 슬퍼지는 영화. 장화, 홍련은 결국 아름다운 전래동화처럼 원한을 풀었는가."
10,12년이 지나는 지금에서 봐도 정말 유치하지않고 명작이다. 초등학교때 생일날 처음극장가서 본 영화.. 음향감독이 한몫했다. 또 나중에 볼때 느낌이 다르겠지?
8,음산한 배경과 사운드가 한국 공포영화의 표본을 보여주는것 같아서 좋았다. 하지만 전체적으로 루즈하게 흘러가는 전개때문에 지루해질수도 있다.
10,이런 영화 또 나올 수 있을까.
8,아름답고 깔끔하고 잔혹한.. 잔잔하지만 무거운..
10,공포영화는 대게 한 번더 보고 싶지 않은 경향이 있는데 이 영화는  한 번 더 봐야 완벽히 이해되는 a급영화  한국 공포영화중 최고의 반전이 제일 매력적이었음ㅋㅋ
9,"공포인것 같은데, 그가 만들어낸 영상은 이마저도 톡톡 튄다"
9,공포영화라기 보다는 잔혹예술영화라고 보는게 맞을 듯. 배경화면의 색감이 특히 기억에 남는다.
10,머리크고 나서 보니 이해가 되네요.연출도 배경음악도 아주 좋은것같아요!!!진짜너무너무재밌게봤어요 ...임수정팬될것같음..
10,여운 쩐다 ㅠㅜㅜ 지금봐도 세련되고 고품적인 공포영화 ㅠㅠㅠ
10,이건 공포영화가 아니고 예술영화같다. 엔딩이 이렇게 여운남는 영화는 진짜 오랜만임
10,10년도 더 전에 극장에서 봤지만 아직도 기억이 생생한 영화. 스토리(반전?)와 ost가 돋보였던 영화다. 몇 년 후에 극장에서 재개봉한다면 보러갈 의향 200%!!
10,우리나라 영화 마장센중 최고!! 반전 ㄷㄷㄷ
8,생각해 볼 수록 무서운 영화
10,OO전에 봤는데 아직까지 내 최고의 공포영화로 기억되는 장화홍련!! 또 다시 보고싶네요~
9,한때 국민 여동생이었던 문근영의 어린시절모습을 볼 수있는 영화!잔인함만을 강조한 공포영화가 아닌슬픔이 가미되어 차별화된 영화!거기에 아름다운 영상미는 플러스!
10,이영화를 지금이라도 본게 정말 다행이다.. 김지운 감독을 다시보게됨..
8,진짜 명작이다...공포영화 마니아들은 이것 먼저 봐야지 다른 공포영화를 평할 자격이 주어진다고 생각
10,반전에반전을거듭한 결말이 그럴거라곤 상상도 못했던 최고의 영화!추천합니다
10,고전이란 모티브만 빌려와서 더 좋았던 듯
10,공포영화는 동양이 잘만듬ㅋ
10,내 인생 최고의 공포영화!
8,이 영화 하면 나무 계단을 오르는 장면의 이미지가 떠오른다. 웬지 아름다운 기억이였더랬지.
10,초등학교 저학년때 본 영화인데 장면장면이 여전히 기억에 남는다. 영화 중반의 그 목 꺾인 귀신? 생생한데.. 영화 ost가 영화의 분위기를 자아내는것도 없지않아있었음..
10,마지막에 수미가  집을나올때 흘러나왔던 돌일킬수없는걸음은   영화가끝난후에도 잊혀지지않았슴  한국공포영화중 최고
10,이 명작을 이제야 봤다니.. 많은 한국 공포 영화를 봤는데 이 영화를 본 이후 다 쓰레기 였다고 생각한다. 음악과 스토리 영상미 모두 완벽
10,볼 때마다 느낌이 달라지는 몇 안되는 명작영화중 하나
9,한국 공포영화계에 획을 그었다
10,무섭기보단 슬픈영화 (근데 왜우리나라에선12세인데 해외에서는 r이지?
8,확 몰아치는 공포보다는 잔잔히 파고드는 공포심이 더 공포스러움을 보여주는 작품
10,"6 8 10 복잡다단한 내용으로 적당히 흥미를 돋구면서 산뜻한 음악으로 기분좋게 긴장을 풀어줌. 이 영화하면 자매애, 자석같은 스킨쉽과 궁극의 친밀감,"
10,예전에 이거보고 자꾸 생각나서 잠못잤던.. 지금은 다시 보고 싶네.. 음악도 멋지구리. 이젠 귀신도 전처럼 안무섭고..음악이 우울해서 영화가 보고싶어졌다..ㅜ.ㅜ
10,"초등학생때친구2명데리고엄마하고,나하고,동생,그리고친구2명끼리우리집에서장화홍련본기억이난다는~문근영언니,장화홍련짱이다~~~^^"
10,요즘엔 이렇게 못만드나? 공포영화가 재미가 없어ㅜ
10,정말 좋다..
10,무섭다 진심
10,한국 공포영화계의 바이블!
10,굿
10,"영화가 단순한 이야기와 플롯이 아니라는 걸 알게 해준 영화. 촬영과 음악, 미술, 연기 등등 많은 면에서 뛰어나다. 볼 때마다 울고 볼 때마다 감탄하게 하는 영화"
10,몇 년 전에 본 영화인데 지금까지 기억에 남아있었어요ㅋㅋ 제가 공포영화를 잘 못 보는 편인데 이 영화는  끝까지 봤더라구요ㅋㅋㅋ 그만큼 재미있더라구요
10,우아하고 아름다운 최고의 공포영화!
10,레전드 한국 공포영화.. 과연 언제 또 이런 공포영화가 나올지..
10,최고~☆
10,단언컨대 한국 공포영화중 탑인듯
10,쩐다ㅜㅜ
9,秀作
10,ost제목이 돌이킬수없는 걸음 이더군요... 마지막 수미가 집에서 멀어져갈때 나오는 ost를듣고 전율이..ㅠㅜ연출참잘한거같은..
10,GOOD!!
10,보면 볼수록 슬프다
9,이 영화를 보고 많은 것을 배웠습니다!! 이렇게 할 수도 있구나...
10,"아름답다. 공포영화가 이렇게 아름다워도 될까 싶을정도로 시각적으로 아름답다. 게다가 이병우감독의 노래까지 더해져 분위기는 절정으로 이끌고, 임수정 문근영 캐스팅 또한 너무 적절하다. 보고나면 계속 여운이 남는 느낌있..."
10,최고의영화
9,먹먹해지는 공포영화‥ 보고나서 여운이 가시지않았다ㅠ
10,김지운 최대의 역작!
8,이거 너무 슬퍼...ㅠㅠ
10,정말 최고...정말정말최고...엔딩에서의 음악과 장면은 정말 최고였다
10,이래야 공포영화지.
10,10년이 넘어도 내가 본 공포영화 중 단연 1위
9,몇 안되는 한국 공포
10,내가 본 영화중 가장 최고
8,꼭 집고넘어가야하는 한국공포영화.
10,본 공포영화중 쵝오~
10,진짜 시간이 이리 짧게 지나갈 줄이야.............................
10,정말재밋게봣어욤!!
10,이 이상의 공포영화는 나오지 않을듯..
8,잘 만든 반전 영화의 공통점은 명작과 같이 세월이 흘러도 잊혀지지 않는다는점.
10,볼 때마다 새로운 것을 보여준다
10,"역대 한국공포영화 최고의 캐스팅, 최고의 연기력, 최고의 작품성"
9,소름돋아요
8,배우들을 보는 즐거움과 꽤 깔끔한 연출과 스토리는 역시 김지운 영화라는 생각이 든다
8,영화 곳곳에 김지운 감독의 섬세함이 많이 묻어 남.음악이 (이병우 - 돌이킬수 없는 걸음) 대박!!
10,아 내멘탈....
6,잔인함 기대했던 Me
8,영상미 멋지고 ost 진짜 좋다ㅜㅜ
8,김지운감독은 영화는잘만든다. 하지만 거품이꼈다 역대한국공포영화는 여고괴담.기담.장화홍련.알포인트가평이좋음
10,10년이 지난 후 다시봤는데도 참 괜찮은 영화다
10,무섭지만 내용이굿굿굿
10,초등학생때 친구들하고 엄마하고 같이 봤었던영화~오랜만이네~또다시보고싶다ㅎㅎ초등학생때는 진짜무서웠는데 그래도 많이는 재미있게 봤음~
8,새벽에 혼자봣는데 무서워서 죽는줄... 오늘은 엄마와 자야지~
10,울나라 공포영화중 최곤듯....
8,공포영화를 기대하고 봤다며 졸작 반전스릴러를 기대하고 봤다면 한국영화상 대작
8,10년 전의 문근영!!
10,명작임 ㅠㅠ
10,여운이 많이 남는 영화에요. 놀라는 공포라기보다 속에 서서히 담기는공포가 매력인 영화. ost마저도 여운이남는 영화.
10,"한번보면 모르는,무섭기보단 슬픈영화. 정말 여운이 많이남고...내 생애 최고의 영화"
9,두 번째 볼 때가 더 재밌는 영화
10,우리나라에서 흔히 볼 수 없는 호러물의 걸작
10,영화색감이나 보는 내내 실감나게봤었던 영화
8,"처음 나왔을 때, 평점 별로 였는데 이제 재평가가 되네.  한국 영화 치고 상당히 잘 만들어지고, 세트나 색감이 엄청 이뻣던 기억이 있다. 재미도 있었고, 그 담에 괴상한 기담이라는 영화가 비슷하게 나왔지. 잘만들어..."
7,한국영화 역사상 최고의 캐스팅 아닌가 싶다
8,한국공포영화중엔 여고괴담과 쌍벽//반전에  박수를 보낸다
10,"""장화, 홍련""은 반전이 전부인 영화가 아닙니다. 반전을  눈치챘다고 해서 망가지는 허술한 영화가 아닙니다. 연기, 음악, 미술, 스토리 전부 빼놓을 것이 없는 수작 중에 수작. 이런 작품이 명품이 아..."
10,최고
7,소재가 참신한것도 아니고 줄거리도 별루없는데 분위기 조성을 참 잘한다는 생각이 들었고 수미의 정신착란을 보여주는 장면은 참 잘만들었다. 재밌게보았다.
9,무섭다기 보단 슬프네요... 여운이 길어요 ㅠ
10,지금까지본 공포영화중 짱인듯
9,오래간만에 아주 재미있는 영화 봤다는 것! 감독이 천재같다라는  느낌이라는것! 염정아 연기 아주 잘한다는 것! 여러군데에서 나오는 염정아의 손 동작 아주 자연스럽웠음. 단 음향! 헐리우드의 그 음향들과 비교하면 우리...
10,돌이킬 수 없는 걸음.... 정말 짠하다... 공포영화를 본다기보다는 가슴시린 슬픈 영화를 보는듯했다... 마지막 임수정이 집을 박차고 나가는 장면은 길이길이 기억에 남을 장면같다... OST는 단연 최고다.
9,"평점이 너무 높아서 봤습니다.엄마의 자살이 사건을 더욱 악화시키는 군요..정말 딸아이를 사랑한다면, 자살한 자신의 모습을 보이는 것도 생각을 해 봐야 합니다. 살아남아있다고 해도, 정신적 충격에서 평생을 헤매였겠지요..."
10,평생 기억에남을
10,"잊고 살았던 내 과거 동창을 만난 듯 9년만에 만난 이 장화,홍련은 너무나 매혹적이고 아름다우며 찬란하기까지 하다....."
10,정말 재미있는 영화였어요. 다시 한번 더 보고 싶은 영화 입니다. 추천합니다.
10,"많은 상징물과 독자를 생각하게 만드는 탄탄한 각본에 감탄하고 갑니다. 공포영화지만, 볼때는 스릴있게, 후에는 감동과 생각할 수 있게, 여운을 남겨주는 영화."
9,"시각적, 청각적 매우 만족"
9,"부드러운 공포와 반전의 섞임.  출연자들의 연기와 감독의 연출력과 미술, 조명, 카메다 등이 정말 마음을 사로 잡는다."
10,"깊은 공포 맑게 쏟아져 내리는 한의 정서, 수미가 마지막에 집을 나올때 OST제목은 .....'돌이킬 수 없는 걸음'....."
10,봐도봐도... 재밌고 슬프며 안타깝다.
9,재미 없을꺼 같아서 당시엔 안봤던영화인데.한국공포영화중엔.역대수작이네 스토리보다 배우한명한명 연기가 장난아니네
10,공포영화 역대급 최고입니다
10,내가 가장 아끼는 공포영화
9,여운이 엄청난 영화..정말 원조 장화 홍련 저리가라 할정도로 가슴아픈 동화같다;;
10,"아름답고 슬펐던 공포영화, 대한민국 최고의 공포영화라고 생각한다. 배우들의 연기, 스토리, 배경까지.. 다 완벽했다"
10,대략 10년전 본 영화인데도 OST가 귓가에 울려퍼진다
9,명작의 주요 특징. 시간이 오래 흘러 세세한 내용과 줄거리가 희미해져도 참 좋은 영화라는 인상은 뚜렷히 각인된다. 이 영화 역시 내겐 명작이였나보다.
10,최고의 영화
10,it's fun
9,약간의 스포일러를 알고있는 상태에서 봤는데 참.. 마음이 안좋다.. 공포영화를 못봐서 화면을 몇번가렸는데 후회가되고.. 기회가되면 다시보고싶다 좋은영화
9,대사를 외울 정도로 많이 본 것 같다. 문근영의 코먹는 목소리가 너무 귀여웠거든... 등장 인물 하나 하나 최고의 캐스팅이다 정말..
10,스토리와 ost만으로도 만점. 반전 진짜 눈물이난다
10,11점을 줘도 안아까울듯..
10,잘만들엇어 ㅠㅠ
10,초반엔지루해서 졸기도햇지만 후반으로달리면서 반전이하나하나나타나고 영화해석이보이니 지릴수밖에없었다
10,영상미와 음악의 조화 그리고 정말 많은 생각을 하게 해주는 작품
10,한국공포영화중최고
9,예쁘디예뻣던 가을날의 슬픔 그리고 가족사의 비극 분위기굿! ost굿! 미적감각 대박
10,너무슬퍼
8,슬픔까지 배어있는 공포. 이병우의 음악은 일품.
7,내취향이아니였음
7,너 지금 이 순간 후회할지도 몰라
8,나는 매년 여름이면 개봉하는 한국공포영화와 이 영화를 비교한다 아직 나오질 않았다
8,공포영화지만 여느 영화와는 다른 공포영화
10,아 진짜최고ㅠㅠㅠㅠㅠㅠ이제보다니
10,12세???라고?? 말도안되 ㅋㅋ
6,"무서운 영화 찾는 사람들에겐 비추.. 공포영화라 하기에 , 무서움을 주는 요소가 굉장히 부족... 순간 놀라게 하는 포인트가 없다고 할 수 있을 정도로 약함. 미스테리한 분위기를 연출하려고 노력은 했으나 , 그게 오..."
9,진짜 무섭다. 이런 영화도 있었다.
10,영상 음악 연출 다 좋았다. 스토리도 물론.... 마지막  대사인 '너 지금 이순간 후회할거야' 라는 대사가 이렇게 가슴 시리게 와닿을줄은 몰랐다. 지금 다시 보는 순간 우리나라 공포영화는 장화홍련 이전과 이후로 나...
6,스토리는 좋았는데...이게 무섭다고??
10,우리나라 공포영화(단순 공포영화라고 하기엔 너무도 슬프지만..ㅠ)중 단연 최고의 작품이 아닌가 싶다. 스토리.. 배우들의 연기... 영상미와 묘한 분위기... 정말 수작 중에 수작이다. 8점대의 평점이기엔 영화가 아...
9,국내 공포영화중 최고.
10,ㅠㅠ
9,이 영화는 해외에서도 유명한 작품이다.
10,"스토리를 풀어가는 방식도, 영상미도, 배경음악도, 배우들의 연기도 모두최고"
10,정말 음향효과 내용등으로도 사랑받고있는데 너무 좋네요....
10,국산 공포영화 가운데 최정상급
5,난 뭐...그렇게 대단한 영화인거 같지는 않는데 말이야...결말 예측도 가능하고...
9,마지막 임수정이 집을 나설때 뇌리를 스치는 OST제목 소름
10,이건 정말 대박임
10,100000000점 만점에 100000000000000점. 깊은 공포 맑게 쏟아져 내리는 한의 정서.
10,최고다..
9,반전이 압권 징그럽긴했지만 여름에 보기 좋을듯!!
10,"보고 나면, 이해하고 나면 잊혀지지 않는 영화. 색채도 ost도 이보다 더 좋을 수 없다."
10,내가 제일 좋아하는 공포영화♥
10,한국전래 동화 '장화 홍련'스토리보다  무서워요~
10,슬프네여 재밌음ㅋㅋ
9,김지운은 천재다. 다시 한번 공포영화를 만든다면...
10,보고나면 기분이 묘해져..
10,어쩌면 이 영화는 공포영화가 아닐지 모른다..너무나도 슬픈 영화..
10,우와...정말 최고네요 임수정씨가 가위눌리는 장면...정말 소름돋았어요
10,한국최고의공포영화라고 자부할만큼 좋은영화
10,아름다운 영화 보고 또 봐도 새로운 면모가 보여요 이병우씨 대박
10,색채와 ost가 아름다워서 잊혀지지 않는영화!
9,첨에 무서워서 제대로 못봤기도 하고 이해도 안됬었는데 알고보니 소름.. 최고다b
9,한국 최고의 미스터리 반전영화 스릴러장르를 제외하면 공포 스릴러로 이만한게 없다
10,"내용, 짜임, ost 조으다 조으다"
10,이 영화는 ost가 몸에 전율을 일으켰다
10,공포영화였지만 무섭다기보단 슬픈 영화였다. ost는 그 어떤 영화보다 최고
7,"영화의 만듦새는 좋았으나, 그것에 비해 드라마의 기피는 떨어짐"
9,9년전 중학교때 처음보자마자 반해버린영화. 이런 한국영화가 또 나올 수 있을까ㅜㅜ 넘좋아
9,수작입니다
10,ㅜㅡ 몇번을 봐도 재밋당
7,아름답고 슬프다
9,"음산한 분위기, 아찔한 반전. 이 영화가 한국 공포영화를 한단계 높인건 확실하다."
10,다른 공포영화와 다르게 더운 여름보다는 쌀쌀한 가을에 보면 더 좋을.. 그런영화
10,마지막에 보는 사람마저 가슴 미어지게하는 영화.
10,다시 봤는데 와우 대박반전인거 같아요;정말 감독님이 대단하신거 같아요!!
10,"잘만든 김지운표 스릴러, 왜 명품감독인지알수있다, 씬 하나하나 모두 치밀하다"
9,영화 해석을 읽어보니 안타깝다 .... 영상미 ost 연기 효과음의 조화가 잘 어우러짐
10,아름다운영화
8,4학년때 5학년이라 우기고 빌려봤던 영화...그땐 이해못했지만 이젠 내용 이해가되네
9,공포라기 보단 슬픈영화
10,볼때마다 울컥하고 눈물나는 영화
6,좋은작품이지만 내 코드와는 괴리가 있다.ㅋㅋ
9,간만에 잘 만든 작품 봤음..
10,이건 그냥 공포물이아니였어 스토리가 너무 슬펐지..
10,학교서 봤는데 공포보구 이렇게 좋은적 처음ㅎ
10,저기 평점에 스포좀 적지마요.
10,공포영화 보고 이렇게 가슴이 먹먹해진 적은 처음이네.. 수미가 넘 불쌍해
10,임수정이 삼중인격인거 알고 뒤로 넘어갓어여 ㅠㅠ 반전대박
7,스타일리쉬
6,보고남은건 젖살덜빠진 문근영과 임수정 ost
9,미치도록 긴장된다.
5,지루했으나 좋은영화인건암 내가 보는눈이 부족함 ost는 최고
7,밑에 스포써논 멍청한놈은 머냐
10,재밌다
10,난 이 영화를 왜 이제야 봤을까...정말 잘 만든 영화네요.
10,2003년 작 치고는 긴장감도 있고 스트리도 있고 반전도 있었다..문근영이 나오니 더욱
8,영화자체는긴장은있지만무섭진않다.좀더쉽게만들수있었을텐데.장면맞추면서봐야하니
5,스토리 전체는 그럭저럭 좋았는데 뭔가 아쉬움이; 근데 영화 맨처음에는 잘뻔했어욬ㅋ
10,괜찮았고 마지막에선 좀 울었음
10,다시 봐도 최고의 영화
10,한국 공포영화의 새로운 가능성을 보여준 영화
9,다~~~~좋은데 ㅋㅋ 약간 이해가 안가게 꼬았다는게..ㅋㅋ뭐 그게 매력이지만ㅇ
8,염정아연기쩔어ㅋㅋ스릴도있고반전도괜찮았음ㅋㅋ한국공포영화중에제일나음
10,분명 공포영화인데 난 왜 울면서 봤을까
10,내가 제일 좋아하는 한국영화 단순한 공포를 뛰어넘는 정말 슬프고 아름다운영화
9,이런 공포영화가 우리나라에 없는건 못 만들어서야... 그걸 김지운은 만든거고
9,마지막 휘몰아치는 비극... 그리고 흘러나오는 음악... 소름 돋았다
10,최고의 한국 공포영화
10,명불허전의 수작이로다
10,내가 본 공포영화중 최고의 작품성을 가진 공포영화
8,어쩌면 너무도 슬픈영화
8,고딩때영화관에서봤습죠 영상미참좋아요 이영화이후론 제대로된공포영화가안나와아쉽네요
10,너무 재밌고 무서운 영화.공포영화가 이정도면 대단하다고 생각한다.
8,안무섭다고쳐도 분위기자체가무서운분위기라 보면서긴장한장면 많이있었습니다
8,너무나도 완벽했지만 스토리전개에서 조금지루해서 8점드려요
10,염정아:(임수정의 팔목을 잡으면서)너 지금 이순간 후회 할지도 몰라
6,임수정 좋아하는데 이건아니다..공포스럽지 않은 공포영화 불신지옥이 젤무섭국산공포
8,달콤한 인생보다는 아쉽다 하지만 연출은 이렇게 하는거야를 보여준다
10,와 진짜 잘만들었다
10,보면볼수록 정말 슬픈 영화
10,대박
10,너무 잘만든영화/ 아직까지도 국내에서 이보다 나은 공포물이 없다는게 아쉽다는.. \
10,와.. 공포영화 처음 10점 준다. 웬만하면 놀라지도 않는데.. 한국 영화인게자랑스러움
10,처음보면 무섭고 두번보면 슬프고 세번보면 소름돋는 영화
9,짱무서움 반전개쩜
9,아... 왜 돌이킬 수 없는 걸음 인지 알겠다 ㅠㅠ
10,한국 공포 영화중에는 단연코 최고다
9,진짜무서운데마지막이좀........
8,역시 한국영화중 최고의 호러물
9,과연 우리나라에서 이영화를 뛰어넘는 공포영화가 나올수 있을까?
10,아름다운 공포영화! 영화란 이런거지!
9,8년전에 봤지만ㅠㅠ엄청 무서웠던기억이ㅋㅋㅋㅋㅋㅋㅋ
10,미장센효과가 진짜 탁월한 영화! 내용 구성도 너무 좋다><알고보면 더 재밌음!
10,"서른번은넘게본영화
봐도봐도질리지가않는다"
8,임수정의 뛰어난 연기력!
7,미적지근한 결말과 스토리... 영상미와 훌륭한 배경음악이 살린듯
10,굿
10,슬프고도 아름다운 내 인생 최고의 공포영화
10,"미장센과 뛰어난 영상미, 그리고 반전을 의미하는 소품들. 알 수록 빠져드는 영화."
10,한국 공포영화중 정말 최고의 영화이다.
10,2003년 작인데 아직도 국내에서 이만한 공포 영화는 못 봄
9,국내 공포영화중 단연최고 ㅎ
10,소름돋는 공포와 스토리 묘한 배경 음악 연기자들 어느것하나 빠지는 게 없는 차원다른 공포영화.
9,2011年 5月4日/ 상처받아 살아가는것의 고통이란 이런 것이다
10,아름답다는말이 이영화에 걸맞는 표현인것같다..
10,장화홍련을 넘는 국내 공포영화가 아직까지도 없다는데 슬플따름...
9,볼때는 몰랐는데..다 보고나서 줄거리 확인후 몇시간 지나니 너무 무섭네..
8,"임수정, 문근영, 여주인공들이 매력적"
8,몇몇 장면은 확실히 무섭다
8,한국 영화중 가장 완성도가 높은 영화. 다만 공포적인면은 조금 아쉬움
10,김지운감독!
10,연기력이다들 최고입이다!!
10,스타일리쉬하면서 을씨년스러웠다.
10,그냥 무섭다는 말로는 부족하다 공포심을 끝까지 끌어올리는 영화
8,눈을 가리고 귀를 막고싶게 만드는 공포
8,공포영화의표본일세
9,뻔한 영화일 뻔햇으나 그렇지 않았다
10,또봅니다.
10,다시봐도 안타깝고 슬픈영화
5,뭔가 어설픈..
10,정말 괜찮았던 영화... 씁쓸한 맛 나는 공포영화
10,아빠가 김갑수였구나.잊어버리고 있었네.;역시..훌륭한 작품엔 갑수님이 계시는군.ㅋ
10,"한국공포영화는 장화, 홍련 이전과 이후로 나뉜다."
8,이정도면 공표영화치곤 합격점이다.
10,약7년이 지난 지금봐도 최고인 영화
10,내생애 최고 영화.
9,걸작 공포의 진수를 보다
8,멋진 OST와 영상미
10,마지막 반전 최고 ㅠㅜㅠㅜ
8,음산한 분위기가 너무좋았다. 이거 재밌게 본사람들에겐 기담추천.
9,무섭고 재미난 공포영화. 몇번봐도 질리지않는다!!
7,스타일리쉬하다
10,무섭다기보다는 슬픈영화
10,"무섭지않다, 하지만 생각하면무섭다"
10,진짜 무섭다기보다는 심오하고 아름답달까
10,슬프다 두번은 봐야 이해가되는 최고
10,내 인생 최고의 영화
10,ㅇ ~~~~~~~~~~~~무섭기는해도보다보면재밋음ㅋ
10,"최고의 영상미와 음악, 그리고 씁쓸한 결말이 최고!(문근영, 임수정의 앳된모습은 덤)"
5,음악빼고는..너무 뻔한 복선 아닐까..보면서..하나하나 맞춰 가는 내가 무섭다..-_-;
7,꽤 괜찮은 영화..섬뜩하다는 공포가 뭔지알려준영화
8,아쉬움이 많이 남는다. 조금 더 다듬어졌으면 한다.
9,"꼭 피와 살이 튀어야 잔인하고 무서운게 아니다,,"
10,김지운 거품시절 만든 대한민국 최고 공포영화
10,요런게 진정한 공포 영화! 꺽기 귀신만 없었어도 ㅎㅎㅎ
10,한국공포의 맛!
8,"기억에 남는건 씽크대귀신, 볼만한 공포영화"
10,검은집 보기 전까지는 제일 무서웠던 영화
10,임수정과 문근영이 므흣하다
10,미장센 색채감 영상미 스토리 연기력 모두 한국영화 최고수준이다
10,이런공포영화 더이상 못나오는건가ㅠㅠ 한마디로 완벽
10,김지운의 최고의 작품. 내생에 최고의 영화. 최고의 영화음악
10,잔혹한 영상들로만 짜깁기한 쓰레기 호러들과는 급이 다른 영화
10,정말 최고의 공포영화.
9,한국 공포 영화계에 큰 빛이 되어준 영화
10,"완,벽"
10,정말 최고다....
10,최고의 영화
10,"캐스팅 백점 분위기 천점 스토리 만점, 별은 백만개"
7,"음악, 영상, 각본 3콤보 작렬!!"
10,굳
10,최고
10,한국공포의 한 획을 그은 작품. 여러번 봤지만 질리지 않는다. 염정아연기는 대박.
10,난 이거 굉장히 좋아하는데?
10,볼때마다 볼수록 새로운영화
10,세번을 봤지만 대단한 영화란 생각이 든다.
10,이런 수작에 아직 평점을 안올렸다니 ....
9,한국 최고의 공포영화라고 할 수 있다. 당시에극장서 봤는데 짱이었어ㅋ반전도끝내줘
7,아빠 역의 김갑수는 묘한 연기 매력이 있다.
10,마지막장면 돌이킬수없는걸음의 노래가 나오면서 한사람의 자책감을 나타낸다
10,"재미없다는 사람들 영화 제대로 보시길. 장면,대사,소품하나까지도 의미가있으니..."
10,7년전 영화라고 믿기지 않을정도로 뛰어난 작품이다.
10,만점!!!!!!!!!!!!!!!!!!!!!1
5,"화면이 예쁘긴 했는데 별로 안무섭고, 반전이해안되고,사다코따라하고"
10,근영이 ㅎㅎ
4,확 와닿는 화면이였지만 구성은 어디서 본듯했고 반전은 지루했다. 예지력상승.
10,공포에 아름다움을 앵두처럼 빨갛게 물들이는 영화
7,사또 대신 홍련이다
10,"공포지만, 공포이기만 하지는 않은 꼭 한 번 봐야할 영화"
10,분위기가 최고
9,슬프고도 아름다운 공포
10,아름다운 공포영화!
10,무섭고 작품성뛰어난 공포영화 분위기자체도 좋았어요 이런작품 또나올수있을지
10,가장 좋아하는 공포영화..공포영화를 잘안보는데도 인상깊었습니다^^
10,지금까지 본 공포영화중 최고였다고 생각합니다
10,아름답고 슬픈 공포영화..
8,한국영화 최고의 공포 영화
8,한국적인 정서의 심리공포와 빼어난 영상의 수작 스릴러물!
10,남자라면 꼭 봐야할 영화. 가족과 여자에 대한 교훈이 담겨 있는 영화.
10,아름다우면서 슬픈 공포영화..
10,"ost가 정말 마음에 들었고요, 아름다운 배우"
10,언제봐도 새로운영화...정말 좋았어요.수정언니너무예뻤고 특히 근영언니완전귀여움ㅎ
10,몇번을 봐도 재밋당 ㅋ
6,배우는 에뻤는데 별로였다;;
10,오랜만에 꺼내들어도 그 빛이 바래지 않는 영화
10,정말 최고의 영화였음
10,최....최고......최고최고.........그나저나문근영너무귀엽네요
10,이병우의 음악 정말 감성을 자극하네요... 영화 분위기 반전 등 10점
10,최고
10,다른말필요없이 한국최고의 공포영화. 그리고 내가 임수정이란 배우를 알게된계기
10,내 인생에 최고의 영화
6,"공포영화라기 보다 슬픈예기네, 재미도 없는 것이 왜케 긴거야,,짜증나는 영화의 전형"
10,"돌이킬수없는 발걸음 ,,이병우 음악땜에 10점"
10,최고
10,"섬세한 미장센, 잘짜여진 구조, 서서히 조여오는 긴장감 한국형 공포영화의 진수!"
10,감각적인 공포영화
8,초딩6학년때 영화관에서 꽤 재밌게 봤던영화
10,"잔인영상으로만 공포를주려는 저급영화와는 차원이다르다. 서정적,감각정인 공포부여"
10,"영상도 참 예쁘고, 음악도 잔잔하고, 잔잔함 가운데서 스릴을 맛볼수 있는 좋은영화.!"
10,슬프고재밌음ㅇㅇ
10,몇번을 봐도.. 최고.
8,이게 무슨내용이지..하면서 봤는데 결말을 보니 매우 충격적이고 감동적이였다..
10,"봐도 봐도 아릿하고 슬픈 영화, 최고!"
10,처음엔 반전 미스테리영화... 두번보면 진짜 무서운 공포영화... 나만 그랬던가?
10,"제가본공포영화중에서최고인듯,처음봤을땐반전이충격적이었는데,다시보면슬픈공포영화"
7,무서운 장면은 없다.. 하지만 무서운 분위기가 영화를 지배한다
10,2000년대 이후 공포영화 중 단연 1위
7,단순한 공포가아닌 기분나쁜 씁쓸함
10,"포스터보고 끌리고, 공포영화임에도 뛰어난 작품성보고 감탄한다."
10,"가슴아픈 이야기와 아름다운 영상미,음악 모두 갖춘 보석같은영화"
10,이거 완전 좋아함
8,무섭지는 않았음..
10,잘 만들었다. 어렸을 땐 내용이해못했는데 다시보니 소름끼치는 영화
10,최고!!!
10,한국공포영화를 보면서 처음으로 시각적이아닌 심리적인 무서움을 느꼈던 영화..
10,무서운거 보다도 좀 슬펐음 ㅋ 볼만함
9,서로 반말 쓰는 것만 봐도 콩가루집안이다. 긴장감은 좀 떨어진다.
8,이게좀 무서웠나? 심리적인 요소
8,한국 공포영화 중에는 몇개 안되는 개념작이네요 ^^
10,슬프고 분위기있는 영화. 역시 김지운감독.. OST도 Goood~
10,이 영화 내가 제일 무섭게 본 공포영화다. 시나리오 분위기 등 굿-
10,죄책감으로 미쳐버린 수미의 심리와 내면세계를 잘묘사한 웰메이드무비
10,요즘 쓰레기 영화들은 보고 배워라. 관객들은 바보가 아니야. 이정돈 되야지
10,지금까지 나온 한국 공포영화중에 감히 최고라 말할 수 있는 작품.
10,"단순한 공포영화가 아닌 작품성도 높은, 아름답고 슬픈 영화에요..정말 좋습니다"
10,정말 슬픈영화
10,묘하게 슬프고도 무서운 영화...여운이 참 많이 남는다 배경음악도 너무 좋고...
10,"슬펏다 ㅠ,ㅠ"
10,우리나라 공포영화중 가장 최고..
9,미장센과 음악이 돋보이는 '슬픈' 공포 영화.  한국 공포 영화중 단연 최고작.
8,무서워 ㅠ.ㅠ
10,진짜 재밌게 봤다 乃
8,내용 파악하기가 어려웠던 영화.. 내용을 알고 난 후 감탄한 영화
8,이만하면 굿
7,부족하다 조금 더 전달력있게 조금 더 강하게했으면
10,좋아요
10,귀신 나와서 놀라게 하는 게 보고 싶으신 분들은 안 보시는 게 좋겠습니다
10,중간에 정말 무섭습니다 그치만 아찔한장면이 많이.....짱이예요
10,한국 공포영화중 단연 수작. 공포가 슬픔으로 바뀔때 영화는 극에 치닫는다.
10,미술감독 음악감독 배우들도 짱!!!!내용도 짱임...슬픔
10,슬프다..
10,정말...한국 공포영화 중 최고!! 이런 영화 많이 나왔으면 하는 바람
8,스토리와 음악과 영상미 모두 좋음 한국공포영화들 이런맛좀 있었으면
10,중학생쯤에 영화관에서 봤는데 진짜....ㅋ그때 이영화보고 근영이한테 푹~빠졌었지^^
10,말이필요없다 10점 만점에100점
10,최고
10,"공포영화가 서정적일수도 있다는 사실, 예전엔 미쳐 몰랐다."
10,한 번 보고 두 번 보게 만드는 영화
7,공포속에 시청각과 感을 불어넣으면 이렇게 된다.
8,시각보다는느낌.
8,감각적인 영상미가 돋보인다. 하지만 지금보기에 반전은 너무 식상하다.
9,"와,,,,,술픈이야기네요 ㅜㅜ"
10,이영화별로란사람은안목더럽게없는인간들이다.이영화는적어도세번이상보고나서평해라
8,의도된 연출로인한 초반전개의 지루함만 없었다면...
10,진짜 최고다.. 완전 한국공포영화중의 최고.. 완전 대박!
10,중2때 극장에서 본 거 같은데 또 보고 싶은 영화
10,곱씹을수록 슬픈공포....
10,분위기하나는 끝내주네요;; 아가들아 공포영화라고 귀신찾지말구 내용을봐라;;
10,"내용도 좋고,,영상도 좋고,,배우들연기도 좋고,,반전도 좋고..뭐 안좋은게 없네"
10,인생 최고의 공포 영화. 귀신이 적게 나오는 공포영화. 내인생 최고의 공포 시나리오.
10,알고나면 더 무서운 천재감독이 만든 한국 최고의 공포영화. 진짜천재다......
8,괜찮은걸????
9,음향과 미장센을 이용한 공포감 창출..! 목표달성..!
10,내가 가장 좋아하는 영화
10,무서워.................................................
8,어렸을때 쫌 무섭게 봄 ㅠㅠ-?/?/?-H
10,아름다운공포영화
7,도통 뭔소린지..
10,이제야 봤다..  최고다.. 어느하나 빠질게 없다..
10,새벽에케이블에서하길래봤는데 의외의영화였다.. 헐리웃에서리메이크한이유를알겠음
8,이해 할듯하면서도 약간 이해가 ㅎ
10,놀래키는 것 없이 공포감을 느끼게 해주는 영화..
7,그럼 수미가 은주면 처음에 수미역하던 사람은 누구라는건가요? 헷갈려서;;;;
10,좋네요...
10,좋아요
10,"상당히 무섭지는 않다, 하지만 무언가 오싹한 느낌이 드는..."
10,슬프다.
9,한마디로 아름다운 공포영화....
10,"스토리, 분위기, 소품, 배우들의 연기도 모두 일품이었던 명품 영화."
10,내가 영화를 좋아하게 만들어준 영화.
10,우왕ㅋ굳ㅋ
10,아아 이거댑따재밋삼 ㅜㅜㅜㅜㅜㅜㅜㅜㅜㅜㅜㅜㅜㅜㅜㅜㅜㅜ
10,드라마같은 공포영화 공포영화라기보단..음...
9,"한국공포영화중 알포인트 다음으로 재밌게 봤다.분위기,긴장감,시나리오,연기 다 좋아"
7,110분 러닝타임에 반전설명하는게 30분. 영화 이해했다고 10점주는 사람은 대체 뭘까;
10,"한번보고 이해할수는 없을것. 슬프고 아름다운영화, 그리고두배우 임수정 문근영."
10,이해못하면 영화의 재미도 없다. 정말 잘 만들었다. 또 보게 만든 영화
7,계속되는 긴장감 공포영화로서 중간이상은 한다
4,.........무섭지도 않고......
10,"스토리, 영상, 배우의열연, 마지막반전까지 어느 하나 빠질수없는 웰메이드 공포영화"
10,재미 좋다 30대도 볼만 함
10,잔잔한 분위기와 오싹함......... 드물게 내가인정하는 영화!!! ..최고최고..
10,오싹하면서도 왠지 가슴이 아련해지는 엔딩. 최고의 한국식 공포 영화로 꼽고 싶다.
8,"웰메이드 '한국식' 공포, 스릴러"
10,굉장히 잼있게 본 한국공포영화
10,최고의 한국형 공포영화
10,임본좌 찬양 넘 이쁘다 스토리는 별로
10,내 생에 최고의 영화!!
10,최고 짝짝짝 최고 짜짝짝
10,김지운 스타일.
10,무섭다기보다 슬프다
10,생각보다 평점이 낮네..  유일하게 공포영화중에서 제일 좋아하는 영화..
10,"임수정의 원맨쇼! 계모,문근영은 임수정의 환상!"
6,6점이상은 무리인듯..조금은 모자란듯한 긴장감..마무리..ㅎㅎ
10,미루다 미루다 이제야 봤는데..몰입감 최고~
8,네이버 평점에 스포일러 다 나와있음 이 아래로 읽지마요 ㅠㅠ
9,다시볼떄는 더 섬뜩하고 슬프다
10,영화 자체가 참 무섭다
9,"시각효과, 소품, 연기 다 만점을 드리고 싶습니다.하나 제가 공포영화를 잘 몰라.."
6,한국영화치곤 괜찮아 그래두 6이상은 힘들지
10,배우 굿 설정 굿 공포영화치고 좋은 영화별로못봤지만 이영화는 좋다!!
8,감독이 천재네 장면하나하나에 의미가있군
10,방금 봤는데 완전 무섭...;; 깜짝 놀래키는 장면에 다 놀랐고 싱크대귀신도 쩔었음
10,극장가서 봤는데 진짜 무서웠음..특히 침대귀신 짱..
10,최고
9,극장가서 봤으면 정말 무서웠겠다
10,생각을깊게할수잇는영화인듯..
10,최고!!!!! 이해 못하면 재미없을듯해요.
10,공포영화 매니아로서 아름답고 슬프고 무섭고 참신함을 잘 알게해준영화
9,반전도 신선했지만 그닥 무섭지는 않았다. 배우연기가 좋았다
5,호러는 호러답게 무섭고 연기가좋아야하는데 피흘리고 소리만질러데
10,죄책감이 커지면.. 피난처를 스스로 만들게 되는 군요...자기를 방어하기위해..
10,극장에서만 12번 봤음
10,죄책감이 만들어낸 상상. 볼때마다 신비롭다.
10,헐리우드판꼭볼테야
8,공포적으로는 약하지만 내용으로는 대단한 작품
10,마지막에돌이킬수없는걸음이라는ost가나오면서임수정이걸어갈때소름쫙.최고
10,보진 못했지만 재밌을 것 같군요...ㅎㅎ
4,후반부로 가니 찌질찌질
10,"너무 세련된 공포영화, 죄책감을 못느끼는 김갑수의 모습에 소름이 돋았던 기억이.."
8,"배우들의 열연, 감독의 기교, 각본의 치밀함이 만들어 낸 웰메이드 호러."
10,마냥 무서운영화가 아니다. 슬픈 수작
10,반전도 좋았고...별로 공포스럽지는 않았지만 느낌이 좋았고 슬펐다
10,갠적으로한국 공포 수작
10,참 제미있는;; 공포 영화에요 ^^ 저는 11살....
9,굳굳굳 좋아요
10,"한국공포영화중 가장잘만든영화라고 생각함, 마지막 집을나오는 모습이 가슴아팠다.."
8,스토리를 모르고 봤을때 반전을 예상하기 힘들었다..
10,평론가들은 틀렸다. 그리고 장화홍련은 옳았다.
7,"별로였다. 영화의 분위기와 OST는 좋았는데, 뭔가 취향에맞지않나보다"
10,처음볼땐 그저그런. 계속보면 빨려들어간다.
10,자세히 보니까 참 재미있는 영화야
10,한국 공포영화의 질을 높였던 것 같다.
10,무섭기보다는 너무 슬픈 영화다 특히 결말에 나오는 수미의 갈대밭씬+ost는 정말 최고
10,참신하고 무섭지는 않지만 괜찮은 영화인듯
10,아픔 = 두려움 + 슬픔 + 후회
9,이거 쫌 이해 안되는 장면들이 많다
10,예전에봤지만...아직도기억에남을정도다..꾀반전이괜찬앗던공포영화라고나할까
9,내용은 그닥 맘에 들지 않았지만.. 문근영이 너무 이뻐서 9점...
10,"음악, 영상, 배우, 내용 싹 다 최고다.  가슴 깊이 밀려오는 여운 .. 공포영화계의 별"
10,현대 한국공포영화중 최고의 작품..
7,잘만들긴 했지만 너무 히스테리 부리는 장면들이 많다.
8,공포영화 중에 가장 좋아하는 영화
9,"엄청난흡입력,긴장감 12세관람가치곤 무서웠다. 그리고 배우들너무좋음"
3,수준이하의영화..뻔한결말과 어설픈스토리..염정아연기만 볼만햇음
10,영화의 곳곳에 숨겨져있는 많은 것들....내인생최고의 영화! 100번도 더볼수있다.
10,마지막 후반부에서 눈물을 쏟았다.. 아름다운 영화
10,내용이 어렵네...한번 더 봐야겠음...
10,한국공포영화중 제일 재밋게 봣다
10,내가 가장 좋아하는 영화 BEST 10중의 하나 ^^
10,제가 정말 사랑하고 좋아하는 영화입니다.
10,이렇게 아름다운 공포 영화는 본적이 없다. 최고다!
10,"음악, 영상, 스토리, 연기.. 모두다 만족.!! 아트다..아트."
10,내용도 기분나쁠정도로 무섭지 않거 마지막에 비극적인 결말이라 더 기억에 남네요.
10,뛰어난 미장센 죄의식에 대한 치밀하고 소름끼치는 해석. 최고였습니다
10,스타일리쉬한 웰메이드 공포영화에 반하다..
10,"역시 김지운~ 스타일리쉬한 공포..색감,ost 모두훌륭하다"
10,한국공포영화중에최고 두말나위없이
10,공포영화 안 좋아하는데 유일하게 재밌게 본 공포영화
10,작품성 최고
10,제일대박이다.....
10,세상에서 가장 무서운건 우리 마음속에 있다
10,한국 공포영화중 최고 !!
10,이런 공포영화가 다 있나?... 최고! 헐리우드 리메이크판은 구릴듯한 예감.
7,"어설프고 불균질해도, 이렇게 슬픈 호러인것을...."
10,영화를 보면 볼수록 역시 명작이라는 생각이 듭니다.
10,작품성 있는 영화........... 공포영화 무서워하는데...공포를넘어선 슬픔..
10,"내가본 한국최고의공포영화, 아름다운영상속에펼쳐지는 슬프고 잔혹한영화"
10,역대 한국 공포영화 에서 가장 인기 많았ㅇ므.. 320만명!!
10,임수정씨와 문근영씨의 연기력이 돋보이는 잔잔한 여운을 주는 영화.*^^*
10,다른 공포영화들과 차별되는 색을 가지고 있다. 10점 만점.
10,"수연의장롱신이아직도기억에남는다.알고보면너무슬픈,쓸쓸하기까지한장면."
9,제일재밌게 봤던 한국공포영화
10,색감이 그냥 예술이다..그리고 스타일리쉬한 스릴러....역시 김지운!!
7,"중간에 그만 결말을 눈치채니, 그 순간 재미가 75%쯤 사라져버렸다. 나의 실수였다."
8,솔직히..예술적 스토리는 맘에 드는데..너무 안무서워서...이거 공포영화잖아?..
10,우리나라에도 이런 공포물이?
9,공포영화다
9,색깔이 있는 슬프고 아름다운 공포영화... 돌이킬 수 없는 걸음...
8,조용하고연기자들에실감나는영화
9,한국 영화 역사상 최고의 공포 영화라고 생각합니다.
5,진짜 별로던데;;;;
10,잊을수없는 마지막장면
7,ost좋고색깔있는공포영화같다.다만공포영화치곤공포스러움이다소부족한것같아아쉽다.
10,아 너무 재밌었어요!!... 공포라고하기엔 좀 .. 덜하지만 ㅎㅎ
6,김지운 감독도 기복이 심하네.. 여러 소스를 가져다 섞지만 결국 밋밋한 맛??
9,이렇게까지 아름다운 공포영화는 처음이었다.
9,ost가 잊혀지지 않는다
10,5년이 지났는데 아직도 안 잊혀진다
10,첨 봤을 때두 무서웠지만 재방할때 또 봐두 무서워용.. 특히 밤에 옷장을 못봐요~
10,마지막 노래와 함께 나서는 수미의 모습이 진짜 기억에 남아요
10,마지막이서늘해지네
9,12세 관람이 아니고 마치 15세 관람가같은데요~!ㅋㅋ
10,마지막의 너무슬펐어여 ㅠㅠ
10,내가 본 한국공포주최고..무서워서그런게아니라 슬프다..ㅠㅠ
10,"공포의 정신분열이 아닌, 사연있고 슬픈 정신분열을 그린 공포영화. 최고!!!"
10,암튼 재미난 영화...
10,못보면 후회할 영화^^
10,한국 공포영화 중 최고라고 생각 됩니다~~~~~~~~~
10,최고...정말 좋아하는 한국영화... 이런 좋은 작품이 또 나올수나 있을지...
10,공포영화라고 스토리가 상관없어도 된다는 생각은 버려라
10,쫌 짱인듯
10,두번보면 더 재밌는 영화!!
8,"일단,공포영화인데도 화면이아름답고, 지루하지 않다. 한국공포영화같지않은 느낌."
10,반전이끝내줘요
10,아무 생각없이 보면 1점짜리 영화 그러나 깊이 들여다보면 10점 줄 수 밖에 없는영화
10,여운최고ㅠㅠ........2003년이후로 영화는 지금까지 3~4번본듯..OST는미친듯이듣고
10,공포영화를 여러번본건 처음!! 영상도 이쁘고 음악도 좋고 스토리도좋고
10,하나하나의 아름다움과 당혹감을 넘어 슬픈 스토리 그리고 그 속에서 나오는 무서움.
10,"장화홍련, 사일런트 힐... 여운을 주는 공포영화 이런영화 너무좋다ㅠ_ㅠ"
10,신선한 충격....... 배경음악이 너무 아름답고 영상도 아름다웠다....
6,몇년전에 봐서 풍경빼고는 기억이 그닥 안나는 영화. 근데 연출력에선 뛰어났던.
10,완전소중한 김지운 감독님.
10,아름답고 슬픈 공포. 이정도면 충분.
9,무섭다는 걸 넘어서 여러가지를 느낄 수 있어 좋은 영화
10,너무도아름다운 배경과 잔잔한 선율의 음악.. 동화같은 세계..그속의공포..
10,무서운 건 잘 모르겠는데 슬프고 좋았다. 마지막장면이 감동적이었다.ㅠ
10,한국적인 모티브도 좋고 마지막 반전까지 훌륭한 공포스릴러
10,계모에게 괴롭힘 당하는 신데렐라가 생각난다..
10,여운도 최고 감동도 최고... 디지팩 못산게 너무 아쉬운.
10,"다시 봐도 새롭고 볼 때마다 놓친 부분이 다시 보이고,"
10,한국공포영화 중 가장 괜찮았음.
10,잊을수가 없는 영화
10,"스토리,영상,음악 다좋았다.."
10,공포영화의 선입견을 바꾼영화
10,영화 참 잘만든거 같다
10,(작품성을떠나서) 개인적으로 소장하고 싶은 영화이기에 별 다섯
10,국내의 dark side 영화중에선 손에 꼽힐정도의 퀄리티. 대박 그 자체
10,공포는 약간부족했을지도 모르지만 신비로움에 압도당하기까지 한다.
8,적당히 무섭고 적당히 교훈적인 영화
10,단순히 공포에만 초점을 맞추는게 아니라서 좋았다. 좀 많이 생각해야되는 영화
8,제목 참 잘지었다. 아름다운 화면과 음악의 슬픈 공포영화.
7,기대보단 덜 했지만 그래도 괜찮았다.
7,8.5는 너무 높다. 곳곳에 불친절함이 너무 많아.
10,내 공포영화 베스트에 꼽히는 수작!
10,"친숙한 제목에 눈길을 끄는 포스터, 볼때마다 새로운걸 발견하게 되는 흡입력."
7,"익숙한 설정이지만, 2번 보고 싶게 만드는 이 매력이란."
7,다른 단점은 마지막 반전이 어느정도 커버가 가능.
8,익숙한 소재에 색다른 공포 그리고 재미
7,캐스팅도좋고 분위기도 잘 살렸는데 그냥 좀 아쉽다-_-
7,진짜 괜찮았어요
7,나름 괜찮았다.. 스릴 굿
8,흡입력은 좋으나.. 내용이 좀 조잡스럽다는~
10,수작입니다 굳~!
10,공포치곤 분위기도 괜찮고 여운이남는..
10,사랑받지 못한 아픔과 슬픔...
9,한국 공포영화 치곤 꽤.
10,쵝.오
10,이 영화를 본지 벌써 5년이나 흘렀다는게 더 무섭다
10,내가 원하던 공포영화.
9,"오늘 봤는데, 수작이네요!"
10,처음엔 이게 뭔가했는데 5년이지난 지금에서야 심리학적이해-_-;;굿!
10,무섭고 슬픈영화 다보고 난 울었다...;
10,이런게 바로 진짜 공포~~~~~~
10,좋은영화
9,공포는 없으나 여운은 있다.
9,살짝 시시했지만 생각보다 훌륭한영화
4,생각보단 별루
10,상당히 디테일한 영화이다. 감상후 가슴이 상당히 매이는 영화
10,지금까지 본 영화중 가장 여운이 강하게 남는 영화
9,공포영화라기보단 반전영화라고보면 괜찮은영화
10,돌이킬수없는걸음
10,대박무서운영화
6,재밋게봤지만; 12세 공포영화답게 별로 압박감이없고 -ㅅ-
9,크.. 정말 캐스팅 하나는 죽여줬던 영화.. 대박임 정말.
10,무서워요~
10,최고였지^_^ 10점
9,"처음볼땐 공포물로, 나중엔 비극물로 받아들이게된 영화"
10,이작품 이야말로 진정한 공포... 여운이 정말 강하다.... 직접보면 안다
7,극장서 봤었는데 영 별로 던데;;
9,염정아의 재발견!! 정말 잘 만든 공포영화...
10,공포영화는 재미없다는 내 편견을 버리게 해준 영화
8,공포라. 보이는것만이 공포는 아니죠.
10,영상하며..내용하며..연기력하며...굿
10,수작이라 불릴만함
10,엔딩크레딧까지도 가슴깊이 여운이 남았던 영화.
9,한국 공포의 커다란 획을 그은 작품.미술과 음악까지.김지운 만세~
7,좀 무서웠지만 내용이 난해했다.
8,"전체적인 분위기도 괜찮고, 반전도 괜찮았다."
10,음악 좀 짱인듯.
10,"내가 본 영화중 최고였던,.,"
10,공포감..그리고 여운
8,임수정의 연기에 UP !
10,꽤나 무서웠도 재미있었디/
10,가장 좋아하는 한국 영화. 굳이 공포영화로 분류하고 싶진 않다. 최고~!
10,훌륭하고 좋은 영화 임에는 틀림없다 하지만 다들 꿈보다 해몽인것만 같아서 아쉽다.
8,몇번을 봐도 한국 공포영화에 한 획을 그은 명작이었다는 생각...
7,어릴때 이영화를봐버린게 안타깝다. 다만 공포를줘야한다는 강박관념만 없앴다면..
10,공포영화가 예술이다. 그런데 임수정의 팬이라면 영화가 무섭지 않다
9,"2003년도에 보고, 지금 다시 봤는데... 당시 영화치고 잘 만든 공포물"
9,공포라는 건 이런거다. 다만 팬심이 너무 강하다거나 하면 안 무서움.
8,한국 공포영화의 최고 흥행작!!
6,영화 스탈이 살아있다. 분위기 있는 공포영화~하지만 그닥 공포스럽지 않았다는거~
7,"어릴 적엔 실망이었다, 그래서 다시 보고 싶다"
10,"한국 최고의 공포영환데,,"
8,2003년 나온 공포영화중 단연 최고
3,너무 설치던데 배우들이; 막 울면서 질질짜고 정신없음; 별로
10,"너무 아름다운 영상이 눈길을 끌었습니다, 절제된듯한공포.슬픔. 잊을수없습니다."
10,굿
10,내가본 최고의 영화 최고의 슬픔
6,임수정 문근영으로 5점먹고드갔다 분위기는 최고
10,피를 부르는 핏빛가족사. 그리고 무섭고 슬픈..또슬픈영화
9,이상한 느낌의 영화.... 한번쯤 볼만한
9,무섭도록 슬픈 영화
10,음악도 좋고 재밌어
9,아름답고 슬픈 공포
10,"잘봐라.,.내 10점은..영화에 나오는..소품,가구,풍경에 주는거다..내용은 4점"
7,머라빠노 ㅋㅋ 별로구만
6,원한보다 더 깊은 죄의식
7,good
8,예전에..이것본후로 밤에 공포영화 혼자못봄^^
10,이해못하면 쓰지마라. 한국감독중에서 이보다잘만들엇다고내세울작품이있는지?
10,소름끼치고 슬프면서도 한편으론 아름답다.
10,정말 매력있는 영화. 공포라는 느낌이 아닌 많은 생각을 하게 하는 영화
5,"그냥.. 5점짜리 영화..... 흠..우리나라 영화의 현실.,."
10,한국공포중최고
10,내가 처음 공포영화에 매력을 느끼게 해준 영화..ost도 넘좋아!
7,"어릴 적 봐서인지 강도부터 모든 것이 기대이하였다, 언젠가 다시 보기를"
8,임수정 문근영... 애뜻한 모습이 담긴... 영화..
10,평론가하고 관객은 항상 생각이 반대야?ㅡㅡ;; 무섭기보다는 슬픔
9,극장에서보다가 저절로 눈가린것만 여러번 ㅠㅠ
8,"영화관서 유일하게 본 공포영화인데,, 나름 괜찮았다, 무엇보다 임수정"
10,"수연아, 미안해. 언니가 못들었어."
6,"여보세요, 10점은 과해요."
10,한국영화중 손 꼽히는 명작 중 하나
10,아름답고도 슬픈 영화. 연기도 아주 굿.
8,한국 공포영화 중에는 완성도가 아주 높은 수작이다.
9,"색채,음악좋음,,이영화때문에공포반전아류작들많이나옴,,내생각,,"
10,생각날때마다가슴아픈이야기.처음에그렇게아름다운손금이그런뜻을내포하다니!
10,무섭다기보다 슬프고 아름다운 영상.
9,괜찮다..
10,음악에 매료되고 슬픈 스토리가 안타깝다 ㅠㅠ
10,일본에 사다코와 가야코가있다면 우리에겐 장화 홍련이있다..
10,공포영화중에 단연최고! 봐도또봐도 볼때마다 무서운영화
10,한국 영화중 가끔 나오는 괜찮은 영화중하나..공포라기보단 슬픈..
8,"음악이 넘 좋았고, 색이 이뻤었다. 슬펐다......(근영 언니 짱)"
10,아정말 ㅜㅜ 한국공포중에 최고~!!
10,최고
10,놀랍다.암울하고 슬프면서도 공포스러운 장면은 링이나 주온보다 훨씬 더 무서웠다.
10,"무섭지만,,슬프고 아름다운 이야기. 공포영화중에서는 top5안에 들 것 같다는."
8,내용이해가 잘..
7,"내러티브의 뒤틀림, 세심한 연출은 충분히 높이 평가받을 만하지.."
10,"공포영화도 필요없고 모든 영화중에 최고였다,,"
6,그냥...... 임수정 문근영은 괸찬은조합인듯
10,예전엔 재미없다는 사람들 엄청많았는데 난 아직도 이영화가 생각나 최고임
10,한국공포영화중 아직 최고인것같다
7,영화 내용은 좋은데 공포감이 좀 부족했다 하지만 배경음악이 참 좋았다
8,한국 공포 영화 중 Best 5 안에는 뽑힐것이다
10,good
10,가족들간에 정과 사랑이 넘쳐나는 쓰레기 영화
8,슬픈 공포영화
10,"공포 영화임에도 불구, 깜짝 쇼가 아닌 깊이 있는 탐구를 보여준 수작"
8,"화려하지만,깊이 없는 일본만화를 보는것 같다.하지만 괜찮은 영화라 생각함"
10,내가 본 한국공포영화 중 최고
10,배우 비주얼 영상 스토리 전부다 굿굿굿~
10,"음악과, 화면이 너무 아름다웠던... 색다른 공포영화를 본거 같다."
9,난이거 별로든데.. 아무튼 그럭저럭 볼만은했음
10,그림체도 너무 공포스럽고 국산공포중에 최고닷!!
9,공포영화로포장됐지만..아주섬세하고 감각적이고 슬프고 알흠다운영화!!
7,"한국정서.공포.믹스매치가잘안되었지만, 임수정의연기력이좋다"
10,한국공포영화중 탑이 아닐까..
10,무서움보다는 아름답고 슬펐다
10,"아름다웠던 영화, 공포와 동시에 슬픔을 느꼈다. 모든것이 만족이다."
10,영화에 대한 정보 암것도 없이 무작정 친구따라 극장갔다 놀랬던;
10,노래가너무아름답다 정말좋다
7,그래도 임수정의연기는 공포의절정!
10,아름다운 영상 음악 공포 흔치않은 스토리.
10,잘~~만들었다!!!
10,상처가 깊으면 공포가 된다
10,사운드..ㄷㄷ
7,두가지 모두를 손에 쥐기엔 조금 부족하다.
7,가장 중요한 공포는 부족하지만 미술과 연기 때문에 7점
6,싸이코를 포함한 여러 공포물의 짬뽕
9,필름2.0을 반대로 참고하고 봐야겠다..전혀 참고도 안되네
6,공포는 부족하지만 그 분위기와 반전은 괜찮았다
10,영화를 반전땜에 보나? 이런 분위기에서 오는 공포가 진짜 공포지
5,허술한 반전과 짜임새없는 이야기의 뒤엉킴
10,네이버 전문가는 전문가가 맞는거냐?? 다세포 평점봐라 -0-ㅉㅉ
10,알포인트와 더불어 최고의 공포영화
8,한국공포영화 치고는 잘만들었다
10,재밌게본 영화 ㅋ
10,처음엔 이해가 안됬지만 이해하고 급 감동 최고의 영화 ㅠㅠ
10,좋아
7,어릴때 이게머야 -- ; 하면서 본영화....
10,보길 잘했다 ㅇㅇㅇ
10,극장에서 보지 않았던자 이 영화에 대해 논하지 말라 극장에서 본것중 최고
9,나는 이런 공포영화가 좋다. 역시 김지운!
10,생각지도 못한 결말~ 특유의 공포분위기 완벽했다~
9,갠적으론 괜찮았다 싱크대ㅡㅡ; 스토리가 뻔하지 않을까 했지만 예상못한결말
7,김지운은 역시 스타일리쉬하다. 괜찮은 공포영화
4,오래전 이지만 기억에 남는건 음악뿐.. 공포영화란 타이틀이 어색하다.
9,사실 나는 아직 내용을 잘 모르겠지만ㅠㅠ 그래도 뭔가 세련된 영상이 좋았었던..
10,김지운만의 색을 느꼈다. 풋풋한 문근영과 임수정도 최고..
5,공포영화같진 않다.
9,지루했지만..비쥬얼이 아름답고 매혹적이다
10,한국공포의 수작...
4,이게 공포영화니? 임수정이랑 문근영때매 4점준다
9,무섭고 세련된 영화였다.
10,한국공포영화의 본좌.
10,한국공포영화중 최고  놀라운 반전
8,무섭진 않지만 세련된 영화였다!
10,"풋풋한 임수정,문근영의 모습을 다시 보고 싶다 +_+"
8,서정성과 공포를 겸비한 뛰어난 호러무비
9,난 이 영화에 나오는 특유한 분위기와 영상컷이 너무나 좋았다
10,진짜 괜찮게봤다 무섭기도하고
10,아름답고 슬프고 공포스러운 이야기.
10,정신병에 대한 재구성
10,"ost, 그리고 배우들의 연기"
10,괜찮은 영화 아니오????
10,"기담=장화홍련,,!! 최고다"
10,한국 공포영화중에서 최고라고 말할수있다...무섭고슬프고...계속되는 여운
10,군대에서 불침번서면서 봤다 졸 잼나더만 캬~
10,아직까지 한국에서 장화홍련 만한 공포영화가 안나오는거 같아 안타까울뿐
10,무서웠죠.. 엄청..
6,전 왠지 별로였어여
10,근영누님의 연기가 돋보엿고 신선한반전이 재밌엇다
9,"신선한충격, 단순한 공포물이 아니야 ."
10,국내 공포영화 중에서 가장 신선했다고 생각한다.
10,"세련된 색감과 미장센, 그리고 슬픔의 적절한 조화가 공포를 만들었다."
10,한국영화중 끝맺음을 잘해낸 몇 안되는 수작
10,귀신보다는 반전과 중간스토리 중요 !
7,너무 의도적인 귀신 안넣는게 더 좋았을텐데
5,창의적이라고 생각했겠지만 꽤나 지겨운 이야기더군...
8,염정아무서워하는표정짱이야진짜 ㅋㅋㅋ
6,공포영화는 모름지기 무서워야 한다.
10,내용을 이해하고 3번째 보는건데도 무섭더라
10,곱씹어 볼수록 좋구나...
10,빠져드는 이야기.
10,전문가 평점봐라..ㅉ시대를 너무 앞서간 영화..단순한 공포영화가 아니다
10,영상 음악 반전 한국공포영화중 최고
10,보고 나면 슬픈이야기.개봉할때보고 또봐도 볼만.ost도 기억에 남고
10,수미아빠랑 은주가 쥑일놈년이구만..
10,슬프다ㅠ
10,좋다
8,신선했다
8,반전이 있는 공포영화.괜찮네
10,"볼때마다 다른느낌, 역시 우리나라 공포영화중 가장 마음에드는 영화..."
10,비주얼乃
10,우리나라 공포영화로써는 최고이지 싶다. 볼수록 새로운 영화.ㅋ
8,국내 공포영화중에선 그래도 제법 괜찮고 좋았다 굿이다~!!!
10,"캐스팅, 내용, 영상미, OST 뭐 하나 빠질 것 없는 영화."
9,슬픔이라는 감정을 뒤돌아 전달할수 있는 그 힘
10,임수정땜에 10점준다
10,문근영 이때부터 좋아했지아마;;
10,처음으로본 공포영화
8,볼만
8,이젠 반전영화 식상하다..
10,죄의식에 미쳐버린 한 소녀가 후회의 나락으로 빠져들었을때.. 아름다운 수작
10,그냥 뭐...
9,세련된 영화
10,아직도 기억나는 영화
8,2007년작이라고해도모를영화
10,좋은 각본은 후륭히소화한 임수정을 배우로 각인시킨 영화.
10,최고다.
10,개봉한지 4년 OST와 영상미는 평생 잊을수없을듯
8,미장센과 아름다운 영상.박진감 넘치는 스타일리쉬 연출. 다소 어려운 각본.
10,너무 슬펐던 공포영화.
9,한국최고의 스릴러 영화!!최고의 반전!! 조금더 쉽게 전달했으면..
9,처음볼땐몰랐는데.두번세번보고더무서워짐.헉;;
9,"미장센이 돋보인 영화. 한국공포영화는 장화,홍련이랑 알포인트만 믿고 가자"
10,너무 예뻤던 공포영화.. 마지막 씬이 정말 마음아팠다.
10,"한국공포영화의 유일한 걸작 ..이야기,연출,음악 연기..."
10,"자매의 비극, 그 비극의 진실을 볼 수 있다."
10,진정한 공포 영화를 알고 싶으면 장화홍련을 권하고 싶다
10,역대 한국 영화 Best 10안에 들법한 영화!!
9,공포하면 생각나는 한국 영화
7,"내가 본 ""한국""공포영화중 최고다."
8,시청각이 즐거운 공포
10,근 OO안에 본 공포영화중 정말최고 중국일본헐리우드 통털어서
8,그 독특한 색감과 음악이 기억에 남는~
2,"임수정, 문근영때문에 평점이 높은건가.. 귀신들 생긴 것만 무섭더라.."
10,마지막 임수정 걸어나올때 나오는 돌이킬 수 없는 걸음
10,무섭고 슬픈 걸작
10,아주 깜딱 깜딱 놀래믄서 식은땀 뺀영화....마지막 반전도 나쁘진않다
10,필름.왜 저랴..공포영화중 단연 으뜸인데..
10,"밤에 혼자봐서 무서웠음, 그리고 슬펐음.."
10,"음악, 화면, 등등. 좋앗고;ㅁ; 슬펐다 ㅜ_ㅜ"
10,한국공포영화중에선 수작
10,오우...전문가 평점 쉣이네..최고였는데
4,상당히 지루해서 못본영화
7,"특이한 영화네, 음악과 편집의 구성이 .."
6,잘 만들었네
10,정말 잘 만든 영화......약간 엉성한 부분도 있지만 특유의 분위기는 정말 압권
10,우리나라 영화중에서 제일 재밌는거
8,문근영 이때가 훨 이뿌다ㅜㅜ
10,"품위있는 공포영화, 새벽귀신은 엄청 무서웠엉ㅠ"
10,내생에 최고의 반전영화
10,보고또보고또보고또보고또볼때마다 색다른영화
8,잘 만든 공포 스릴러 영화~ 무섭지는 않지만... 분위기는 좋다
10,공포영화중에서 가장 재미있었던영화
2,개봉당시 친구한테 내가 추천해서 같이 봤다. 다보고 나오서 내가 술쐈다.
10,영화비쥬얼이 뛰어나고 색감이 너무이뻤던영화 마지막반전도 볼만했다
10,여지껏 본 한국공포영화중 가장 생각을 많이하고 만든 영화같다..
8,색채 좋고.스토리 좋고. 하지만 공포쪽으로 너무 밋밋.
10,참나..이거 평점 왤케 낮지?? 이 영화 꼭 두번봐야하는 영환데..
10,내용을 알고보길. 의도는 19세였지만 12세로 등급바뀌면서 많이 짤렸음
10,"별로 안무섭고, 내용은 어렵지만 임수정땜에 10점>ㅅ<乃"
10,인생 최고의 공포영화!
9,"아름다운 자매의 슬프고 잔잔한 공포.. 임수정, 문근영, 염정화의 발견!"
10,이런영화 또나올려면 힘들겠지...
10,최고다~~!!
8,공포영화중 가장 슬픈 영화였다
10,완성도 연기 영상 최고
10,정말 한국 공포영화중 젤 괜찮은 영화
8,한국공포영화중에 가장 좋았다.
10,"연극적 요소 정신 내면을 공포물에 접목, 완성도 높은 걸작"
5,도대체가 뭔내용인지 모르겠는 영화이다...
10,강추
10,"재미는 있었지만 무슨 내용인지,,,"
10,너무 슬프면서도 너무 무서운 영화다...
10,감성적이고 차분해서좋다 굿굿!
4,밤에혼자봐도 지루함만....비추...
7,한국영화로서는 좋지만 산만하고 공포감이 덜하다.
3,이것도 영화라고....
8,개인적으로 한국 영화중 가장 괜찮은 공포물이었다.
10,ost가 조어..ㅋㅋ
10,괜찮은 영화.ost에 매력에 빠짐....
8,숨겨진뜻을...찾아라.....
9,"음악,영상만으로도 점쳐진 드문 한국 공포영화 수작"
7,공포물이였나.. 뭐였지. 그런것 같기도 하고 아닌것 같기도 하고
10,보고난뒤.가만생각해보니.굉장히소름끼치는.
8,"공포영화는 별로 싫어하지만, 이런 반전영화 좋다..!"
10,ost 부터가 맘에 드는 영화. 그저 무서운 것을 찾는다면...OTL
10,숨겨진 뜻을 파악하면 진정한 공포가 된다.
9,내가 이래서 김지운 영화들을 좋아한다...
7,아릿까릿 이리저리.. 흠흠.. 공포물이군
10,슬픔.한국공포영화는 공포보다 새드.OST가 맘에 듦.이병우팬
7,소름끼친다
9,소름끼치게 아름답고 슬프기 그지없는.
2,"호환 마마보다 무서운 장마, 홍역.."
10,무섭기보단 슬픈 영화
10,괜찮다
8,"괜찮은 영화,ㅎ 무섭지는 않다."
7,미국 공포보다 우리나라꺼보면 그저그렇다
7,임수정 너무 좋아~ㅎㅎ
10,눈물나는 공포영화. 이병우감독 진짜 배경음악 잘만든다
9,반전
10,정말 한국공포영화중 최고입니다. 무섭다기보다 슬퍼요..ㅠㅠ
10,재밌다! 한국공포중 최고닷
8,제대로된 공포영화.
10,영화가 너무 슬퍼서 눈물이 납디다...
10,마지막에 장면 음악이 너무 비극적이다..
9,괜찮은 영화
10,오 재밋군요
10,무서운거 못보는데 수정 누나땜에 참고 다본 영홥니다
10,난 무서웠다
10,추리하는것처럼 쏠쏠한 재미.......정말잘봣어요
9,종군
5,공포라기보단 계속 답답하기만 하다....
9,한국공포의 걸작!! 내 가슴에 여운을 남기는구나~~
7,좋아 좋아.
8,봉건적 설화구조의 흥미로운 변주
7,good
10,ooooooo
9,소름돋았던몇안되는영화.마지막노래가잊혀지지않는다.
10,반전 괜찮았어 한국영화 잘만드는구나 10점꾹
10,한없이 슬프고 외로운 영화라고나 할까?
10,"좋아하는 영화 중 하나. 사운드, 배우, 스토리 다 좋았다."
10,정말 잘만든 영화  한번 보고끝이 아닌영화...
9,수작중 하나죠
9,임수정이 돌아서는 마지막장면이 음악과 어울리네
10,영화의 작품성도 좋고 내용의 심오함이 뭔가 돋보이는 영화
8,어색한 공포영화..그래도 근영이와 수정이 땜시..
7,이해가 처음에 딱 갓어야 햇는데;;
9,공포영화라는것보다 그냥 한편의 심리소설을 읽은느낌
10,아름답고 . 슬프고 . 임수정의 연기절정을볼수있는영화 .
6,알포인트보다 못만든 영화
9,괜찮은 영화
8,예술영화.
10,"이거 때문에 영화에 관심이 생겼고, 꿈이 생겼다."
9,한없이 슬프면서 외로운 공포영화
9,무식하면재미없을영화..다양한해석이필요한색다르고충격적인영화
9,진짜 공포스럽다...
10,"최고의 여운, 색다른 슬픔. 한방 믿는 반전 영화보다 하이클래스"
10,여자들의 연기력에 감탄을. 히스테릭한 분위기 좋고 ㅡ
9,"알수록,볼수록 스토리가 우러난다"
3,어디에서 재미를 느껴야 할지 모르겠다.
10,"장르가..공포,스릴러라기보다는..굉장히 슬픈 영화.,."
6,기대이하
8,깜짝 놀라는 재미
10,볼만해
9,별루 안무섭지만 잼있다.임수정과 문근영땜에 9점
10,공포영화 중 최고다!!!
10,제일좋아하는영화
9,Good
10,이때는 임수정을 잘몰랐는데 ㅋ그래도..
10,"영화가 끝난 후, 공포는 가시고 애잔함만 남았다..."
9,정말이지 슬프지만 재밌는 그런 잘 된 영화이다. ^^
10,"할말이없을정도 대체이런영화 언제나올련지,,ㅡ.ㅡ"
10,김지운감독님 팬될거같네;;
10,울 나라 호러영화의 발전을 위해
10,염정아 장난없다. 배우로서의 포스는 이미 절정단계!!
10,최고다.
10,최고의 한국 공포영화..
10,good
7,정말 많이 무섭고... 예쁘고..
10,아름답고 슬픈 영화
10,마지막 장면이 가슴을 아리게 하는 영화.
10,"무섭다, 그리고 슬프다"
10,"슬픈느낌이 아리는 고급스런,젤 좋아하는 한국공포영화."
8,재밌었다.괜찮은 공포영화.
10,슬프고 아름다운.. 몇번이나 봐도 질리지 않는다
10,가족 간의 벽이 만든 너무 아린 슬픈 공포.
7,으음 7점 딱
10,내가본 한국 공포영화중 단연최고~ 반전 각본 배우 다 좋다!!
10,"계속봐도 재밌다.. 장마,,홍단.. ㅋㅋ"
10,좋은 영화~
8,공포영화란 귀신등장이 아니고 깜짝깜짝 놀라는 것의 묘미이다.
7,잼있다고들하지만과연이어려운스토리를다파악하고하는말일까?
10,귀신이 나와야 꼭 무서운것만은 아니다
9,피아노 음악도 좋았고... 재미있었다!
10,공포영화에서최고다
9,재미있다...ㅋㅋㅋ
10,저 이거 고2떄 친구들이랑 본게 생각 나네요 쵝오!
10,무섭고 놀랍고 슬픈 영화 덧붙여 배우들의 연기가 수준급
10,"좋은영화, 허나 어린애들이나 이해력부족한사람에겐...어려운"
10,공포영화 본것중 제일나았다.. 반전최고 ㅋㅋ
10,무섭고 재미나고
10,우리나라 최고의 공포영화!
10,귀신이 아니라도 심정적인 공감으로 매우 슬펐던 영화
7,"한 번 보고, 리뷰 보고 또 보는 재미가 있다는..."
10,밑에 just12   / 니가 감독이냐?
6,산만하고 스토리 라인 짜임새가 부족하다.. 한국영화의 한계
9,볼만함
7,03/결말좋았음
8,김지운감독은 숨겨놓는 의도가 너무 많아서 코멘터리 필수
7,처음 봤을때보다 재감상때 더 재밌게 볼수있는 영화
8,무섭진않았다. 음악과 여러 소품들이 제일 기억에 남는다
10,주제와 스토리모두 완벽하다. 정말 공포영화중 가장 좋았다.
10,한국 영화중 최고라고 생각한다.
8,역시 김지운은 스타일. 더불어 새로운 공포로의 접근까지.
10,보고난후 가슴에 남아 지우기 너무 힘들었다
9,오~ 놀랍네.
10,슬프고 아름다운 영화...
9,잘 만든 것 같다.
10,색감이 너무 이쁜영화. 배우들도 좋코.
10,족히5번은본영화볼
10,공포가 뭔지 알아? 귀신은 아냐. 자신이 두려워하는 것이 공포야
10,슬프다 무섭다
10,반전 최고다 반전을 비밀로해준 친척언니에게 감사
6,싱크대밑에..그게젤무서웟어.재미는없어
10,"보면 볼수록 숨겨진 내용이 많고, 슬퍼지는 영화.."
9,나를 울게한 공포영화
2,-_무서운분위기눈 조앗스나 왠지 그저그랫다
10,또다른 상상 또다른 반전 볼때마다 다르게 보이네
10,진짜 무서워서 몇일 잠못잤던 영화
10,한국영화중 가장 아름다운 화면. 공포는 아니고 비극소녀영화.
10,시각적이고 감각적인 슬픈공포
10,공포영화라기보다는 슬픈영화
10,정말 잘만든 공포 영화 한번 보기만 해서는 이해하기가..
9,사실 처음볼땐 지루했지만..이건 대박. 임수정 너무 이쁘다.
10,미필적고의의 아름다움
10,"영상,음악,내용 다 괜찮은 작품.."
8,잘만들었다
10,임수정의 연기에 감탄..
9,낭만적 음악에 서정적 풍경. 그리고 여배우 임수정이 아름답다.
10,내가 본 최고 영화중 하나. 단 보고나면 한동안 우울해짐.
5,이 영화는 좋은 영화가 아닙니다. 같잖은 시나리오네요.
10,어려운 영화는 좋다. 다시보는 재미가 쏠쏠하니까
7,"OST 와 배우들은 좋았는데, 솔직히 전혀 안 무서웠음"
9,언제나 공포영화는 슬프다..
10,네티즌 리뷰보고 거의 다 이해했다... 최고다
10,또 봐야지~
9,무서움 보다 안타까움과 슬픔 때문에 후유증 심각한 영화
9,무서워서 짜증나는 영화 - -;
10,"넘 좋아. 꽉 짜인 시나리오, 아름다운 미술, 멋진 음악,"
10,이 정도면 괜찮아
7,"어려운영화래서 별로-_-, 무서움만 보고싶다면 보세요"
8,바로크한 공포
10,"혼자 봤는데,, 으시시 하더라,, 공포영화중엔 최고다!!"
10,이 영화 ost는 정말 잘 만들어 진것 같다. 내용도 굳!!
10,세트장 너무 이쁘고 한국 공포중에서는 최고다
8,수준높은 한국공포영화
6,긴장되는 영화.
9,뇌리에서 지워지질 않아 .. 마지막 수미모습.. 슬펐다.
10,무엇보다더배우들의연기와미술도좋았어요^^*
10,한국 공포물중 최고다
8,무섭긴 한데 내용 이해하기 어려웠음
10,진짜좋았다 최고의 공포영화
8,무서웠어요....
7,여성분들이 더 좋아한듯
10,비록 오래 되었지만 이것이야말로 진정한 한국 공포 영화.
10,문근영의 눈망울이 참 기억에 남았던..
9,"두고두고맛봐도좋을.상징과은유,논리라기보다는꿈같은영화."
7,고전을 소재로 한 그럴싸한 공포 영화
10,한국 무서운 영화들 중엔 으뜸.
5,그저 그렇다.
10,싱크대밑 OO때마다 떠오르는 귀신 ㅋㅋ
7,폰같은 억지공포보다 훨씬 낫다..
8,무섭지는 않았지만 괜찮은 스토리였다
10,아직도생생한...
10,배경음악이~계속 생각이 난다...
10,슬픈반전...ㅠㅡ
8,생각외로 섬찟했다
4,"대부분...""뭔내용이야?""내용이 좋다지만 파악이 잘안됨"
9,스토리영상미등등우리나라공포영화가많이발전했다는걸알려준영화
8,영화배경과 반전과 스토리 정말 괜찮다!
7,영화 내용 자체는 좀 밋밋했지만..OST 하나는 정말 들어줄만하다
10,진짜 눈물나는 영화 乃
10,이거 재미있음
8,무서움보다 더한 아름다움과 슬픔...
6,문근영 짱 !  //
9,"뻔했지만그래도영상,세트,OST최고, 지금까지도여운."
10,아...반전이라면 반전?...소름 돋는다...마지막 반주도 최고
7,안무서워 별로
9,돌이킬 수 없는 걸음... 마음 아팠다.
10,"영상,ost, 소품 다 예뻤다"
8,식스센스보다 일찍 나왔으면 어땠을까?
10,"수정누나와 근영누나 이쁘게 나오고, 연기 잘해서...."
9,괜찮음~
7,좀 무섭게 봤다~이때 근영이 넘 귀엽다~아기같아
7,무섭기보다는 슬프다. 엔딩음악까지.. 여운이 많이 남음
8,수정이누나와 근영이가 너무 이뿌게나와.ㅎㅎ배경굿~
8,아직도 엔딩장면이 잊혀지지 않는다. 여운이 깊게 남는다.
6,결말을 대충 알고 봐서 그런지..별로..
8,한국영화 공포영화중 베스트!!! 스토리 연기 영상 모두 짱!
7,한국 공포영화 치고는..
9,우리나라 영화 정말 많이 발전했구나..생각 든 영화
6,결말이.... 미적지근
8,무서운거보다 스토리가탄탄하고 끝까지봐야 이해돼는내용
10,스토리부터 배우 음악이 모두 좋은영화
10,역시 공포영화는 한국...영화관에서 OO뻔했다 무서워서
10,아름다운 공포영화..지금껏 본 한국호러영화중 최고~!!
10,굉장히 인상깊게 본 영화.. 개성있고 스토리가 좋았던 작품
10,내가 본 공포 영화 중 최고의 영화. 아직도 그 여운이 남아있다.
9,슬픈 공포영화. 반전도 깔끔했다.
8,나름반전
10,강추 예쁜색감과 마지막 반전에 좋다
6,슬프다. 하지만 공포는 없다.
8,어린 문근영을 볼수 있는 좋은 기회
10,공포영화이기 이전에 제대로된 영화.
2,흉내는 잘했군하
10,잼있다 추천!
10,끝에 들어나는 엄청나게 슬픈 진실이 쪼아!
10,한국공포영화의 본좌다
10,고등학교 때 다 보고 슬펐다는..
6,근영이랑 수정이가 만든 영화.
10,재밌었는데..마지막에 이해가안되었지만..
10,임수정의 연기가압박영화가 끝날때까지긴장을늦출수없는영화
10,영화의진정한의미를모르고 단순한 반전영화라고생각해선안된다
10,"평균 8점이라는게말이안된다,계속해서다르게해설하게해주는영화"
8,괜찮았던영화....
10,"이해하지 못한 분들, 영화를 모르는 분들 평점주지 마세요~"
10,영상미와 음악
10,평균 8점대가 말이 됩니까? 한국 공포영화의 최고봉께서.
10,"이건, 보기드문 수작이다."
9,"음악, 색감, 연기"
9,"극찬할만한 프로덕션디자인,섬세한연출력과 페이소스."
10,진짜진짜 다시봐도 너무 흥미진진!
10,정말 가슴에 남는 공포영화였다
8,색감이 가장 기억에 남는다
9,비주얼이 좋다 돌일킬 수 없는 걸음~
8,보고 또 봐도 재미있습니다.
10,우리나라에 이런영화가 있었다니 !
8,싱크대아래서 확 나올때..미친듯이 소리질렀다.ㅠㅠ
9,공포영화는남는게없다고생각했는데 이건아니다 -
8,이해가 잘안가서 아쉬웠지만 뜻을 알게된후 감명깊게 본영화^^
10,한국공포영화의 최고봉!!
5,다른 부분은 문제 없지만 내용이 전혀 이해되지 않는 영화
9,2003년에 보고 다시보면 더 굿!!
9,"음악과 영화 분위기, 임수정의 연기가 좋았다"
10,"한국공포영화가 맞나, 의심되었던...진짜 최고다"
8,볼만하던데
10,3번봐도 재밌다
7,내가 이해를 못해서 재미없었던 거였나.. 우선 7점
9,ost도 좋았고 반전도 좋았다. 슬프기도했고..
10,처음보고는 이해하기 힘든 고수준의 영화인것 같다.
8,무섭기도 했지만 반전이 ㅋㅋ
9,딱 3번 놀랐지만 아주 재밌었음. 가장 공포스런 건 새엄마.
9,난 왜 이 영화가  너무 슬픈 느낌일까...
9,반전도 좋고..긴장감도 좋았던.. 약간이해불가도 있지만
7,으음...난 별로 공감가지 않던데...
10,예술
10,화목한 가정의 소중함을 색다른 방식으로 일깨워준 훌륭한 영화.
8,공포분위기 상당히 괜찮았음. 덕분에 많은 장면을 못봤지만.
8,마지막에 좀 억지스러웠지만 . 완성도는 높은 작품
4,억지스럽고 지루하다
10,전문가평점쓰는넘들 전문가 맞나?
6,어이없다... 진짜 어이없을 뿐이다. 그이상도 그 이하도 아닌
10,돌이킬수없는걸음....그 회한과 슬픔의 전주곡..
8,여름밤 혼자 본 그래서 그런지 재밌었던~ 영화~
10,내가 본 공포 영화중 젤 멋지고 젤 무섭다
10,무섭기도 했지만 마지막이 날울린 영화... 되돌릴수 있다면...
10,너무 슬프고 좋았던 영화ㅠ ost도 너무 좋구
8,임수정이 이뿌다
8,한국공포영화의 재발견. 이야- 나를 놀래키다니..ㅋ
9,뻔한 스토리가 아쉽지만 다른건 다 좋다.
7,한물간 결말에 뽀대나는 영상미
10,마지막 반전이..오호~임수정의 연기 굿!!
10,너무 좋아
7,생각한것만큼은아님.
10,진짜 재미있다//
8,거짓말안하고 10번본영화 극장에서봤을때 정말 섬뜩했음
7,극장에서못봐서그런지별로안무섭고조금어렵더라.
9,다중인격은 슬슬 지겨운 소재. 그래도 만족. 무섭기보단 슬프다.
9,"조금 무섭고, 매우 아름답다."
10,공포와 슬픔이 더해져서 더 좋았다
10,이당시에는 꼭징그러워야만무섭다고생각했는데
10,최고!
5,배우들의 웃는 모습이 거의 없는 영화
10,정말 지금까지 본 영화중에서 반전이 정말 최고였던 영화! ^ - ^
10,정말 본 영화 중 최고였다.
9,가정 잔혹극..? 무서움보다 슬픔이 남음..
9,이게 헐리우드에서 제작 되었다면.........
10,너무나도 슬프고 애틋하면서도 아름다운 한국영화의 걸작
9,내가 감독이라면 평생 잘난척을 하면서 살것이다.
7,공포영화같은 느낌은 없다. 여운이 남는 심리극..
7,너무 설명이 많네요. 적당히 생략했으면 더 괜찮았을텐데..
8,웬지 여운이 남는듯한 공포영화. 여기 나오는 인물 다 최고.
10,예쁜 공포영화. 내가본 공포영화중 제일 좋았다.
8,귀신이 무서워 ㅠㅠ
8,무난한 영화. 색채감각 굿.
8,공포물에서 흥행을 쏘다..
8,염정아의 연기가 압권
10,마지막 음악이 압권~이병우는 역시 천재.
10,화면색상 선택이 좋은것같다 호러물답게 반전또한 굿 ~
10,괜찮은 반전..잔인한 화면..문근영 때문에 10점
9,"그래도 공포영화중엔 괜찮은듯,, 뭔가 소름이 돋는듯한~"
8,아름답고 애틋한 두려움. 부족한 2%는 끝마무리.
9,집안을맴도는감정의전염.한국공포중최고
8,링과 디아더스의 절묘한 결합
10,지금봐도 너무 무서워요ㅠㅜ
10,"수미의 연기,, 오싹했다! 한국 공포의 희망을 보여주었던 작품"
10,미칠껏같은 영화 음악까지 나를 사로잡네..
5,따시~전혀 무섭지가 않아!
8,산만했다. 음악과 미술은 좋았던
8,좋았다.
7,쌩뚱맞은 염정아의 연기가 흠.
10,음악 연기 미술 삼위일체가 딱맞아떨어진 영화.
10,"이 영화 스타일, 음악, 배우들에 홀릭됐었지.. 마지막장면ㅠ.ㅜ"
10,"음악,미술,스토리 ....모든것이 GOOD!!!"
10,다시봐도 좋은영화
10,"슬픈 공포물. 연기력, 스토리, 음악, 미술 모두 만족스럽다."
10,무서운 건 없었다 단지 너무도 슬플 뿐이였다
10,조아열~ㅋ
9,"짜임새,스타일,연기력,개성도 모두 갖춘 조금무서운공포영화"
10,나한텐 음악만 좋았던 영화.
10,돌이킬수 없는 걸음' 이음악 정말 재대로 슬프다.. 최고다.
7,뒤죽박죽..스토리가어떻게나아가는지모르겠다 ㅠㅠ
8,음.. 어이없는반전. 여자들이 더 좋아할만한 영화
10,"토씨하나빠뜨리면,흐름이끈킨다. 영상,음악예뻤다"
10,"슬픔과, 안타까움을 잘 나타내었다. 최고."
10,공포가 아름다울 수 있다는 것을 처음 알았다
10,한국공포영화중최고(밑에 전문가들은 뭐야)
7,"그럭저럭, 몇번 깜짝놀랠정도는 된다."
5,젠장
9,"공포에만 국한되지 않는, 멋진 영화.."
9,매력적인 화면과 슬픈 느낌이 조화를 이룬다
10,슬퍼염;ㅂ;
10,음.. 너무 애잔한 영화 호러에 국한되지 않는 장르
10,매우 미학적이고 심리적인 영화
8,섬뜻했다..섬세하게 잘만든 공포영화
10,사랑스러운 색감. 그리 짧은 대사로 모든 걸 표현해낸
10,색다른 영상/색다른 공포 강추입니다. 염정아의 재발견!!!
10,공포영화중에 나에게 유일하게 눈물을 준 영화
8,괜찮은 한국공포영화.염정화가 매우 섹시했다.
5,잘 모르겠는데...
9,요즘 공포영화의 교과서
7,그래도 감독 취향이 잘 녹아들었다.
7,다 좋은데 스토리구성만 제대로 했다면...
10,"봐도, 봐도 질리지 않는 영화."
7,"미술&촬영.배우들 연기는 좋은데,시나리오가 허약"
10,보기 힘든 부분이 몇 있었지만 베리 굿..
9,공포영화 치곤 꽤 재미있게 봤음.. 긴장감도 좋고..
9,역시 임수정!!
5,별로
10,새롭고 신선했다. 모두의 연기가 잘 어우러진것 같다.
7,그럭저럭...
10,여러번 볼수록 묘하게 더욱 슬픈 영화.
8,임수정의 연기가 돋보인 잘 만든 공포물...
9,"임수정 , 문근영 만으로도 !! 짜릿한 반전...... 무서웠다.."
7,그런대로 괜찮은 영화
7,"흠,,,,,,,,,그냥 그렀던데- _ -;"
10,반전이 정말 대단했어요~  더 보고 싶은데.. 시간이 없네..
10,한번보고 평점 올리지 마시길....
9,꽤 괜찮은 공포영화였어요. 훌륭한 반전.
8,우리나라에도 이런걸 만들수 있는 희망이 있다니...
7,반전이 좋았음 무섭지는 않지만.
10,우리나라 영화도 이런 반전이~
7,반전이좋았다.슬프고.
10,슬프고 무섭고 마지막 반전... 대박ㅋ
10,정말 최고의 영화
10,슬프고도 잔혹한 공포영화. 많이 고민해야 이해할 수 있는 영화
10,하하하.. 이게공포영화라고??? 착각도자유
10,무서운 영화보단 슬픈영화! 최고의 한국 영화 같음
10,숨어있는 암시적인 이야기.. ... 정말 슬픈 이야기..!
6,상황때문인지는 모르나 꼼꼼히 보면 반전이랄것은...
2,무슨 얘기 인지 모르겠다
8,재미는 별로지만 괜찮은영화
10,슬픈 영화...
7,"스타일리쉬하고 슬프고,, 공포영화는 아닌것같다..."
6,ㅡ_; 지루했지만 슬픈스토리였다
10,"슬프고, 무섭고, 아름답다."
10,슬프다..
9,억지스러운 상황들을 이렇게 강하게 밀고나갈 수 있는 김지운!
10,~
10,슬금슬금 나오는 귀신의 압박~ 고난이도 스릴러호러~ 완벽!!
8,미장센의 승리..
9,정말 깔끔하게 만든 한국공포영화라 생각함.이정도면굳
8,마음이 울고 있어.
10,"특이한 반전, 귀신보다는 섬세한 공포"
10,상실감이 잔잔한 여운처럼 배경에 깔려 있는 영화~
6,예고편이 더 무섭다.
10,공포 영화가 갖춰야 할게 다있음~! 강추~!!
10,볼 수록 가슴아픈 영화
10,제가 20번 이상 이영화를 봤는데 볼때마다 재미있어요
9,"영화적 연출이 스토리와 잘 맞게 전개,한국영화 볼륨업."
10,섬세하게 신경쓴 곳이 많이 보였다. 멋진영화.
10,반전 멋져요 시나리오도  잼잇엇구요
6,안 무서워... 무섭게 만들란 말이야...
10,최고의영화!!
8,내용은 참 괜찮다. 하지만 소리로 승부하는 공포는 영~
10,분위기가좋았다..근영 수정귀엽고;;
10,슬금슬금 나오는 귀신의 압박~ 고난이도 스릴러호러~ 완벽!!
10,가장 스토리가 탄탄한 공포
6,별로무섭지도 않고. 글쎄
10,이렇게 화면이 예쁜 공포영화는 첨봤다.
8,이혼이라는..수정이는 헛것만 보인게 아닌듯^^
10,심리적공포감을 준 영화 내가 임수정처지가 되면 공포스러울 것
10,복선들과 비주얼과 스토리가 잘 조화된 영화 공포감 또한 Good
10,진짜 미치도록 잘만든 영화
7,색의 스타일이 일품이다.. 하지만 너무 조잡한 결말..
10,진짜 무서운게 뭔지 알아?
2,색채미에 박수를
10,한국공포영화의 색다른시도.
8,무섭진 않았는데; 잼있었다.
10,김지운 당신이 만든 예술이라고 생각하오.
6,극중  긴장은 어디로 갔는가? 색다른 연출에 난 공감하지 못했다
10,나중에 내용을 안뒤에 더 슬퍼지는..
10,한국 공포영화 의 최고작. 한국쓰레기공포물과 비교 불가
9,세련된 한국식 이미지즘 공포.. 그런데.. 잔혹동화라..
9,정말 슬펐어요 ㅠㅠ
10,스토리도그렇고 구성.연출 전부마음에드는영화였습니다^^
7,색다름과 식상함이 공존하는 공포 영화.
6,반전까지 답답~한게...새로운 한국 공포 영화
7,다시 봐야겠다...
2,무섭긴 하지만 뒷 이야기가 무엇인지 모르는 영화
10,이뻐..정말
3,이 임수정 문근영빠들.
8,스타일에 신경 쓴 공포영화. 훌륭한 반전.
10,아름다운 공포영화
10,아 아름다워라
10,정말 멋졌다
3,시간 아깝다.
10,관람평이 왜이럴까?
9,비디오로 봐서 좀 아쉬웠다는 점만 빼고
9,정말 깔끔한 영화. 다만 임수정의 어설픈 연기력.
10,국내공포영화중에 가장 마음에 듬
7,세련된 영상. 인위적 순간. 그래서 더 무섭다.
8,왠지 고급스러운 공포영화.
8,근대왜일본풍?기와집은안되었을까?감독의완승 나는속았다
8,문근영이 좋았으므로 8점
10,연기 음악 미장센 스토리 잘 버무려진 영화 갑수형님 최고
10,마음이 너무 아파서 쉽게 잊혀지지 않는 영화
8,재미있다
8,동생에 대한 사랑과 죄책감이 만든 모든 것들..
6,탐탐치 못한 반전
5,하나도무섭지않은영화
10,혼자서 다시보기 두려운 영화
10,영상도 넘 예쁨. 슬픈 두자매 이야기. 한국 공포물중 최고다.
10,최고다...한국의 공포영화중에 최고의 대작인영화....
10,이영화진짜 매력있는영화. 반전도잘했고 무섭고내가좋아하는영화
9,"분홍신을보고,이영화가그립습니다,,아직까지한국공포중최고,수작"
9,"연기, 내용, 반전 최고다!!! 화면순간순간을 놓치지 말라!"
10,넘넘재밌삼 젤루좋아하는무비ㅋㅋ
9,색에 휩싸인.. 잘만든 공포영화..
10,"무섭기도 했지만 슬펐다,, 임수정의 연기 돋보였다"
3,어이없다-_- 영화관에서봤었는데-_-
7,이해안가는스토리구성매력있는영상
10,우리나라 공포영화중에 최고
6,그리 무섭지 않았는걸
10,슬펐다. .무섭게 아름다웠다. .아직도 눈물이 핑 돈다..
10,슬픈...공포
10,정말 잘만들엇다!!
10,전문가들.. 지네가 영화만드러봐라
8,꽤 무서웠다
9,진짜 우리나라 공포영화중에 제일 괜찮은것같다
8,"그렇게 재미없는건 아니고,"
8,한국 최고의 비주얼리스트가 되소서.
8,임수정과 염정아 연기 굿. 공포최강
10,수작...
10,우리나라 공포물중 제일 좋았음..
9,무서움보다는 슬픔이 남는 영화..배우들 연기 굿!
8,여성의 감성으로 만들어졌다면 좀 더 좋지 않았을까?
10,스토리가 솔직함
9,극장떄문인가 스토리가쬐꼼슬프네요 사운드굿
6,김갑수 염정아 임수정 문근영... 배우는 최곤데...
10,"슬프도록 아름다운 공포,, 굿~"
6,비슷한 설정의 영화들로 인해 다소...
9,굉장히 무서운 영상과 그럴듯한 반전
8,영상과 내용이 좋은 영화.
10,귀신이 무서운게 아니라....상황이 무섭다..
9,너무너무 슬펐다.마지막에 짠~했다.이거 공포영화?
10,수채화빛 풍경의 피로물든 사건.
10,가슴아픔... 공포보다 슬픔이 더 강한 뒷맛을 남겼다..
10,깜짝깜짝...오..ㅋㅋ한국영화공포영화중대빵!
10,오랜 시간이 되어도... 이토록 슬픈 여운이 남게 하는 영화..
8,깔끔하고 분위기가 사는 공포영화
7,잼있는 공포영화처럼 무섭고 반전도 깔끔하다
8,공포영화의미덕은공포지설명이아님.너무구구절절해서 마이너스
8,등골이 오싹하도록 슬픈영화.
9,예술적 감각이 돋보이는 영화.
9,크게 신경쓰지않았던 미술의 발전/감각이 돋보이는~
9,"많은 궁금증을 남겼지만...뭐, 그래도 잘 만든 듯.."
10,"벽지에 올인, 불안한 정서를 대변하는 시각효과"
8,이렇게 해석이 복잡한 공포영화는 처음!
9,내용도 좋고 연기도 좋고 아름다운 화면과 색감도 좋았다.
10,1-2점 준놈들 이해 못하지?
5,반전을 너무 쉽게 노출시키는. 그래도 한번은 봐줄만 했다.
2,완성도 높은 촬영과 미술이 졸렬한 각본을 구제할 수는 없다.
9,잘 채색된 시각효과와 서늘한 청각음으로 공포를 만든다.
10,우리나라 공포영화 중 제일 잘 만든 듯
6,나를 놀리는 거냐 ?
5,마지막을 이해할수없다
8,알고 봐야 그럴싸한 공포영화
10,"예쁜이들이 나와서 좋았다, 음악도 좋다!"
8,"세련된음악과색감,그리고대단한반전한국영화에선최고"
10,식스센스 만큼은 못하지만 나름대로 괜찮은 반전.
10,우리나라 공포물중 최고였음
10,색다른시도! 한국 공포물중에최고라고 해도 과언이아님!!
10,임수정씨 연기 환상~~!!^^
2,공포자체에 접근하기보다는 화려한 색감이나 연출에만 집착
10,나한텐 명작이었음...-_-
9,아름다운 색채감. 모자란듯 하지만 만족한 느낌
10,보면 볼수록 더 보게되는 영화
5,공포라는 장르가 무색하다
9,분위기와 반전은좋은데 공포라고 하기엔 어눌한..스릴러?
8,영화안에 뭔가 더 있을것같은 영화
5,깜짝 미스테리물. 공포는 어디가고 짜증만
10,전문가평점0 OO들한다 어케 장화홍련이 3점이냐? OO들
10,귀신보다는 반전을통한 공포가 더욱더 무섭다.
8,공포스럽다기보단 아름답다
6,마지막에 뭐였어 ㅜㅜ
10,죄의식이 죄책감이 얼마나 무서운지 보여주는 영화..
10,아름답고 무섭고 슬픈영화
8,무섭다...
9,무섭고 슬픈영화
9,염정아의 표독스러운 새엄마 연기가 예술!!
9,좋아하는.. 난해한... 슬픈 영화... 배우도 좋다.
10,"고품격 호러. 임수정, 염정아의 탁월한 연기가 돋보인다."
9,"처음엔 이해가 안가 짜증냈던; 나중에 이해하고는- 멋진영화,"
9,반전을 알고 다시보는 쏠쏠한 재미~_~
10,"별10개주고 갑니다.,"
9,"무섭다기 보단, 슬픈 영화라고 생각되요."
10,재미잉ㅅ어요!
10,무서벙~~~-_-;;
10,예쁘시네요.....
9,잘 만든 영화 (해설의 도움이 필요하긴 했지만...^^;)
7,좀 어렵다.
8,끝나면 여운이 남는영화
10,어쨋건 근영이땜에 10점!!!!!!!!!!!!
10,-_-b 유미주의의 극대화.
9,무서움 ㅠㅠ 임수정진짜이쁘구 ㅋ 암튼좋아요!
10,"ost도 좋고 영상미도 뛰어나고, 내용 전개도 복잡하고 정말 괜찮네요."
10,무섭기 보단 무척이나 슬픈영화이다.. 복선이나 암시 찾는 재미도 쏠쏠하다
10,슬프고 아름다운 영화....... 정말 아름답다......
10,좋은영화라고 생각한다.무섭고 슬프면서 아름다운 영화 절대무섭기만한영화아님
8,정말 아름답고 슬픈 영화. 공포영화라는 선입견은 버리고 볼 것.
10,"우리나라 최고의 호러물,반전은 세계최고라 칭해도 될만큼 놀랍다."
10,언제나 닭살돋는영화 우리나라의 최고의 작품 대중적이아닌 배우가 나와서좋다
9,처음에는 이야기 스토리가 이해가 잘 되지않았지만 지금은 알고 재미있게본다
7,2번 봤지만 잘 이해가 안간다. 감독판을 구해서 한번 더봐야겠다
8,지나친 가위질 원판을 보고 싶다.
6,어여쁜 미소녀 캐스팅의 승리
10,넘 이뻐요
10,슬픈이유는..잊혀지지않기때문에..
8,뭐가 슬프다는건지 모르겠네..미술상을 받을만한 영화긴해요
5,도대체 뭔 내용인지 모르겠다
10,내가본 가장슬픈공포영화다
10,또뽀꼬앂따
8,공포물도 더이상 무섭지만은 않다..
10,누가 뭐래도 넘 재미있고 슬프고 아름답게봤음!
5,보기 무난함
7,슬픈공포영화 같네요 ...주인공다 이쁘다 ㅋㅋ
10,하하.. 이 작품은 한국형 공포영화의 진화라고 생각되는데 특히 색깔의 미
9,"한국에도 작지만 대단한 영화가 있다. `장화,홍련`"
8,평론가라는 것들이 평론한거 반대로 생각하고 고르면 제대로된영화 볼수있음
8,"마지막에서 놀랐다,, =_="
10,시나리오 좋고 미쟝센 좋았음..한국 영화로서는 신선한 영화
10,어제 2번째로 본건데..역시나 좋은영화이군요..디렉터스컷이 나왔으면 하는
10,... 수정 누나가 너무 좋아요 ^^
10,Nice.......
10,마지막에 울게 만드는 영화
10,우리나라 영화중 그나마 젤 좋았던거같음
10,가족애와 자아상상속의세계의 조화..흥미로운 반전..흔치않은영화다
10,알포인트처럼 다각도 해석이 가능한 영화군여..
10,"한국 호러, 아니 영화의 걸작. 더 할말이 없다."
10,멈출수없는 긴장감....... 강력추천! 염정아의 연기도 추천한다
10,공포감은 없었지만 따뜻한 가족애를 느낄수 있는 영화 ^^ㅋ
10,이거 꽤 괜찮았던것같아요.
10,한국 공포영화를 새로운 시선으로 볼 수 있게 해주었다. 정말 멋진 영화
10,수정누나 너너무이뻐요
10,"아름다워서 슬픈, 그래서 무서운 웰메이드 공포영화"
10,처음에는 별거 없다고 생각했는데..생각하면 생각할수록 섬짓한공포영화
10,q보아
9,"대단했다, 한국 영화의 새로운 가능성을 보여준..."
10,good
10,"무섭고 슬프면서 아름다운 영화. 정말 장화,홍련을 보고 느낀 것이 많다."
10,한국영화에 이만한 반전은 정말 놀라웠다.
6,이해가안가기도하고 반전의묘미도별로
10,말이 필요없다! 최고다! 임수정의 연기력이 돋보인 최고의 영화!
9,염정아 딱이다. 여러가지가 괜찮은 돈 안아까웠던 영화...
10,"아름다움과 슬픔, 그리고 공포까지 표현하는 공포영화"
9,공포영화 안좋아하는데..뭔가 슬픈 영화...화면이 이쁨
10,섬세하고 깊다. 고통스러운데 아픔을 치유한다.
8,여고괴담이 더 낫다
8,슬픈 여운이 오랬도록 남는 영화... ㅜ.ㅜ 乃
10,"임수정, 문근영............너무 이쁘다"
9,음울하고 아름다운 배경속..복잡하고 기괴함
10,슬픈 공포영화
10,무섭다
10,문근영지존!
10,후유증이 무서워 볼 엄두를 못내는 영화. 생애 최고의 공포영화!!
9,디아더스나 다른 걸 배겼다고 해도 미국등지에서도 평가가 엄청 좋습니다.
10,무섭고 예쁘고 슬픈 영화(최고)
9,무섭 다기보다는..슬프네요..
9,"감각적이고, 생각하게 하는 영화. 여러번 볼 필요가 있다."
9,시각적으로 무서운 것만을 원한다면 이 영화를 보지 않은게 좋다.
1,역시 영상과 음향만 좋다고 해서 다 좋은영화는 아니다
10,공포영화다운장화홍련회이팅한국공포영화중강추
1,"반전이라,,멋진말이군여,,이영화엔어울리지않는듯,사운드만 굿~~~~gg"
10,반전을 멋지게 표현한 연기자 분들과 감독님에게 원츄!!
10,장화홍련만큼 끌리는 공포는 없다
10,"처음볼땐 최악의 영화 두번,세번보면서이해하고나면최고의 영화10점이상주고싶"
10,이거 진짜루 재밋어요!!  제가 무서운것 잘참는데 이거 짱이네요 ))B
10,"제목,연기,시나리오. 모든게 한국공포영화의 수준을 높였다!"
9,모두가 불쌍한 사람들
10,재미있어여 ~!!
10,"이거봣는데 씽크대밑에서 손나올때 무섭드라..-,.-"
7,독특한 시나리오와 화면구성은 멋졌다. 하지만
10,"한국공포영화중에선 최고.아름다운 배경,영상.무엇보다 아름다운건 두 자매."
7,문근영 임수정 다 좋아하지만 영화자체로써는 별 7개다
9,"소재를 잘 다뤄 신선하게 느낌.but 공포영화라기엔 부족한감이 있음,"
8,마지막이 조금 아쉽네요.
10,복선과 복선... 머리가 안좋으면 이 영화를 보지 말거라!
10,제가 본 영화중에 최고의 영화입니다!! 너무 감동적입니다
10,근영누나 나와서 좋음...ㅋㅋ
9,나에게 있어 `고급`에 속하는 공포영화
9,보이지 않는 공포..괜찮은 영화
10,깔끔한 스토리. 하지만 슬프고도 무서운 결말. 미쟝센굿!
5,공포영화로서는 낙제점. 스토리를 곱씹는 맛은 있다만..
9,한국전래동화를 이렇게무섭게하다니...그대신 앞에내용이랑 뒤에내용이 엇갈림
10,한국 공포영화 중 단연 으뜸. 제대로 이해했다면 더더욱.
1,영상에만 힘쓴 영화.비디오맨에게는 형편없는 작품.
10,재미있긴한데 슬픈 것 같아요...무섭다기 보다는..하여튼 정말 재밌었어요
9,무섭고도 슬픈영화 마지막은 헷갈렸지만...
10,명작
10,무슨말이 더 필요하니?
10,스토리도 연기력도....乃
10,슬픈영화..가슴이 싸해지는..평론가와 대중은 만나기 힘들걸까란 생각을..
10,너무나 깔끔한 영화. 세 여배우의 연기력에 박수를.
10,마지막엔 참 슬펐던 영화....
9,슬프다. 영상미가 뛰어나고 세련됐다.
7,무섭기 보단 슬픈영화.
1,반전만 안했더라도....
3,그냥 그러네요 ㅡㅡ 무섭다기 보다 ....
8,한국 공포 영화의 발전 재밌게 봤어요
8,솔직히 하나도 무섭지 않았는데;;
10,재미있었어
10,극장에서 안본게 한이 됩니다...재 상영을 요청합니다
3,배경은 아름답지만 보고나서 돈아까웠음. 소리로만 놀래키고 결말도 흔한허무
10,친구가 재미없단말에 안봤는데 극장에서 안본게 후회되는 작품
10,재밌다 음악도 좋다
10,작년에 한국에 없었는데 이렇게 좋은 영화를 극장에서 못본것이 아쉽다.
10,스토리나 영상 모두 괜찮은 흔치않은공포영화예요
10,강렬한 영상+ 아름다운 영상 = 무섭고도 슬픈 영화
10,무섭기도하지만 마지막은 진짜 슬푸다
10,"연기력,작품성이 돋보이는 한국최고의 공포영화"
1,하하   정말 무섭네요
10,조용한 시작으로 ..가슴아프게 봤던 공포영화
7,극장 스피커 좋은거 알게 된 영화
10,차라리 반전을 알고 봤을 때 더 무서운 영화
10,아릅답고 무서운 영화!!!!!
10,올드보이나 살인의 추억이상으로 잘만든 웰메이드영화
10,베리굿이네
9,아직도 안보셨어요? 에이~~ 보셨어야지..
9,괜찮은 영화
10,대단한영화
9,임수정이라는 배우를 각인시킨 영화인 것 같은..
4,확실히 반전의 충격은 생생했다 .
8,미술팀의 고생.
10,이제껏 봤던 공포물 중 가장 소장하고 싶게끔 만든 영화다
10,너무 무섭고 아름다운.. 여운이 남는 영화..
10,내용이 정말 풍부해서... story를 다른분들이 알기 힘들게 되어있습니
10,내용은없고 무섭기만하다고들었는데 반대였다 반전좋고~ 근데 김래원나뿐넘
10,말(?)이필요없겟죠 최고작입니다..설명필요없구 보시면 느끼실듯합니다 ^^
10,무섭지만.. 슬픈 영화..수연의 죽음에 대한 수미의 죄책감과 다중인격..
8,"김래원 나쁜놈이다. 엄마,언니,동생 다먹었다.(ing,어린신부,사말)"
9,탁월한 프로덕션 디자인과 아트디렉션.인간의 이중적 잣대의 의한 페이소스.
9,수준높은 연출력과 수준높은 작가의 만남
9,재밌게 봤다 왠지 모를 매력?
9,우리나라 공포영화를 한단계 끌어 올린영화..
10,멋있는영화
10,장화홍련 별로안무서버
10,문근영 짱!
10,한국의 호러를 다시쓴 수작
10,외면적으로 치중한 공포가 아닌 생각하며 볼 수 있었던 수작
10,보면볼수록빠지는..슬픈영화..가슴아프다..
9,한국영화 중 다섯 손가락에 드는 수작
10,너무 비극적인 결말이였어요...슬프고 감동적
8,한 장면을 보고도 마는 생각을 연상 할수 있는 영화!
10,깊이 생각해볼수록 재밌는 영화!!
10,좀 오삭했어ㅛ!!1
10,"마지막에, 정말 찡 했어요~생각외로 재미있었어요!"
10,"무서우세요? 전 슬프군요,,"
10,"염정아 넘 무서워ㅜ,ㅠ"
10,무서워써^^ 엄청ㄹ
9,"매우 세련된 색감! 소품,분위기,배우 모두모두 멋져요^^"
10,임수정 짱!
9,너무나도 혼란스러운...의문이 풀리지않는...그렇지만...생각해볼만한
10,라스트씬이 미치도록 슬펐습니다..
10,정신 바짝 차리고 집중해서 봐야.. 반전의 충격이 제대로 들어온다..
10,내가 봤던 공포물중 제일 무서웠던 영화...
9,반전 하나 믿고 너무 스토리가 없는 건 아닌지..
10,전래동화와 공포를 접목시킨 자체가 흥미롭고 흥미진진하다.
10,"문근영 너무 귀여워요 영화 무섭고요, %%"
10,흑 이 영화 너무 슬퍼요...
9,슬프고아름답고무서운영화..
10,정말슬픈영화인것같아요ㅠㅠ;;
9,반전이 멋진 카리스마 임수정의 영화
5,아름다운 화면이 좋다.. 동생을 지키지 못한 언니의 허상이 넘 맘 아프다
10,재밌다..
7,흥행을 위한 감독의 행동들이 너무나도 실망스러워서
7,공포스러운 분위기속에서도 슬픔이.. 배우들의 연기도 인상깊었다.
10,재미 있는데..
10,내용이너무재밌어요^- ^;
10,너무너무 재밌어요 ^_^
10,"너무너무 재미있었어요,,^ㅡ^"
10,너무재미있었어요 임수정짱!!
5,감독...너무 외화를 많이 봤어요!!! 그리고는 어설픈 흉내내기...
8,"공포 영화로서 재미있는데..단,,쫌 이해하기가 어렵네요...ㅋ.."
8,라스트 씬 정말 압권이었습니다.. 잔잔한 영화..
10,"수연이가 너무 불쌍하네요,그래도 수미는 동생 죽는것 직감으로 알았나봐요"
10,2003년 클래식과 더불어저만의 최고에영화..너무 슬픈이야기
10,"인적이 드문 시골, 이름 모를 들꽃들이 소담하게 피어 있는 신작로 끝에"
10,재밌음^^그런데 여자애가 잠옷만입고 다니네.
10,"공포영화가 다 무서워야 하는것은 아니잖아요 ,"
6,보고서도 잘 모르겠던..그 영화!! 다시보면 쏠쏠한 재미도...
10,정말 재미있게 봤습니다.. 다시 한번 봐야겠습니다.
2,=ㅁ=;; 무섭게 연출한거랑 화면은 좋았는데 내용이 좀 부실한거 같다;;
10,안무섭다고 하신 분들! 아마 TV가 작아서 그럴꺼에요 영화관에선 정말.
10,..
1,"자고 가는데,... 제 친척의 친척들이 집에 와가지구.. --"
1,ㅡ.ㅡ 별로 안 무섭다 디게 무섭다디만..
10,장화홍련오늘해서 넘무섭고염 빨리보면 좋겠고염 넘재밌었어요
10,슬픔과 무서움을 동시에 느낀영화 게다가 임수정과 문근영 이뻐서두번죽임
8,잘만든 영화... 슬픔과 아름다움이 공존하는 공포영화...
8,정말 잘 만든 영화...
5,아름다운 호러영화...다중인격의 분열로 인한 한 가족의 슬픔과 공포
10,잇힝~
10,"한국영화 최고의 사운드와 독특한 앵글, 새로운 스토리.. 추천!"
10,슬픈 영화 ㅠ 수미 불쌍해 ㅠ
10,보고난후에 또보고 싶어지는 영화라 생각해요..
10,정말 가슴이 찡하고 슬픈 공포영화 임.....추천!
10,정말 아름다운 공포영화. 다시 보고 싶다.
10,한번도보지않았는데.재밌을거같다.
10,짱입니다!작품성!연기력! 모든게 완벽 ~~
10,이보다 더 반전은 없다. 한 번 더 뒤튼 반전..goood!
10,스토리를 이해하고 나서 명작이라고 느낌. 공포보다는 드라마에 가까움.
9,감독님이 누구인지 궁금하게 만들었던 영화
6,각본이 좀 더 치밀했으면 하는 아쉬움이 남는다.
10,120분 내내 숨조리며 봤던영화..공포가 이렇게 가슴아프고 슬플줄이야
10,보고싶다
10,"완벽한 연기와 사운드,김지운의 연출 그리고 공포!!!  이상입니다"
10,수미나 수연이의 극중 성씨가 뭐죠? 김씨? 이씨? 문씨? 정씨?
10,임수정님 연기 최고다!
10,끝까지 생각에 생각을 하게 하는 영화
10,재미재미
10,꽤 괸찮은 스릴러
10,슬픈영화입니다..
7,고전의  현대적 감각의  반전 한국판(유주얼 서스펙트)
5,tlsdlsclrh dusrlrk tnwnsdltkddldjTtmqsle
10,ㄹㄹㄹㄹㄹㄹㄹㄹㄹㄹㄹㄹㄹㄹㄹㄹㄹㄹㄹㄹㄹㄹㄹㄹㄹㄹㄹㄹㄹㄹㄹㄹㄹㄹㄹ
9,그녀의 시끄러운 웃음소리와 그녀의 공포가 함께 한 영화
10,배우들의 각 개성에 맞는 어울리는 배역으로 영화가 구성된 것 같네요
6,임수정의 연기가 넘 뛰어났어여....
10,공포영화도 이렇게 감동스러울수가 있구나~
9,주인공 중에서도 몇몇 배우 중심으로만 나오는것 같지만 재미있습니다.
8,그냥...재미있어요^-^
7,기대 엄청했는데 배경만 이쁘더만...-ㅁ-
8,`쟝르 영화`로서는 내가 본 한국 영화중 최고다! DVD도 사랑스럽다.
8,"슬픔이 주는 미감..음악과 색감, 두 자매를 통해 느껴보시길."
10,염정아의 소름끼치는 연기와 상상할 수 없는 반전의 조화가 일품!
2,염정아의 연기가 눈엣가시같기만 한 영화
10,장화홍련..소름끼치는공포영화지만반전을통해슬픔도안겨준 영화.
7,"아름다운 소품, 풍경, 아득한 배경음악. 조금은 난해한 시나리오가 아쉽다"
10,소름 끼쳐요!
10,정말 정말.. =ㅂ=;; 재밌었어요 !!! 조금 슬펐어요
10,장화홍련 무섭지만 또 봤으면~~~
8,영상이 멋있게 나온것 같아여...색감과 디자인 또한 외국에서 만든것처럼
8,보여주는 공포보다 상상하게 하는 공포물의 매력이 넘쳐요
7,포스터가 참 잘만들어진 영화입니다.. 내용은.. 끝이 허무한거 같아요..
8,화면이 아닌 소리의 공포! 수미와 새엄마의 살떨리는 갈등!
7,"아름다운 영상에 감탄, 뻔한 반전의 아쉬움."
8,"한국의 다른 영화들과는 달리, 생각하면할수록 무서움을 느낄수 있는 영화."
10,영상이나 집의 구조..가구 위치..불빛위치등..소름끼칠정도...
7,영상의 색채와 구성이 아주 좋았다. 이렇게 무섭게 본 영화도 드물었다
7,"충격에 의한 혼자만의,자기 자신만의 `공포`..."
10,힘들었다..잔인한장면도아니었는데..엄마를잃은 아기의 울음같은..영화였다.
1,"영상과, 사운드는 나름대로 공포였으나 너무 그 둘에만 믿은듯한 영화."
8,장화홍련 두번 봤습니다. 다시봐도 무섭고 놀라운 스토리!!!
10,오랜만에 제대로 만든 공포영화였다. 특히 검은긴머리 귀신의 압박이 압권!
7,"예민하면 깨지기가 쉽다... , 순간이 중요하다고 영화는 말한다."
1,무슨 내용인지 모르겠어요..  돈만 날린것 같아요..
2,그렇게 재밌지는 않더군요;;염정아 연기 잘 하더군-_-
7,섬찟한 독특한 구성의 공포영화는 아니었다. 소문과는 달리 그냥 공포영화
9,
10,
10,
10,"나름 공포고어물영화매니아, 잘본다고 생각한 나지만(옛날 여고괴담시리즈물,기담,분홍신,알포인트,그로테스크 등 최근엔 곤지암까지) 18...새벽 1시에 보다가 처음 문희준락 여자귀신 나올 때 깜짝 놀랬네 물마시다가 잔 ..."
10,이 영화는 공포물이기 전에 세련된 영상미와 아름다운음악과 탄탄한 스토리 텔링을 환상적으로 역어낸 최고의 영화! 내가 본 한국 영화중 이토록 아름답고 슬픈영화는 없었다. 세월이 흘러도 잊혀지지 않는 아름다운영상과 음악...
10,여운이 많이 남는 영화. 공포영화 안보는데 이건 또 보고싶음. 스토리도 좋은데 연출도 좋고 영상미 너무 좋고 ost도 너무 좋음.
10,이런게 영화지 ㅋzㅋ
10,처음에 보면 잘 이해가 안될수 있어요. 하지만 여러번 보니 왜 그랬는지 알게 되더라고요. 언니인 수미의 죄책감이 만든 슬픈 영화 마지막에 반전인듯 반전이 좀 통쾌합니다.
10,어릴때 봤던 영화고 공포영화 본것중에 꼽으라면 장화홍련 탑에 들어가는 영환데 아직까지 혼자 못보겠음ㅜㅜ 같이보는 사람없음 못볼 영화 근데 촬영한 기법?이나 그 분위기 와 진심 미쳐요 진짜 재밌음 귀신 나오는거 못보는...
10,16년이 지난 지금 또 봐도 잘 만들어진 영화
10,미장센이  공포영화치고 슬프도록 아름다워요지금봐도 좋은 작품..
10,결말을 딱 이해한순간 소름
10,순수 공포물로 이렇게까지 아름답고 쓰리게 여운남는 영화는 앞으로도 없을 것 같다... 개봉 당시에 본 영화티켓값이 영화의 가치에 비하면 눈꼽만치도 안될듯...
10,공포는 거들뿐 아름답고 슬픈영화.
10,"김지운은 장화홍련이다. 그날 다시 보고, 지금 여기와 쓴다. 임수정은 여기서 끝났다. 최고였으니까."
10,내인생의최고작품입니다
8,"수미가 이상한 줄 알았는데 아빠랑 새엄마가 대단히 미친년,놈들이었네 수미는 지극히 정상이라 너무 슬프다... 처음 봤을때는 지루하고 재미없었는데 알고 또 보니 수미와 수현이 엄마가 너무나 안타깝다... 왜 정작 죽어..."
7,너무기대가 컷다그냥그렇터만
10,국내 뿐아니라 세계적으로 내가 본 중 최고의 우아한 공포영화
7,여운을 많이 남겼던 영화입니다. 연출도 좋았고 배우들의 연기도 너무 좋았습니다. 다만 주관적으로 많이 무섭진 않아서 공포적인요소는 약했던 것 같아요
9,무섭다기보다는 아프고 슬프다.
6,글쎄.. 신선한 영화라는 느낌은 받았으나 약간 지루함을 느꼈다.
10,"임수정, 문근영..다시는 없을 환상적인 조합"
10,우리나라 공포영화중 진짜 수작인데 평점이 너무낮다 ㅡ 배경하며 노래하며 색감까지 완벽 ..
7,"죽음과 애매모호한 주체, 그리고 죄책감"
10,김지운감독은 밀정도 그렇고 묘한 연출을 잘 하는 것 같음.
10,그 제목은 '걸작' 이라는 단어를 대신해도 전혀 손색이 없다.
8,친구들과 함께 극장에서 봤을 때 아직도 그 공포를 잊지 못한다 특히!! 침대위에 귀신은 정말 오금이 저릴 정도였다 헌데!! 2점을 깎는 이유는? 추격자가 비교도 안되게 더 무서워서 ㅋㅋㅋ
7,정말 뛰어난 한국 공포영화라고 생각합니다. 그리고 임수정 문근영 두 여배우들은 진짜 친자매같아요..
6,이게 왜 12세 이상관람가인지 모르겠어요 근데 이거 뒷부분 감동적인가
10,마지막 장면... 정말 눈물 많이 쏟았다....정말 눈물났다.. 염정아랑 임수정의 갈등에서 비롯된 비극들..
8,몇년이 지난 지금도..
10,공포영환데 너무 슬프다
10,"가장 예술적인 공포 영화, 단 예전 작품이라 그런지 귀신 나오는 패턴등이 예상가능함.(당시로선 참신했었겠지...)"
9,"이병우 작곡가의 곡들이 담긴 영화를 볼 때마다 느끼지만,이렇게 공포영화 음악을 아름답고 절묘하게 만드는 작곡가는 잘 없는 것 같다.한국 공포영화의 특징은 배경과 어우러지는 음악적 요소인데,이 작곡가가 어떻게 보면 그..."
10,영상미 스토리....
10,여태까지 내가 봤던 공포물 중  제일 수준있는 영화다.
10,"이영화의 모든걸 이해했을때, 당신의 팔엔 닭살이 돋아있을것."
8,"반전은 반칙이지만, 당시에는 소녀였던 주인공들의 풋풋함이 매력적이었고, 귀신 나오는 장면은 정말 무섭게 잘 만들었다."
10,우리나라 최고의 공포영화라는 수식어가 아깝지 않다
10,반전에반전에반전에반전을거듭함...마지막장면 슬프면서도 소름돋았음...ㅠㅠ염정아 연기도좋았음
8,진짜 음침하면서도 무서움을 느낄수 있는 공포영화의 수작
9,피치못하게 사도세자가 된 문근영씨를 기리며..9점
10,더웹툰다음으로 재미잇엇던
6,답답하고 지루함. 두번 이상 보면 잼있을려나...
7,생각보다 괜찮으나 한국영화의 한계
7,"조금 더 다듬었더라면 수작이될거같았는데, 전체적인 분위기메이킹은 돋보임.중후반부 쓸데없이 사족이 길다."
2,왜 나는 10분만에 반전이 예측됐는지
2,"긴장감,공포감 전혀없었다.임팩트제로.. 남는건 그냥 스토리만.."
3,평점에 속아서 봤다 젠장;; 이게 뭐가 재밌다는건지? 시간만 길고
4,머 잘만든 영화인지는 몰라도 지루한건 어쩔건데 ㅜㅜ;;
6,공포도 스릴도 모두 약하다 내용은 산만하고 포장만 하려한것 같다
5,"음악과 임수정의 연기만 훌륭,치밀하지 못한 각본,연출력의 부족"
6,두고두고 미뤘다 봐서 그런지 배신감이 크다...분위기만 굿
3,지루하고 엉성하기 짝이없다. 임수정의 발견은 그나마 다행이다.
1,이 영화 디아더스 베꼈다...즤믜랄..식스센스->디아더스->장화홍련
10,인생영화입니다연출 미술부분 음향과 배우들까지 완벽하고 몇번슬보아도 신선한공포 아름답고슬프고 충격적인영홥니다
10,공포영화의 명작 장화홍련
10,왜 이제봣을까싶음 백점
10,슬프고 안타까움..봐도봐도 질리지 않는 짜임새.헐리우드에 식스센스가 있다면 한국엔 장화 홍련이 있드아! 침대귀신...내인생 최고로 무섭..한달동안 화장실도 못감
10,반전이 정말 최고다 너무 재미있다
10,영화관 아닌이상 이 공포와 색감 치밀함을 모두 볼수 없습니다. 다운받아 본것으로 평하지 마세요. 진짜 수작입니다.
6,흥미위주의 공포물을 찾는분껜 무조건 비추.  해석을 봐야  뜻을 이해하는 부류의 영화입니다. 보시는 분들은 참조하시길. 해석좋아하시는 분들껜 강추. 재미를 찾으시는분껜 비추입니다. 재미는 보통입니다.
10,ㅋㅋㅋ
1,솔직히 사람들이 이영화 왜 자꾸 띄워주는지 모르겠다.알고보면졸작인데
5,"반전에 반전,너무 이야기를 꼬아놨어..임수정은 최고"
9,"리메이커버전이 나왔으면 하네요. 뭔가 갑갑하고 좁은 느낌이 나네요. 화질도 과거필름이라 많이 떨어지고요. 스토리 좋고 연기좋고, 분위가 음침해서 좋고, 배경음악도 좋고, 한데요, 필름화질이 구리고, 좀덜 넓은 장소를..."
10,"장화,홍련의 ost는 예술이다"
10,기담과 장화홍련 한국공포영화의 양대신맥
8,"[가장 현실적인 평점] 1~3점:쓰레기 / 4~5점:살면서 모르고 살아도 무방 / 6점:뭔가 나사빠진듯 2% 부족 / 7점:그런데로 평타 / 8점:이정도면 남에게 추천가능한 수작 / 9점:소름, 전율이 느껴지는걸작 ..."
10,완벽히 아름다운 공포영화
7,특히나 OST가 좋다.
10,"개인적으로 손에 꼽는 한국영화 명작. 스토리, 음악, 연기, 연출 모두 좋다. 어렸을 때 보고도 여운이 많이 남았던 작품이다. 근데 요즘엔 국내에서 이 영화를 제공하는 플랫폼 찾기가 너무 어렵다"
10,
7,잘모르겠는데.... 염정아님이 연기를 너무 너어어어무 잘함
10,임수정 문근영 사랑합니다 ㅠㅠ
10,그냥무섭지안고깜짝놀람
9,마스터피스
8,영상미랑 연출 때문에 또 보고 싶은데혼자서는 도저히 못보겠다..
10,fdsfdffddffd
10,"유튜브에서 우연히 ost를 듣고 영화를 찾아보게 되었습니다. 공포 영화를 잘 못 보다 보니 영화를 감상하기 힘들었지만, 영화의 엔딩을 통해서 그 모든 힘듦을 보상받은 거 같습니다. 그리고 염정아 배우님이 너무 예뻐서..."
10,최고의 한국 공포영화~ 말이 필요없다
9,염정아는 한국의 케이트블란쳇같음.
10,소름돋는 스토리와 무섭기보다는 슬픈 영화.마지막 장면에서 여운이 많이 남는 영화.
7,미장센이 무엇인가 물어보는 이들에게
10,영화는 재미있다 하지만 팩트는 진짜 나쁜 여자는 임수정이다 자기때문에 결국 다 죽은셈 자긴 정신병원 가고
6,염정아씨 연기가 엄청 좋더라구요.. 생각했던 공포는 아니지만 많은 생각을 하게해주는 영화였습니다
8,8점 후반대까지는 아니지만 괜찮은영화.
10,인생 최고이 명작.한국공포영화로는 따라올 작품이 없을듯하다.
9,"12년 5개월 전 극장에서 감상 후 재감상. 지금 봐도 역시 수작이로군. 12년 5개월이 지난 지금 한마디 감상평을 덧붙이자면, 어른으로서 더 성숙한 행동을 했다면, 그런 일들은 벌어지지 않았을 것이다."
10,다시보면 볼수록 정말 엄청난 영화다
10,"진짜 스타일리쉬한 고급 공포영화~연출력은 물론이고 신들린 염정아연기, 임수정연기 진짜 벽지까지 미술작업도 끝내주는 영화!!!"
8,무섭다기보다는 아름다운 영화 하지만 난 잔인한 건 봐도 귀신은 정말 싫어해서 결국 제대로 보지도 못했다
6,미장센과 공포의 적절한 조화
10,해애액바아아안저어언
10,.... 몇번째 보고 있는지 모르겠다 ...
10,개봉할때 봤는데도 아직 선명하게 기억나는 영화 ! 무섭기도하지만 가슴 한켠이 많이 시린 영화입니다 ~
7,확실히 기존의 공포영화와는 다른 색다른 긴장감과 여운이있다
10,이 영화가 8.69밖에 안된다는 것이 이해가 안오네요. 두번 생각하게 하는 영화... 멋집니다.
10,진짜이건..한국공포영화계의 최고인듯
6,반전 이후 긴장감도 떨어지고 그다지 무섭지 않았음.
7,이게 공포야? 드라마야?
2,후반까지 가는데 지루하고 이 영화를 봤을 시에는 그 반전 소재가 흔한 소재가 되어버려서 놀랍지 않았다.
8,"수미와새엄마,둘만이 비밀을 알고 있는 것으로 이야기는 마무리된다. 장롱의 갇힌 수연이도와달라는 장면에서 현대가족의 소통의부재와고통에대해생각해봤다."
5,한마디로 임수정이 OOO였던건가요?
7,재미없다
7,"중간부터 봤는데 몬소린지 하나도 모르겠다..느낌은 별로,,."
1,극장에서괸히돈주고봄영화그때주온볼껄.;
1,문근영은 좋지만 영화는 쓰레기
1,...한국공포영화의 한계
1,공포는.. 무서워야 공포다. 공포란 뜻을 이해하지 못하고 있다.
1,돈을 벌기 위해 충혈된 핏기 가득한 눈은 이 영화가 주는 유일한 공포다
10,공포영화의 수작.ㅡㅡㅡ
9,엄청나게 긴장돼고 공포스럽다. 잘만들었다.  근데 ...좀내용이 조금 복잡하다..
5,어떻게 이 영화가 12세일까?
10,임수정 핵존예에 스토리 영상미 카메라기법등 내인생 공포영화원탑
10,씽크대 귀신 보고 오금이 지렸던 기억이 생생하다... 왠만하면 속으로 놀래고 말지만 너무 놀래서 나도 모르게 소리질름..
10,아름다우면서도 잔잔한 슬픈 공포..
10,인간의 바닥을 드러내게 만드는 죄의식
9,"한국 공포영화의 최정점에 올라있는 작품. 미술이나 음악은 말할 것도 없이 황홀했으며, 배우들의 연기력은 가히 최상급의 수식어를 붙여도 모자라다. 라스트신은 대한민국 영화에 오래도록 길이 남을 만한 엔딩. 임수정의 모..."
10,레전드 오브 레전드 명화
10,2018 년에도 뒤쳐지지않는 스토리라죠... 캐스팅도 너무 잘햇고 이번년도에도 생각나서 보러왓는데 역시 반전...볼수록 소름돋고 무서움..
10,임수정이 고개를 돌리는 장면은 14년이 지난 지금도 생각난다.
10,김지운감독은공포영화도아름답게만든다..
10,"개인적인 취향으로 전 세계적으로도 공포 영화중에서는 가장 수작이라고 생각하는 작품. 엔틱, 빈티지 소품들과 조화로운 색감. 환상의 캐스팅과 연기. 진부하지 않은 소재와 전개. 거기에 벅차오르는 OST 까지. 공포로도..."
10,대사를 달달 외울정도로 봄
10,소름끼치는 슬픔을 형언 할 수 없다.
9,임수정도 연기 잘하는구만 여자들 괜히 임수정 저때 어리고 이쁘니깐 연기 잘해도 암말 없네 나이많은 염정아만 빨아대고 ㅋ
10,슬프다..애잔하니 가슴에 남는다
9,아련한.. 공포영화....
1,ㅡㅡ 글쎄.
1,어설프고 허접한 영화.재밌지도않고 무섭지도않고.외국공포물 어설프게 따라한거티남
1,역시 한국영화는 쓰레기임을 증명한 졸작
1,"이게 무섭나!? 보는내내 졸리고, 결말까지 허무하니 승질이 확-_-"
1,열라재미없다 ㅡ
10,잊혀지지 않는다 공포영화중엔 탑
6,"2003년, 초등학생이었던 내가 어떠한 경유로 극장에서 이 영화를 봤는지 전혀 기억이 안 나지만, 염정아의 무서운 연기는 아직도 생생하다. 성인이 되어 다시 본 지금, 미장센을 적절하게 활용한 수작이라는 평가에 고개..."
10,곤지암을 장화홍련에 들이민다고?기가막힌다 진짜..뭐 상대가 되나
10,최고라고밖에 할말이 없다
5,영화 내용이 너무 어렵다...우리 나라  공포 영화 중에 가장 성공한게 신기할 정도. 공포 영화를 보는데 이렇게까지 긴 리뷰를 읽어야만 이해할 수 있는 작품은 그닥이다.
5,좋아하는 배우들 다 나오지만 영화 너무 개판인듯 ㅠ.ㅠ
1,솔직히 별로였습니다 ....
10,정말 최고네요요즘은 왜 여자가 중심인 영화가 안나오는건지ㅠㅠ
1,20OOO 시점에서 현대 영화보다 영상미는 이뻤지만 전체적으로 이해가 되지 않는다. 해설을 보니까 스토리의 참신함과 감독의 뜻을 이해할 수 있었는데 영화만 보면 전혀 이해되지 않는다. 다중인격이라고 예상은 할 수 있...
1,평점믿고 봤는데 무섭지도 않고 빨리 끄고싶었음
10,
10,내 인생 최고의 영화 구성 ost 뭐하나 빠지는게 없다. 아름다우면서 슬픈 공포영화
10,2003년은 한국 영화 르네상스 해
10,퍄.. 한국공포영화중 볼만하다는 알포인트 기담 불신지옥 다봤지만 장화홍련은 못넘는다..  영상미 스토리 반전 심지어 최고의ost까지..
10,"스토리도 훌륭, 연출도 휼륭함 정말 감성적인 공포영화.. 근데 조온나 무서움^^..."
10,"다시 봐도 명작,,, 전체적인 영화의 메세지를 보고 다시 보니 더 큰 감동이네요,,,"
9,내 인생 영화 ost 를 창조했고 영화 미쟝센이 진짜....말이 필요없다
10,"정말, 정말 멋진 영화다.스토리, 배우, 몰입감, 연기 모두 조화롭고영화의 공간과 색감, 아주 훌륭하고 연출도 뛰어나다. 결말의 노래는 영화를 꿰뚫고 영화를 다시 볼 때 김갑수와 수미의 대화가 중의적이었다는 사실은 ..."
10,말이 필요없다. 한국 공포영화중에서 유일하게 인정하는  영화 지금봐도 새로울 정도. 문근영 팬이라면 봐도봐도 좋다. 정말 잘 만든 대표적인 공포물이다.
10,고1때본영화진짜마지막에 임수정이 집밖을 나서면서나오는 돌이킬수없는걸음 나올때 먼가짠햇다14년이지나도  생각나는영화
10,이건 공포영화라고 하기엔 모든게 슬프고 아름답다.돌이킬 수 없는 걸음을 다시 돌이켜서 수연이를 구해주고 싶다. 슬프다
10,내 인생공포작 최고 고전
3,비슷한 영화를 많이 봤다면..
10,무섭진않지만 여운이 많이남고 역대급 영화에든다!
8,관객들 우롱합니까? 그리고 이사좀 갑시다.
6,배보다 배꼽이 더 큰 영화
1,뻥튀기 더럽게 심하네 ㅡㅡ 별로인데
1,슬프긴 허무하고 재미없는영화..평점왜이래? 알바생뛰나?
1,왔노라! 보았노라! 깎았노라!
1,너무나 지루하고 따분하고 화나는 작품. 어설프게 예술영화흉내
1,40자밖에 쓸 수 없다는 것이 아쉬울정도로 화나는 작품
1,한마디로 OOO
1,화면빨은 좋은데 전혀 안무섭다
1,이거보고 느낀게있다면 스크린쿼터에대해 200%찬성
1,"재미없다. 진짜 후회되네ㅡ,.ㅡ"
1,사실 무슨 말인지 모르겠습니다 ㅠ_ㅠ
1,무슨 내용인지 모르겠고 암툰 좀 지루했음-_-
1,2003년은 히스테리가 대세다.화려한 색감만으로 현혹시키려할뿐
1,이게 무슨 공포영화야 참 멜로영화아녀?
10,기담이랑 장화홍련은 걸작인 듯...근데 기담도 너무 아름답고 슬픈데 아직도 반도 제대로 못봤다는 너무 무서워서 조금씩 보다가 포기..그에 반해 장화홍련은 적당히 꽤 무섭고 재미있고 아름다움
10,나중에는 내가 뭘 무서워했는지 모르겠고 첨부터 끝까지 계속 무서워요ㅠ 스토리 연출기법 배우들 연기 음악 모두 만점입니다 끝까지 소름끼침.. 폰트만 빼고 세련되고 우아한 공포영화입니다 최근 한국 공포영화 까지 합해서 ...
6,"소름돋는 연출력이지만, 아쉬운 부분들이 너무 많다.."
10,"이건...최고다.고등학생때 보고 지금 애낳고 30대가 되어서 다시봐도흠잡을 곳 없는 내인생 최고의 한국 공포영화.눈으로 하염없이 아름답고,마음은 가슴깊이 슬프고,귀로는 온갖 음악이 가득 울리고.촉감은 차갑고 날카로우..."
6,그냥 그럽니다. 반전이 있는데 그렇게 크게 와닿진 않음.
9,한국 공포영화 중 단연 최고
2,어릴때 봤는데  그때도 안무서웠음 mc몽 노래중에 이런 분장하며 부르는 노래 있었는데 거기 패러디보고 아 이영화인가 했었음.. 그리고 무현이 뭐냐 무현이...
1,여자애들이랑 보러갔었는데 여자애들비명소리가 더무서웠음
10,반전도반전인데 분위기가 은근무섭네
9,"[결국 학대받은건 사실일지라도 직접 죽인건 아니니까 모든게 오해에서 비롯된 거네.그래도 새엄마의 잘못도 크다.반전도 쩔음.큰딸 정신병일꺼라고는 상상도 못했으니,또 하나의 반전은?]"
1,사람들 낚을려고 평점많이준건가..
7,왜 결론을 누나의 정신착란 + 귀신으로 했을까.. 링이나 주온이 유행해서 그랬나 -0-;; 오히려 누나의 정신착란 + 새엄마의 정신착란이 좀 더 설득력 있다고 보여지는데... 정신착란 비중에 비해 귀신은 그냥 손만 ...
1,내취향은 아님
1,하??-_-;대체 어떻게 보면 이영화가 수작이란 말이 나올수 있는건가요?좀 알려주세요
2,전혀 무섭지 않음. 배댓이 공포영화 못 보는데 유일하게 본 거라고 했을 때 알아봤어야 하는데... 영상미는 나쁘지 않으나 요즘 기준으로 보면 그럭저럭임. 좀 우울해 보이는 여자애들이 나옴. 반전 하나만 볼만함.
9,김지운에 대하여 확신하게 된 영화들 중 하나.
2,여주가좀답답해 도망갔으면 그냥가야지 왜와
10,결혼해서 아이가 중학생이 되어 명작으로 소개하면서 같이 봤는데 역시 명작.
7,수없이 많은 공포영화를 보았지만 뛰어난 공포 영화는 아닌 것 같다.
3,어렸을 때 무서웠었지...
10,평생잊지못할 최고의 인생영화
7,"전반적으로 허술한듯한 느낌의 스토리와 밋밋한 연출이었다. 살짝 지루한 느낌이 컸고, 공포영화인데 딱히 공포스러운 느낌도 없었다. 다만 음악이 아름다웠고, 염정아랑 문근영이 너무 예뻐서 점수를 살짝 높게 준다. 평점에..."
6,김갑수 때문에 문근영이 죽었다
6,배우들 연기는 좋은데 영화 흐름이 부드럽지 못한 것 같다. 공포라기보단 스릴러에 가깝다.
6,긴장감과 속도감은 미국리메이크보다 못하지만 귀신나오는 부분만은 괜찮음...그게 다인듯
1,한국영화치곤 괜찮지만.평균이 너무 높아서 1점준다
1,문구녕 재수없다규!!
2,지금와서 보자니 웃기지도않는 하품나오는 이야기.  그놈의 정신병... 그놈의 환상...
3,노잼2시간 잠이나 잘걸
6,별로던데.. 평점이높네ㄷㄷ
1,"이거,어떻게봐요?"
1,되도 않한 한국영화
6,솔직히 염정아 임수정 연기력 때문에 끝까지 봤다.. 정말 보는내내 지루함
7,한남충 애비 하나가 몇사람 인생 망치는거냐 어이가 없네
2,극장에서 봤었는데 재미도 없고 무섭지도 않았고...
10,한국 공포스릴러영화중 원탑에 꽃히는영화 아직까지 이영화를 뛰어넘는 영화는 없었다 이영화 처음봤을때로 돌아가고싶네 그때는 확인강박장애없엇는데
6,장화홍련 재방 해줬나 왜 실검에 떠.. 훤헌 아침인데도 무섭네ㅅㅂ
3,모든 역량을 시각적 요소에 집중한 미장센 특화형 잔혹동화
6,배우들의 연기는 훌륭한데 허리우드판보다 스토리가 어설프고 긴장감이 없음
1,OOO~
8,다시보니 귀신 전혀 안무서워
10,영화  다시보니  스토리 최고  죄의식에서  비롯된  상상 속 의  1인2역 과 그 스토리 라인  연기력  ..정말 대박
1,개노잼입니다 절대모지마세요
1,재미 없다
1,재미없는데? 수업이라 어쩔수 없이 봤다 ㅋㅋㅋㅋ
4,염정화 연기만 볼만했고기대보다 실망
4,지루했ㄷ닌영화...
6,한번봐서는 사람들이 대단한 영화라고 말하는 것에 공감이 안되지만... 또다시 보고 싶은 영화는 또 아님ㅋㅋㅋ
1,설마 했던 그 뻔한 결말을 위해 소비했던 잉여의 러닝타임
1,럴수럴수이럴수! 장화홍렬
1,진짜 화난다. 단추만 잔뜩 있고 실과 바늘이 없는 영화;;; 어이가 없네. 느리게 움직이면서 숨소리만 잔뜩 내다가 깜짝 놀래키면 다 공포영화냐. 개연성도 없고 의미도 없고. 어떤 아빠가 엄마랑 딸 있는데 썸녀를 집에...
2,내가 가장 혐오하는 장르인 정신병자의 이야기. 이게 어떻게 한국영화역사상 손에 꼽히는지
1,보면서 욕밖에 안나왔다 거지같이 만들었네 그냥
1,"촤악의 영화, 미친년 머릿 속 들여보느라 2시간을 낭비하다니...."
1,ㅡㅡㅎ이영화 진짜 이 평점은 아닌듯 진짜 말도안됨
6,수연이 장농에 깔려 죽는걸 방관하는 계모의 잔인성~~~~ 무섭따~~~
7,"긴장감, 영상미, 소품은 훌륭했으나... 스토리는 잘 이해가 안돼서 해석을 봐야 하겠네요."
10,인랑도 15년후에 다시보면 명작일까...
6,사실 반전이라고 하는 부분도 공포/추리 매니아들에게는 너무 뻔하고 스토리 자체도 무난하다. 반전보다도 메시지에 힘을 많이 준것 같은데. 메시지도 별로...
1,개연성없는 스토리. 흐지부지한 이야기 진행되다만듯한 뚜렸하지 못한 엔딩.
1,정신병 하나 가지고 2시간을 질질 끈다. 어쩌라고?
5,영화가 전체적으로 루즈하다.  기담이 역시 잘만든 수작이다.
1,오늘좀 맞자
2,웃기다. 유쾌합니다 가족영화로 추천
5,여권이 이렇게 낮을수가.
6,그땐 몰랐지만 이제와서 보면 식스센스 표절. 모티브라고 하기엔 결망리 90%을 차지하는 영황에서 결말이 같음.
2,"노잼 완벽한 노잼. 분위기, 스토리, 깝툭튀 포함 전멸. 근데 연기가 훌륭"
4,평점이 하도 높아서 무서운 공포 영화를 기대하고 봤는데...하...무섭긴 개뿔 그냥 안타까운 새드 스토리공포 영화 모름????이거 왜 평점이 이리 높아시간 아깝다
2,별로. 너무 영화를 꼬았다
1,걍 재미없었던 영화..
10,관객수 25명 내가 중학교때 본사람만 25명이 넘는데 네이버 새끼들은 좀 알아보고 정확한 정보를 기입해라 도대체가 월급 받고 하는 일이 뭔지..ㅉㅉ
1,왜 이리 점수가 좋지?  어제 다운 받아 봤는데 줄거리가 뭐가 뭔지 알수도 없구 무섭지도 않구 드럽게 재미 없던데~
1,즐
1,이게어딜봐서 공포영화냐 잼씀?이게? 문근영안나왔으면모니터부셨다
4,난 지루한데 평점이 높넹ㅎ
1,영화는 좋으나 장르 잘못선택
1,졸면서 봤다 왜이리 평정이 높은겨  내용도 별거 없고 아오 감수성 영화냐 이거
1,한국 영화사에 길이남을 마지막씬
3,기는 영화 위에 승천하는 음악
1,그 당시에 영화관에서 볼 때도 돈 아까움
4,내가 30대초중반인데.... 이걸 나온당시가 고딩때인데..조금이라도 어렸을때 보았어야 했나..내 감정이 매말랐나...흠...개코도 재미없고 개코도 안무섭네;;;뭐 사람마다 생각하고 사는게 다르니..암튼 내생각은 그래...
4,기대 잔뜩했으나..촌스럽고 올드하내
1,bhjghjfgjk
1,진짜 재미없고 지루했음
2,뭘자꾸 아름답고 우아하다는거야
1,존나 지루하다. 이건 팩트다. 존나 지루하다.
1,아 영화보니깐 개빡치네 결말도 별거 없는데 일부러 영화를 개 꼬아서 만듬ㅋㅋ 수미=수연=새엄마 라는게 말이됨? 그리고 처음부터 끝까지 슬로우 개빡치네 진짜 공포감 조성한다고 그런거깉은데 보는입장에서 엄청 답답하고 무...
6,임수정의 미모가 없었다면 훨씬 낮은 평가를 받았을 것.
6,아..영화가 잘 이해가 안되서 재미가 반감되었다. 결국 수미가 혼자 벌인 일이라는거지?? 내가 제대로 이해했다면.
2,노잼 시간 날렸다ㅡㅡ..
1,킬링타임용!
1,와~ 사람들의 생각은 다를수 있다는걸 알고는 있었지만 나는 이 영화를 20대중반인 지금 2017년에 봤고 답답하고 분위기 우중충하고 짜증나서 보기 힘들었는데 사람들은 좋게 평가하는구나 와 대박 진짜 영상미는 예뻤을 ...
1,한국은 스릴러만 괜찮고 공포나 액션 영화는 저기 인도네시아급임
1,시끄럽기나 하고 스토리는 막되먹고 뭡니까
6,문근영은 처음 부터 죽은  귀신이다
1,핵노잼 레알레알레알 에휴 쯧
1,노잼.. 기억에 안남는다 그냥 마지막 반전만 생각남
1,솔직히 앞부분이 너무 루즈해서 같이보던 친구도 잠들정도였어요.. 그래도 뭔가 무서운게 있겠지 하고 봤는데 귀신 한번 튀어나오는데 거의 5분은 투자하는것같고 무섭지도않고 그냥 결국엔 마지막 반전밖에 기억이안남
1,nnmmmnmmmnnmmn
1,"공포, 스릴러 ? 이게? 허ㅋㅋㅋ"
2,ㅗ개노잼 이거볼바에짱구봄
6,"리즈 시절의 문근영, 임수정을 오징어 만들어 버리는 염정아의 매력...그리고 영화 전반을 지배하는 이 영화만의 특유한 분위기. 이 두 가지 말고는 별 거 없는 영화. 확실히 거품이 잔뜩 낀 영화."
1,나이먹고봐서 그런가 이게 뭐가 무서운지 전혀 모르겠다. 2003년도에는 이 정도가 최고였나보다
4,인셉션보다 더 어려운 작품이네요이해하기가 힘들어요 시작부 부터 몰입도안되고 2시간동안 ????가득한생각만가진채 힘들게봤네요 영상미.연기.OST좋은건맞네요
1,"3류수준ㅋㅋ 등장인물 성격이 죄다 이상. 무능하고 가정에 관심없는 애비. 땍땍 거리기만 하는 새엄마. 매사에 신경질 부리는 언니. 말수만 적지, 움직일때마다 문제 일으키는 문제아 동생. 싱크대 귀신은 왜 넣은거냐? ..."
6,"전체적인 미장센과 함께 염정아의 첫 등장신, 마지막에 임수정이 집을 나가는 장면은 기억에 남는 명장면. 하지만 영화의 전개 방식 자체는 지루했다"
2,분위기만 음침하고 스토리는 별로 없네요. 등장인물도 몇 안되고.. 왜 평점이 높은지 모르겠어요.
2,이런영화 너무 싫어요. 머리에 쥐나는 영화. 여주들이 연기는 짱.
2,최악입니다. 이런 영화는 사라져야함 평점 알바가 많군요ㅡㅡ;;;
1,감독님이 10년이 지난 지금 뭐 하고 계실지 궁금해 지는 영화!
1,"겉멋만 잔뜩 든, 내용 이해도 잘 안가는 헛소리 영화"
1,안무서움 첫씬때메 반전예측하기도 쉬움 40분까지 너무 지루함 평점왤케높냐
1,다시는 국산 스릴러를 극장에서 안보게 만들어준 영화.딱 10대 소녀 들이 꺅꺅 거리면서 보고 재미있었다고 할 수준.
1,개잣가튼 영화 꼬아도 정도껏 꼬아야지 덜 떨어진 대다수의 인간들은 평점을 높게주며 나 이런사람이야 하면서 자위해대겠네
